{
  "type": "FeatureCollection",
  "features": [
    {
      "type": "Feature",
      "id": 1,
      "geometry": {
        "type": "Point",
        "coordinates": [-84.52169351625227, 39.067612382937455]
      },
      "properties": {
        "OBJECTID": 1,
        "Receiver": "M-30",
        "DU": null,
        "FrontRow": null,
        "Existing": 66.9000015,
        "Proposed": 68.4000015,
        "Impact": "Yes",
        "Barrier": null,
        "Benefited": null,
        "ELEVATION": null,
        "Section": "B23",
        "Reduction": null,
        "x": 4278797.3080000002,
        "y": 5270044.1569999997,
        "MapSection": null,
        "Latitude": 39.067604879999998,
        "Longitude": -84.521688929999996
      }
    },
    {
      "type": "Feature",
      "id": 2,
      "geometry": {
        "type": "Point",
        "coordinates": [-84.522450069324137, 39.065359016355437]
      },
      "properties": {
        "OBJECTID": 2,
        "Receiver": "M-31",
        "DU": null,
        "FrontRow": null,
        "Existing": 70,
        "Proposed": 69.6999969,
        "Impact": "Yes",
        "Barrier": null,
        "Benefited": null,
        "ELEVATION": null,
        "Section": "B23",
        "Reduction": null,
        "x": 4277973.7149999999,
        "y": 5269840.1339999996,
        "MapSection": null,
        "Latitude": 39.065351509999999,
        "Longitude": -84.522445480000002
      }
    },
    {
      "type": "Feature",
      "id": 3,
      "geometry": {
        "type": "Point",
        "coordinates": [-84.527146361221753, 39.061821127397756]
      },
      "properties": {
        "OBJECTID": 3,
        "Receiver": "M-35",
        "DU": null,
        "FrontRow": null,
        "Existing": 70.8000031,
        "Proposed": 75.4000015,
        "Impact": "Yes",
        "Barrier": 69.1999969,
        "Benefited": "Yes",
        "ELEVATION": null,
        "Section": "B23",
        "Reduction": 6.2000045776367188,
        "x": 4276667.5669999998,
        "y": 5268523.4859999996,
        "MapSection": "B23",
        "Latitude": 39.061813620000002,
        "Longitude": -84.527141779999994
      }
    },
    {
      "type": "Feature",
      "id": 4,
      "geometry": {
        "type": "Point",
        "coordinates": [-84.53231538025733, 39.061657097171476]
      },
      "properties": {
        "OBJECTID": 4,
        "Receiver": "M-36",
        "DU": null,
        "FrontRow": null,
        "Existing": 70.8000031,
        "Proposed": 63.0999985,
        "Impact": "No",
        "Barrier": 61.7000008,
        "Benefited": "No",
        "ELEVATION": null,
        "Section": "B23",
        "Reduction": 1.3999977111816406,
        "x": 4276523.551,
        "y": 5267039.318,
        "MapSection": "B23",
        "Latitude": 39.061649590000002,
        "Longitude": -84.532310789999997
      }
    },
    {
      "type": "Feature",
      "id": 5,
      "geometry": {
        "type": "Point",
        "coordinates": [-84.532242600423089, 39.059714920925579]
      },
      "properties": {
        "OBJECTID": 5,
        "Receiver": "M-37",
        "DU": null,
        "FrontRow": null,
        "Existing": 66.4000015,
        "Proposed": 69.3000031,
        "Impact": "Yes",
        "Barrier": 60.5,
        "Benefited": "Yes",
        "ELEVATION": null,
        "Section": "B20",
        "Reduction": 8.8000030517578125,
        "x": 4275881.4790000003,
        "y": 5267086.324,
        "MapSection": "B20",
        "Latitude": 39.059707420000002,
        "Longitude": -84.53223801
      }
    },
    {
      "type": "Feature",
      "id": 6,
      "geometry": {
        "type": "Point",
        "coordinates": [-84.533107395199934, 39.059808833239799]
      },
      "properties": {
        "OBJECTID": 6,
        "Receiver": "M-38",
        "DU": null,
        "FrontRow": null,
        "Existing": 71.9000015,
        "Proposed": 75,
        "Impact": "Yes",
        "Barrier": 62.5999985,
        "Benefited": "Yes",
        "ELEVATION": null,
        "Section": "B20",
        "Reduction": 12.400001525878906,
        "x": 4275912.4819999998,
        "y": 5266840.2960000001,
        "MapSection": "B20",
        "Latitude": 39.059801329999999,
        "Longitude": -84.533102810000003
      }
    },
    {
      "type": "Feature",
      "id": 7,
      "geometry": {
        "type": "Point",
        "coordinates": [-84.537103674330041, 39.056592925006967]
      },
      "properties": {
        "OBJECTID": 7,
        "Receiver": "M-39",
        "DU": null,
        "FrontRow": null,
        "Existing": 71.1999969,
        "Proposed": 70.1999969,
        "Impact": "Yes",
        "Barrier": null,
        "Benefited": null,
        "ELEVATION": null,
        "Section": "B19",
        "Reduction": null,
        "x": 4274726.3480000002,
        "y": 5265720.6699999999,
        "MapSection": null,
        "Latitude": 39.056585419999998,
        "Longitude": -84.537099089999998
      }
    },
    {
      "type": "Feature",
      "id": 8,
      "geometry": {
        "type": "Point",
        "coordinates": [-84.538773141661608, 39.057109561412268]
      },
      "properties": {
        "OBJECTID": 8,
        "Receiver": "M-40",
        "DU": null,
        "FrontRow": null,
        "Existing": 61.9000015,
        "Proposed": 63.2000008,
        "Impact": "No",
        "Barrier": null,
        "Benefited": null,
        "ELEVATION": null,
        "Section": "B19",
        "Reduction": null,
        "x": 4274908.3689999999,
        "y": 5265244.1160000004,
        "MapSection": null,
        "Latitude": 39.057102059999998,
        "Longitude": -84.53876855
      }
    },
    {
      "type": "Feature",
      "id": 9,
      "geometry": {
        "type": "Point",
        "coordinates": [-84.541098497541128, 39.057046579111528]
      },
      "properties": {
        "OBJECTID": 9,
        "Receiver": "M-41",
        "DU": null,
        "FrontRow": null,
        "Existing": 69.9000015,
        "Proposed": 75.8000031,
        "Impact": "Yes",
        "Barrier": 75.3000031,
        "Benefited": "No",
        "ELEVATION": null,
        "Section": "B19",
        "Reduction": 0.5,
        "x": 4274876.8650000002,
        "y": 5264584.0410000002,
        "MapSection": "B19",
        "Latitude": 39.057039080000003,
        "Longitude": -84.541093910000001
      }
    },
    {
      "type": "Feature",
      "id": 10,
      "geometry": {
        "type": "Point",
        "coordinates": [-84.542159860808894, 39.056011160559436]
      },
      "properties": {
        "OBJECTID": 10,
        "Receiver": "M-42",
        "DU": null,
        "FrontRow": null,
        "Existing": 63.9000015,
        "Proposed": 68.9000015,
        "Impact": "Yes",
        "Barrier": 55.7000008,
        "Benefited": "Yes",
        "ELEVATION": null,
        "Section": "B19",
        "Reduction": 13.200000762939453,
        "x": 4274495.8219999997,
        "y": 5264287.5080000004,
        "MapSection": "B19",
        "Latitude": 39.056003660000002,
        "Longitude": -84.542155269999995
      }
    },
    {
      "type": "Feature",
      "id": 11,
      "geometry": {
        "type": "Point",
        "coordinates": [-84.544755708387086, 39.055773737816423]
      },
      "properties": {
        "OBJECTID": 11,
        "Receiver": "M-43",
        "DU": null,
        "FrontRow": null,
        "Existing": 75.6999969,
        "Proposed": 78.6999969,
        "Impact": "Yes",
        "Barrier": null,
        "Benefited": null,
        "ELEVATION": null,
        "Section": "B16",
        "Reduction": null,
        "x": 4274399.8119999999,
        "y": 5263551.4249999998,
        "MapSection": null,
        "Latitude": 39.055766239999997,
        "Longitude": -84.544751120000001
      }
    },
    {
      "type": "Feature",
      "id": 12,
      "geometry": {
        "type": "Point",
        "coordinates": [-84.544188146206395, 39.054746598076171]
      },
      "properties": {
        "OBJECTID": 12,
        "Receiver": "M-44",
        "DU": null,
        "FrontRow": null,
        "Existing": 70.6999969,
        "Proposed": 73.5,
        "Impact": "Yes",
        "Barrier": 63.5,
        "Benefited": "Yes",
        "ELEVATION": null,
        "Section": "B19",
        "Reduction": 10,
        "x": 4274027.7699999996,
        "y": 5263717.443,
        "MapSection": "B19",
        "Latitude": 39.054739099999999,
        "Longitude": -84.544183559999993
      }
    },
    {
      "type": "Feature",
      "id": 13,
      "geometry": {
        "type": "Point",
        "coordinates": [-84.544269962664202, 39.054909420807164]
      },
      "properties": {
        "OBJECTID": 13,
        "Receiver": "M-44a",
        "DU": null,
        "FrontRow": null,
        "Existing": 72.5,
        "Proposed": 74.3000031,
        "Impact": "Yes",
        "Barrier": null,
        "Benefited": null,
        "ELEVATION": null,
        "Section": "B19",
        "Reduction": null,
        "x": 4274086.7759999996,
        "y": 5263693.4409999996,
        "MapSection": null,
        "Latitude": 39.054901919999999,
        "Longitude": -84.544265370000005
      }
    },
    {
      "type": "Feature",
      "id": 14,
      "geometry": {
        "type": "Point",
        "coordinates": [-84.545784034018752, 39.053432344009259]
      },
      "properties": {
        "OBJECTID": 14,
        "Receiver": "M-45",
        "DU": null,
        "FrontRow": null,
        "Existing": 72.3000031,
        "Proposed": 76.5,
        "Impact": "Yes",
        "Barrier": 66.1999969,
        "Benefited": "Yes",
        "ELEVATION": null,
        "Section": "B19",
        "Reduction": 10.300003051757812,
        "x": 4273543.2149999999,
        "y": 5263270.3930000002,
        "MapSection": "B19",
        "Latitude": 39.053424839999998,
        "Longitude": -84.545779440000004
      }
    },
    {
      "type": "Feature",
      "id": 15,
      "geometry": {
        "type": "Point",
        "coordinates": [-84.548153346218697, 39.05304566833712]
      },
      "properties": {
        "OBJECTID": 15,
        "Receiver": "M-46",
        "DU": null,
        "FrontRow": null,
        "Existing": 65,
        "Proposed": 79,
        "Impact": "Yes",
        "Barrier": 64.5999985,
        "Benefited": "Yes",
        "ELEVATION": null,
        "Section": "B16",
        "Reduction": 14.400001525878906,
        "x": 4273393.6979999999,
        "y": 5262599.3169999998,
        "MapSection": "B16B",
        "Latitude": 39.053038170000001,
        "Longitude": -84.548148749999996
      }
    },
    {
      "type": "Feature",
      "id": 16,
      "geometry": {
        "type": "Point",
        "coordinates": [-84.553254348016324, 39.049718122921789]
      },
      "properties": {
        "OBJECTID": 16,
        "Receiver": "M-47",
        "DU": null,
        "FrontRow": null,
        "Existing": 60,
        "Proposed": 63,
        "Impact": "No",
        "Barrier": 58.2000008,
        "Benefited": "No",
        "ELEVATION": null,
        "Section": "B18",
        "Reduction": 4.7999992370605469,
        "x": 4272163.0590000004,
        "y": 5261166.1560000004,
        "MapSection": "B18",
        "Latitude": 39.049710619999999,
        "Longitude": -84.55324976
      }
    },
    {
      "type": "Feature",
      "id": 17,
      "geometry": {
        "type": "Point",
        "coordinates": [-84.554807986011284, 39.052353108354168]
      },
      "properties": {
        "OBJECTID": 17,
        "Receiver": "M-48",
        "DU": null,
        "FrontRow": null,
        "Existing": 60.9000015,
        "Proposed": 63.2000008,
        "Impact": "No",
        "Barrier": 61.2999992,
        "Benefited": "No",
        "ELEVATION": null,
        "Section": "B17",
        "Reduction": 1.9000015258789062,
        "x": 4273117.1670000004,
        "y": 5260712.6040000003,
        "MapSection": "B17A",
        "Latitude": 39.052345610000003,
        "Longitude": -84.554803390000004
      }
    },
    {
      "type": "Feature",
      "id": 18,
      "geometry": {
        "type": "Point",
        "coordinates": [-84.538977915922175, 39.060992761092734]
      },
      "properties": {
        "OBJECTID": 18,
        "Receiver": "R412",
        "DU": null,
        "FrontRow": null,
        "Existing": 60.9000015,
        "Proposed": 61.9000015,
        "Impact": "No",
        "Barrier": null,
        "Benefited": null,
        "ELEVATION": null,
        "Section": "B23",
        "Reduction": null,
        "x": 4276322.0279999999,
        "y": 5265167.6069999998,
        "MapSection": null,
        "Latitude": 39.060985260000002,
        "Longitude": -84.538973330000005
      }
    },
    {
      "type": "Feature",
      "id": 19,
      "geometry": {
        "type": "Point",
        "coordinates": [-84.528982859708577, 39.062776179393147]
      },
      "properties": {
        "OBJECTID": 19,
        "Receiver": "R460",
        "DU": null,
        "FrontRow": null,
        "Existing": 47,
        "Proposed": 49.9000015,
        "Impact": "No",
        "Barrier": 49.4000015,
        "Benefited": "No",
        "ELEVATION": null,
        "Section": "B23",
        "Reduction": 0.5,
        "x": 4277008.6059999997,
        "y": 5267997.426,
        "MapSection": "B23",
        "Latitude": 39.062768679999998,
        "Longitude": -84.528978269999996
      }
    },
    {
      "type": "Feature",
      "id": 20,
      "geometry": {
        "type": "Point",
        "coordinates": [-84.52674983724755, 39.063200936884513]
      },
      "properties": {
        "OBJECTID": 20,
        "Receiver": "R465",
        "DU": null,
        "FrontRow": null,
        "Existing": 40.5,
        "Proposed": 42.2999992,
        "Impact": "No",
        "Barrier": 41.0999985,
        "Benefited": "No",
        "ELEVATION": null,
        "Section": "B23",
        "Reduction": 1.2000007629394531,
        "x": 4277171.6239999998,
        "y": 5268629.4979999997,
        "MapSection": "B23",
        "Latitude": 39.063193429999998,
        "Longitude": -84.526745250000005
      }
    },
    {
      "type": "Feature",
      "id": 21,
      "geometry": {
        "type": "Point",
        "coordinates": [-84.528882824291301, 39.062545890265412]
      },
      "properties": {
        "OBJECTID": 21,
        "Receiver": "R468",
        "DU": null,
        "FrontRow": null,
        "Existing": 49.0999985,
        "Proposed": 51.2999992,
        "Impact": "No",
        "Barrier": 50.7999992,
        "Benefited": "No",
        "ELEVATION": null,
        "Section": "B23",
        "Reduction": 0.5,
        "x": 4276925.0970000001,
        "y": 5268026.9299999997,
        "MapSection": "B23",
        "Latitude": 39.06253839,
        "Longitude": -84.528878239999997
      }
    },
    {
      "type": "Feature",
      "id": 22,
      "geometry": {
        "type": "Point",
        "coordinates": [-84.522800502154652, 39.068282716946527]
      },
      "properties": {
        "OBJECTID": 22,
        "Receiver": "R469",
        "DU": null,
        "FrontRow": null,
        "Existing": 56,
        "Proposed": 58.4000015,
        "Impact": "No",
        "Barrier": null,
        "Benefited": null,
        "ELEVATION": null,
        "Section": "B23",
        "Reduction": null,
        "x": 4279037.335,
        "y": 5269726.6220000004,
        "MapSection": null,
        "Latitude": 39.068275210000003,
        "Longitude": -84.522795919999993
      }
    },
    {
      "type": "Feature",
      "id": 23,
      "geometry": {
        "type": "Point",
        "coordinates": [-84.526294976476606, 39.063127646103887]
      },
      "properties": {
        "OBJECTID": 23,
        "Receiver": "R473",
        "DU": null,
        "FrontRow": null,
        "Existing": 48.7000008,
        "Proposed": 49.0999985,
        "Impact": "No",
        "Barrier": 47.4000015,
        "Benefited": "No",
        "ELEVATION": null,
        "Section": "B23",
        "Reduction": 1.6999969482421875,
        "x": 4277146.6220000004,
        "y": 5268759.0120000001,
        "MapSection": "B23",
        "Latitude": 39.063120140000002,
        "Longitude": -84.52629039
      }
    },
    {
      "type": "Feature",
      "id": 24,
      "geometry": {
        "type": "Point",
        "coordinates": [-84.522517545512372, 39.068456916152464]
      },
      "properties": {
        "OBJECTID": 24,
        "Receiver": "R474",
        "DU": null,
        "FrontRow": null,
        "Existing": 57.2000008,
        "Proposed": 59.7000008,
        "Impact": "No",
        "Barrier": null,
        "Benefited": null,
        "ELEVATION": null,
        "Section": "B23",
        "Reduction": null,
        "x": 4279101.8420000002,
        "y": 5269806.1310000001,
        "MapSection": null,
        "Latitude": 39.068449409999999,
        "Longitude": -84.52251296
      }
    },
    {
      "type": "Feature",
      "id": 25,
      "geometry": {
        "type": "Point",
        "coordinates": [-84.526452993850157, 39.063051005592484]
      },
      "properties": {
        "OBJECTID": 25,
        "Receiver": "R476",
        "DU": null,
        "FrontRow": null,
        "Existing": 48.7000008,
        "Proposed": 51.2999992,
        "Impact": "No",
        "Barrier": 50.2000008,
        "Benefited": "No",
        "ELEVATION": null,
        "Section": "B23",
        "Reduction": 1.0999984741210938,
        "x": 4277118.1179999998,
        "y": 5268714.5070000002,
        "MapSection": "B23",
        "Latitude": 39.063043499999999,
        "Longitude": -84.52644841
      }
    },
    {
      "type": "Feature",
      "id": 26,
      "geometry": {
        "type": "Point",
        "coordinates": [-84.528775074857691, 39.062250991831995]
      },
      "properties": {
        "OBJECTID": 26,
        "Receiver": "R477",
        "DU": null,
        "FrontRow": null,
        "Existing": 49.0999985,
        "Proposed": 52.5,
        "Impact": "No",
        "Barrier": 50.7999992,
        "Benefited": "No",
        "ELEVATION": null,
        "Section": "B23",
        "Reduction": 1.7000007629394531,
        "x": 4276818.0839999998,
        "y": 5268058.9330000002,
        "MapSection": "B23",
        "Latitude": 39.06224349,
        "Longitude": -84.528770489999999
      }
    },
    {
      "type": "Feature",
      "id": 27,
      "geometry": {
        "type": "Point",
        "coordinates": [-84.541935926334247, 39.058044881395283]
      },
      "properties": {
        "OBJECTID": 27,
        "Receiver": "R479",
        "DU": null,
        "FrontRow": null,
        "Existing": 67.6999969,
        "Proposed": 65.9000015,
        "Impact": "No",
        "Barrier": null,
        "Benefited": null,
        "ELEVATION": null,
        "Section": "B16",
        "Reduction": null,
        "x": 4275237.4060000004,
        "y": 5264341.5140000004,
        "MapSection": null,
        "Latitude": 39.058037380000002,
        "Longitude": -84.541931340000005
      }
    },
    {
      "type": "Feature",
      "id": 28,
      "geometry": {
        "type": "Point",
        "coordinates": [-84.525945198182995, 39.06308837353204]
      },
      "properties": {
        "OBJECTID": 28,
        "Receiver": "R481",
        "DU": null,
        "FrontRow": null,
        "Existing": 54.4000015,
        "Proposed": 55.2000008,
        "Impact": "No",
        "Barrier": 55.0999985,
        "Benefited": "No",
        "ELEVATION": null,
        "Section": "B23",
        "Reduction": 0.10000228881835938,
        "x": 4277133.6200000001,
        "y": 5268858.5240000002,
        "MapSection": "B23",
        "Latitude": 39.06308087,
        "Longitude": -84.525940610000006
      }
    },
    {
      "type": "Feature",
      "id": 29,
      "geometry": {
        "type": "Point",
        "coordinates": [-84.522702241078321, 39.067530746479122]
      },
      "properties": {
        "OBJECTID": 29,
        "Receiver": "R483",
        "DU": null,
        "FrontRow": null,
        "Existing": 48.0999985,
        "Proposed": 50.5999985,
        "Impact": "No",
        "Barrier": null,
        "Benefited": null,
        "ELEVATION": null,
        "Section": "B23",
        "Reduction": null,
        "x": 4278763.8039999995,
        "y": 5269758.125,
        "MapSection": null,
        "Latitude": 39.06752324,
        "Longitude": -84.522697660000006
      }
    },
    {
      "type": "Feature",
      "id": 30,
      "geometry": {
        "type": "Point",
        "coordinates": [-84.523410940252106, 39.065189017633308]
      },
      "properties": {
        "OBJECTID": 30,
        "Receiver": "R484",
        "DU": null,
        "FrontRow": null,
        "Existing": 42.5999985,
        "Proposed": 43.2999992,
        "Impact": "No",
        "Barrier": null,
        "Benefited": null,
        "ELEVATION": null,
        "Section": "B23",
        "Reduction": null,
        "x": 4277908.2070000004,
        "y": 5269568.1040000003,
        "MapSection": null,
        "Latitude": 39.065181510000002,
        "Longitude": -84.523406359999996
      }
    },
    {
      "type": "Feature",
      "id": 31,
      "geometry": {
        "type": "Point",
        "coordinates": [-84.523111274925256, 39.065623894492283]
      },
      "properties": {
        "OBJECTID": 31,
        "Receiver": "R486",
        "DU": null,
        "FrontRow": null,
        "Existing": 47.7000008,
        "Proposed": 48.5999985,
        "Impact": "No",
        "Barrier": null,
        "Benefited": null,
        "ELEVATION": null,
        "Section": "B23",
        "Reduction": null,
        "x": 4278067.7249999996,
        "y": 5269651.1129999999,
        "MapSection": null,
        "Latitude": 39.065616390000002,
        "Longitude": -84.523106690000006
      }
    },
    {
      "type": "Feature",
      "id": 32,
      "geometry": {
        "type": "Point",
        "coordinates": [-84.526107607669118, 39.062855271109591]
      },
      "properties": {
        "OBJECTID": 32,
        "Receiver": "R487",
        "DU": null,
        "FrontRow": null,
        "Existing": 54.4000015,
        "Proposed": 52.5999985,
        "Impact": "No",
        "Barrier": 52.5999985,
        "Benefited": "No",
        "ELEVATION": null,
        "Section": "B23",
        "Reduction": 0,
        "x": 4277048.1100000003,
        "y": 5268813.5190000003,
        "MapSection": "B23",
        "Latitude": 39.062847769999998,
        "Longitude": -84.526103019999994
      }
    },
    {
      "type": "Feature",
      "id": 33,
      "geometry": {
        "type": "Point",
        "coordinates": [-84.522369148616846, 39.067858194656175]
      },
      "properties": {
        "OBJECTID": 33,
        "Receiver": "R490",
        "DU": null,
        "FrontRow": null,
        "Existing": 45.0999985,
        "Proposed": 47.0999985,
        "Impact": "No",
        "Barrier": null,
        "Benefited": null,
        "ELEVATION": null,
        "Section": "B23",
        "Reduction": null,
        "x": 4278884.318,
        "y": 5269851.1359999999,
        "MapSection": null,
        "Latitude": 39.06785069,
        "Longitude": -84.52236456
      }
    },
    {
      "type": "Feature",
      "id": 34,
      "geometry": {
        "type": "Point",
        "coordinates": [-84.522751004475793, 39.066936791884622]
      },
      "properties": {
        "OBJECTID": 34,
        "Receiver": "R491",
        "DU": null,
        "FrontRow": null,
        "Existing": 34.0999985,
        "Proposed": 37.2000008,
        "Impact": "No",
        "Barrier": null,
        "Benefited": null,
        "ELEVATION": null,
        "Section": "B23",
        "Reduction": null,
        "x": 4278547.2800000003,
        "y": 5269747.1239999998,
        "MapSection": null,
        "Latitude": 39.066929289999997,
        "Longitude": -84.522746420000004
      }
    },
    {
      "type": "Feature",
      "id": 35,
      "geometry": {
        "type": "Point",
        "coordinates": [-84.522519859122724, 39.067484943137934]
      },
      "properties": {
        "OBJECTID": 35,
        "Receiver": "R492",
        "DU": null,
        "FrontRow": null,
        "Existing": 45.0999985,
        "Proposed": 46.2999992,
        "Impact": "No",
        "Barrier": null,
        "Benefited": null,
        "ELEVATION": null,
        "Section": "B23",
        "Reduction": null,
        "x": 4278747.8020000001,
        "y": 5269810.1310000001,
        "MapSection": null,
        "Latitude": 39.067477439999998,
        "Longitude": -84.52251527
      }
    },
    {
      "type": "Feature",
      "id": 36,
      "geometry": {
        "type": "Point",
        "coordinates": [-84.528128132663255, 39.062081019463157]
      },
      "properties": {
        "OBJECTID": 36,
        "Receiver": "R493",
        "DU": null,
        "FrontRow": null,
        "Existing": 53.2000008,
        "Proposed": 58.4000015,
        "Impact": "No",
        "Barrier": 52.7000008,
        "Benefited": "Yes",
        "ELEVATION": null,
        "Section": "B23",
        "Reduction": 5.7000007629394531,
        "x": 4276758.5779999997,
        "y": 5268243.4539999999,
        "MapSection": "B23",
        "Latitude": 39.062073519999998,
        "Longitude": -84.528123550000004
      }
    },
    {
      "type": "Feature",
      "id": 37,
      "geometry": {
        "type": "Point",
        "coordinates": [-84.52864786209031, 39.061961391834814]
      },
      "properties": {
        "OBJECTID": 37,
        "Receiver": "R494",
        "DU": null,
        "FrontRow": null,
        "Existing": 53.5,
        "Proposed": 60.2999992,
        "Impact": "No",
        "Barrier": 54.2000008,
        "Benefited": "Yes",
        "ELEVATION": null,
        "Section": "B23",
        "Reduction": 6.0999984741210938,
        "x": 4276713.0729999999,
        "y": 5268096.4380000001,
        "MapSection": "B23",
        "Latitude": 39.061953889999998,
        "Longitude": -84.528643279999997
      }
    },
    {
      "type": "Feature",
      "id": 38,
      "geometry": {
        "type": "Point",
        "coordinates": [-84.533252708021749, 39.059754023546958]
      },
      "properties": {
        "OBJECTID": 38,
        "Receiver": "R495",
        "DU": null,
        "FrontRow": null,
        "Existing": 73.3000031,
        "Proposed": 76.5999985,
        "Impact": "Yes",
        "Barrier": 65.8000031,
        "Benefited": "Yes",
        "ELEVATION": null,
        "Section": "B20",
        "Reduction": 10.799995422363281,
        "x": 4275891.9800000004,
        "y": 5266799.2910000002,
        "MapSection": "B20",
        "Latitude": 39.059746519999997,
        "Longitude": -84.533248119999996
      }
    },
    {
      "type": "Feature",
      "id": 39,
      "geometry": {
        "type": "Point",
        "coordinates": [-84.535942405368615, 39.058334319898599]
      },
      "properties": {
        "OBJECTID": 39,
        "Receiver": "R496",
        "DU": null,
        "FrontRow": null,
        "Existing": 62.4000015,
        "Proposed": 66.4000015,
        "Impact": "Yes",
        "Barrier": 63.2000008,
        "Benefited": "No",
        "ELEVATION": null,
        "Section": "B20",
        "Reduction": 3.2000007629394531,
        "x": 4275364.9199999999,
        "y": 5266042.2060000002,
        "MapSection": "B20",
        "Latitude": 39.058326819999998,
        "Longitude": -84.535937820000001
      }
    },
    {
      "type": "Feature",
      "id": 40,
      "geometry": {
        "type": "Point",
        "coordinates": [-84.522159570761403, 39.067754450510712]
      },
      "properties": {
        "OBJECTID": 40,
        "Receiver": "R499",
        "DU": null,
        "FrontRow": null,
        "Existing": 44.7999992,
        "Proposed": 46.0999985,
        "Impact": "No",
        "Barrier": null,
        "Benefited": null,
        "ELEVATION": null,
        "Section": "B23",
        "Reduction": null,
        "x": 4278847.3130000001,
        "y": 5269911.142,
        "MapSection": null,
        "Latitude": 39.06774695,
        "Longitude": -84.522154990000004
      }
    },
    {
      "type": "Feature",
      "id": 41,
      "geometry": {
        "type": "Point",
        "coordinates": [-84.533458863584798, 39.059640796060201]
      },
      "properties": {
        "OBJECTID": 41,
        "Receiver": "R500",
        "DU": null,
        "FrontRow": null,
        "Existing": 72.4000015,
        "Proposed": 75.5,
        "Impact": "Yes",
        "Barrier": 64.9000015,
        "Benefited": "Yes",
        "ELEVATION": null,
        "Section": "B20",
        "Reduction": 10.599998474121094,
        "x": 4275849.9749999996,
        "y": 5266741.2850000001,
        "MapSection": "B20",
        "Latitude": 39.059633290000001,
        "Longitude": -84.533454280000001
      }
    },
    {
      "type": "Feature",
      "id": 42,
      "geometry": {
        "type": "Point",
        "coordinates": [-84.535503374246915, 39.058579731859297]
      },
      "properties": {
        "OBJECTID": 42,
        "Receiver": "R501",
        "DU": null,
        "FrontRow": null,
        "Existing": 64.6999969,
        "Proposed": 68.6999969,
        "Impact": "Yes",
        "Barrier": 61,
        "Benefited": "Yes",
        "ELEVATION": null,
        "Section": "B20",
        "Reduction": 7.6999969482421875,
        "x": 4275455.9309999999,
        "y": 5266165.7199999997,
        "MapSection": "B20",
        "Latitude": 39.058572230000003,
        "Longitude": -84.535498790000005
      }
    },
    {
      "type": "Feature",
      "id": 43,
      "geometry": {
        "type": "Point",
        "coordinates": [-84.535739640647108, 39.058455824200045]
      },
      "properties": {
        "OBJECTID": 43,
        "Receiver": "R502",
        "DU": null,
        "FrontRow": null,
        "Existing": 64,
        "Proposed": 68.6999969,
        "Impact": "Yes",
        "Barrier": 62.5999985,
        "Benefited": "Yes",
        "ELEVATION": null,
        "Section": "B20",
        "Reduction": 6.0999984741210938,
        "x": 4275409.926,
        "y": 5266099.2120000003,
        "MapSection": "B20",
        "Latitude": 39.058448319999997,
        "Longitude": -84.53573505
      }
    },
    {
      "type": "Feature",
      "id": 44,
      "geometry": {
        "type": "Point",
        "coordinates": [-84.53369264215597, 39.059560800556447]
      },
      "properties": {
        "OBJECTID": 44,
        "Receiver": "R503",
        "DU": null,
        "FrontRow": null,
        "Existing": 72.0999985,
        "Proposed": 75.0999985,
        "Impact": "Yes",
        "Barrier": 64.5,
        "Benefited": "Yes",
        "ELEVATION": null,
        "Section": "B20",
        "Reduction": 10.599998474121094,
        "x": 4275819.9720000001,
        "y": 5266675.2769999998,
        "MapSection": "B20",
        "Latitude": 39.059553299999997,
        "Longitude": -84.533688049999995
      }
    },
    {
      "type": "Feature",
      "id": 45,
      "geometry": {
        "type": "Point",
        "coordinates": [-84.534090225822254, 39.059372636617518]
      },
      "properties": {
        "OBJECTID": 45,
        "Receiver": "R504",
        "DU": null,
        "FrontRow": null,
        "Existing": 71.1999969,
        "Proposed": 73.1999969,
        "Impact": "Yes",
        "Barrier": 63,
        "Benefited": "Yes",
        "ELEVATION": null,
        "Section": "B20",
        "Reduction": 10.199996948242188,
        "x": 4275749.9639999997,
        "y": 5266563.2649999997,
        "MapSection": "B20",
        "Latitude": 39.059365130000003,
        "Longitude": -84.534085640000001
      }
    },
    {
      "type": "Feature",
      "id": 46,
      "geometry": {
        "type": "Point",
        "coordinates": [-84.53531667958984, 39.058687665880953]
      },
      "properties": {
        "OBJECTID": 46,
        "Receiver": "R505",
        "DU": null,
        "FrontRow": null,
        "Existing": 66.0999985,
        "Proposed": 70.0999985,
        "Impact": "Yes",
        "Barrier": 61.4000015,
        "Benefited": "Yes",
        "ELEVATION": null,
        "Section": "B20",
        "Reduction": 8.6999969482421875,
        "x": 4275495.9349999996,
        "y": 5266218.2259999998,
        "MapSection": "B20",
        "Latitude": 39.058680160000002,
        "Longitude": -84.535312090000005
      }
    },
    {
      "type": "Feature",
      "id": 47,
      "geometry": {
        "type": "Point",
        "coordinates": [-84.527735957823523, 39.061945217072228]
      },
      "properties": {
        "OBJECTID": 47,
        "Receiver": "R507",
        "DU": null,
        "FrontRow": null,
        "Existing": 63,
        "Proposed": 69.5,
        "Impact": "Yes",
        "Barrier": 60.5,
        "Benefited": "Yes",
        "ELEVATION": null,
        "Section": "B23",
        "Reduction": 9,
        "x": 4276710.5719999997,
        "y": 5268355.4670000002,
        "MapSection": "B23",
        "Latitude": 39.061937710000002,
        "Longitude": -84.527731369999998
      }
    },
    {
      "type": "Feature",
      "id": 48,
      "geometry": {
        "type": "Point",
        "coordinates": [-84.533817513054686, 39.059464594486947]
      },
      "properties": {
        "OBJECTID": 48,
        "Receiver": "R508",
        "DU": null,
        "FrontRow": null,
        "Existing": 71.5,
        "Proposed": 74.3000031,
        "Impact": "Yes",
        "Barrier": 63.4000015,
        "Benefited": "Yes",
        "ELEVATION": null,
        "Section": "B20",
        "Reduction": 10.900001525878906,
        "x": 4275784.4680000003,
        "y": 5266640.273,
        "MapSection": "B20",
        "Latitude": 39.059457090000002,
        "Longitude": -84.533812929999996
      }
    },
    {
      "type": "Feature",
      "id": 49,
      "geometry": {
        "type": "Point",
        "coordinates": [-84.529712245941184, 39.061495857962754]
      },
      "properties": {
        "OBJECTID": 49,
        "Receiver": "R509",
        "DU": null,
        "FrontRow": null,
        "Existing": 69.4000015,
        "Proposed": 68.0999985,
        "Impact": "Yes",
        "Barrier": 63,
        "Benefited": "Yes",
        "ELEVATION": null,
        "Section": "B23",
        "Reduction": 5.0999984741210938,
        "x": 4276539.5530000003,
        "y": 5267796.4040000001,
        "MapSection": "B23",
        "Latitude": 39.061488359999998,
        "Longitude": -84.52970766
      }
    },
    {
      "type": "Feature",
      "id": 50,
      "geometry": {
        "type": "Point",
        "coordinates": [-84.535071452799855, 39.058821093507625]
      },
      "properties": {
        "OBJECTID": 50,
        "Receiver": "R510",
        "DU": null,
        "FrontRow": null,
        "Existing": 67.1999969,
        "Proposed": 71,
        "Impact": "Yes",
        "Barrier": 61.4000015,
        "Benefited": "Yes",
        "ELEVATION": null,
        "Section": "B20",
        "Reduction": 9.5999984741210938,
        "x": 4275545.4409999996,
        "y": 5266287.233,
        "MapSection": "B20",
        "Latitude": 39.05881359,
        "Longitude": -84.535066860000001
      }
    },
    {
      "type": "Feature",
      "id": 51,
      "geometry": {
        "type": "Point",
        "coordinates": [-84.534546439250335, 39.059153491455305]
      },
      "properties": {
        "OBJECTID": 51,
        "Receiver": "R512",
        "DU": null,
        "FrontRow": null,
        "Existing": 69.6999969,
        "Proposed": 72.1999969,
        "Impact": "Yes",
        "Barrier": 62,
        "Benefited": "Yes",
        "ELEVATION": null,
        "Section": "B20",
        "Reduction": 10.199996948242188,
        "x": 4275668.4550000001,
        "y": 5266434.75,
        "MapSection": "B20",
        "Latitude": 39.059145989999998,
        "Longitude": -84.534541849999997
      }
    },
    {
      "type": "Feature",
      "id": 52,
      "geometry": {
        "type": "Point",
        "coordinates": [-84.522006959885829, 39.067718564391193]
      },
      "properties": {
        "OBJECTID": 52,
        "Receiver": "R514",
        "DU": null,
        "FrontRow": null,
        "Existing": 47.4000015,
        "Proposed": 48.2999992,
        "Impact": "No",
        "Barrier": null,
        "Benefited": null,
        "ELEVATION": null,
        "Section": "B23",
        "Reduction": null,
        "x": 4278834.8119999999,
        "y": 5269954.6469999999,
        "MapSection": null,
        "Latitude": 39.067711060000001,
        "Longitude": -84.522002380000004
      }
    },
    {
      "type": "Feature",
      "id": 53,
      "geometry": {
        "type": "Point",
        "coordinates": [-84.527835721751075, 39.061771880365008]
      },
      "properties": {
        "OBJECTID": 53,
        "Receiver": "R515",
        "DU": null,
        "FrontRow": null,
        "Existing": 65.0999985,
        "Proposed": 71.9000015,
        "Impact": "Yes",
        "Barrier": 61.4000015,
        "Benefited": "Yes",
        "ELEVATION": null,
        "Section": "B23",
        "Reduction": 10.5,
        "x": 4276647.0650000004,
        "y": 5268327.9639999997,
        "MapSection": "B23",
        "Latitude": 39.06176438,
        "Longitude": -84.527831140000004
      }
    },
    {
      "type": "Feature",
      "id": 54,
      "geometry": {
        "type": "Point",
        "coordinates": [-84.534345064435783, 39.059191257957899]
      },
      "properties": {
        "OBJECTID": 54,
        "Receiver": "R516",
        "DU": null,
        "FrontRow": null,
        "Existing": 69.6999969,
        "Proposed": 71.6999969,
        "Impact": "Yes",
        "Barrier": 61.4000015,
        "Benefited": "Yes",
        "ELEVATION": null,
        "Section": "B20",
        "Reduction": 10.299995422363281,
        "x": 4275682.9560000002,
        "y": 5266491.7570000002,
        "MapSection": "B20",
        "Latitude": 39.059183760000003,
        "Longitude": -84.534340479999997
      }
    },
    {
      "type": "Feature",
      "id": 55,
      "geometry": {
        "type": "Point",
        "coordinates": [-84.534679358775392, 39.058996958345716]
      },
      "properties": {
        "OBJECTID": 55,
        "Receiver": "R517",
        "DU": null,
        "FrontRow": null,
        "Existing": 67.5,
        "Proposed": 71.1999969,
        "Impact": "Yes",
        "Barrier": 60.5,
        "Benefited": "Yes",
        "ELEVATION": null,
        "Section": "B20",
        "Reduction": 10.699996948242188,
        "x": 4275610.9479999999,
        "y": 5266397.7460000003,
        "MapSection": "B20",
        "Latitude": 39.058989459999999,
        "Longitude": -84.534674769999995
      }
    },
    {
      "type": "Feature",
      "id": 56,
      "geometry": {
        "type": "Point",
        "coordinates": [-84.534867379970407, 39.058915123206162]
      },
      "properties": {
        "OBJECTID": 56,
        "Receiver": "R518",
        "DU": null,
        "FrontRow": null,
        "Existing": 67.5999985,
        "Proposed": 70.9000015,
        "Impact": "Yes",
        "Barrier": 60.9000015,
        "Benefited": "Yes",
        "ELEVATION": null,
        "Section": "B20",
        "Reduction": 10,
        "x": 4275580.4450000003,
        "y": 5266344.7400000002,
        "MapSection": "B20",
        "Latitude": 39.058907619999999,
        "Longitude": -84.534862790000005
      }
    },
    {
      "type": "Feature",
      "id": 57,
      "geometry": {
        "type": "Point",
        "coordinates": [-84.536526108344987, 39.057543970190956]
      },
      "properties": {
        "OBJECTID": 57,
        "Receiver": "R519",
        "DU": null,
        "FrontRow": null,
        "Existing": 58.9000015,
        "Proposed": 59.5,
        "Impact": "No",
        "Barrier": null,
        "Benefited": null,
        "ELEVATION": null,
        "Section": "B20",
        "Reduction": null,
        "x": 4275074.8880000003,
        "y": 5265880.1880000001,
        "MapSection": null,
        "Latitude": 39.057536470000002,
        "Longitude": -84.536521519999994
      }
    },
    {
      "type": "Feature",
      "id": 58,
      "geometry": {
        "type": "Point",
        "coordinates": [-84.53678159959118, 39.057428492609318]
      },
      "properties": {
        "OBJECTID": 58,
        "Receiver": "R520",
        "DU": null,
        "FrontRow": null,
        "Existing": 61.9000015,
        "Proposed": 61.7999992,
        "Impact": "No",
        "Barrier": null,
        "Benefited": null,
        "ELEVATION": null,
        "Section": "B20",
        "Reduction": null,
        "x": 4275031.8830000004,
        "y": 5265808.1789999995,
        "MapSection": null,
        "Latitude": 39.057420989999997,
        "Longitude": -84.536777009999994
      }
    },
    {
      "type": "Feature",
      "id": 59,
      "geometry": {
        "type": "Point",
        "coordinates": [-84.52849611821874, 39.061664672294313]
      },
      "properties": {
        "OBJECTID": 59,
        "Receiver": "R523",
        "DU": null,
        "FrontRow": null,
        "Existing": 59.7000008,
        "Proposed": 66.9000015,
        "Impact": "Yes",
        "Barrier": 58.7000008,
        "Benefited": "Yes",
        "ELEVATION": null,
        "Section": "B23",
        "Reduction": 8.2000007629394531,
        "x": 4276605.5599999996,
        "y": 5268140.943,
        "MapSection": "B23",
        "Latitude": 39.061657169999997,
        "Longitude": -84.528491529999997
      }
    },
    {
      "type": "Feature",
      "id": 60,
      "geometry": {
        "type": "Point",
        "coordinates": [-84.527361084087019, 39.061723100546423]
      },
      "properties": {
        "OBJECTID": 60,
        "Receiver": "R525",
        "DU": null,
        "FrontRow": null,
        "Existing": 70.3000031,
        "Proposed": 76.8000031,
        "Impact": "Yes",
        "Barrier": 64.1999969,
        "Benefited": "Yes",
        "ELEVATION": null,
        "Section": "B23",
        "Reduction": 12.600006103515625,
        "x": 4276631.0630000001,
        "y": 5268462.9790000003,
        "MapSection": "B23",
        "Latitude": 39.061715599999999,
        "Longitude": -84.527356499999996
      }
    },
    {
      "type": "Feature",
      "id": 61,
      "geometry": {
        "type": "Point",
        "coordinates": [-84.536047093032423, 39.057864484833985]
      },
      "properties": {
        "OBJECTID": 61,
        "Receiver": "R526",
        "DU": null,
        "FrontRow": null,
        "Existing": 56.7000008,
        "Proposed": 59.5999985,
        "Impact": "No",
        "Barrier": 59,
        "Benefited": "No",
        "ELEVATION": null,
        "Section": "B20",
        "Reduction": 0.59999847412109375,
        "x": 4275193.4009999996,
        "y": 5266014.7029999997,
        "MapSection": "B20",
        "Latitude": 39.057856979999997,
        "Longitude": -84.536042499999994
      }
    },
    {
      "type": "Feature",
      "id": 62,
      "geometry": {
        "type": "Point",
        "coordinates": [-84.536317037004423, 39.057621477217801]
      },
      "properties": {
        "OBJECTID": 62,
        "Receiver": "R527",
        "DU": null,
        "FrontRow": null,
        "Existing": 57.5,
        "Proposed": 58.9000015,
        "Impact": "No",
        "Barrier": null,
        "Benefited": null,
        "ELEVATION": null,
        "Section": "B20",
        "Reduction": null,
        "x": 4275103.8909999998,
        "y": 5265939.1940000001,
        "MapSection": null,
        "Latitude": 39.057613979999999,
        "Longitude": -84.536312449999997
      }
    },
    {
      "type": "Feature",
      "id": 63,
      "geometry": {
        "type": "Point",
        "coordinates": [-84.521968755230148, 39.06716490216612]
      },
      "properties": {
        "OBJECTID": 63,
        "Receiver": "R530",
        "DU": null,
        "FrontRow": null,
        "Existing": 52.9000015,
        "Proposed": 54.0999985,
        "Impact": "No",
        "Barrier": null,
        "Benefited": null,
        "ELEVATION": null,
        "Section": "B23",
        "Reduction": null,
        "x": 4278633.2889999999,
        "y": 5269968.1490000002,
        "MapSection": null,
        "Latitude": 39.067157399999999,
        "Longitude": -84.521964170000004
      }
    },
    {
      "type": "Feature",
      "id": 64,
      "geometry": {
        "type": "Point",
        "coordinates": [-84.532654271854895, 39.059632615453943]
      },
      "properties": {
        "OBJECTID": 64,
        "Receiver": "R531",
        "DU": null,
        "FrontRow": null,
        "Existing": 67.5999985,
        "Proposed": 72,
        "Impact": "Yes",
        "Barrier": 62.4000015,
        "Benefited": "Yes",
        "ELEVATION": null,
        "Section": "B20",
        "Reduction": 9.5999984741210938,
        "x": 4275849.9749999996,
        "y": 5266969.8099999996,
        "MapSection": "B20",
        "Latitude": 39.059625109999999,
        "Longitude": -84.532649680000006
      }
    },
    {
      "type": "Feature",
      "id": 65,
      "geometry": {
        "type": "Point",
        "coordinates": [-84.535835710117681, 39.057974917419799]
      },
      "properties": {
        "OBJECTID": 65,
        "Receiver": "R532",
        "DU": null,
        "FrontRow": null,
        "Existing": 56.2000008,
        "Proposed": 59.5999985,
        "Impact": "No",
        "Barrier": 58.9000015,
        "Benefited": "No",
        "ELEVATION": null,
        "Section": "B20",
        "Reduction": 0.6999969482421875,
        "x": 4275234.4060000004,
        "y": 5266074.2089999998,
        "MapSection": "B20",
        "Latitude": 39.057967419999997,
        "Longitude": -84.535831119999997
      }
    },
    {
      "type": "Feature",
      "id": 66,
      "geometry": {
        "type": "Point",
        "coordinates": [-84.535612088769412, 39.058079731866393]
      },
      "properties": {
        "OBJECTID": 66,
        "Receiver": "R533",
        "DU": null,
        "FrontRow": null,
        "Existing": 56.7999992,
        "Proposed": 60.2999992,
        "Impact": "No",
        "Barrier": 58.4000015,
        "Benefited": "No",
        "ELEVATION": null,
        "Section": "B20",
        "Reduction": 1.8999977111816406,
        "x": 4275273.4100000001,
        "y": 5266137.2170000002,
        "MapSection": "B20",
        "Latitude": 39.058072230000001,
        "Longitude": -84.535607499999998
      }
    },
    {
      "type": "Feature",
      "id": 67,
      "geometry": {
        "type": "Point",
        "coordinates": [-84.535400614057892, 39.058195654543191]
      },
      "properties": {
        "OBJECTID": 67,
        "Receiver": "R535",
        "DU": null,
        "FrontRow": null,
        "Existing": 56.5,
        "Proposed": 61.7000008,
        "Impact": "No",
        "Barrier": 58.5,
        "Benefited": "No",
        "ELEVATION": null,
        "Section": "B20",
        "Reduction": 3.2000007629394531,
        "x": 4275316.415,
        "y": 5266196.7230000002,
        "MapSection": "B20",
        "Latitude": 39.058188149999999,
        "Longitude": -84.535396030000001
      }
    },
    {
      "type": "Feature",
      "id": 68,
      "geometry": {
        "type": "Point",
        "coordinates": [-84.536886025662596, 39.057079467135395]
      },
      "properties": {
        "OBJECTID": 68,
        "Receiver": "R536",
        "DU": null,
        "FrontRow": null,
        "Existing": 64.0999985,
        "Proposed": 64,
        "Impact": "No",
        "Barrier": null,
        "Benefited": null,
        "ELEVATION": null,
        "Section": "B20",
        "Reduction": null,
        "x": 4274904.3689999999,
        "y": 5265780.176,
        "MapSection": null,
        "Latitude": 39.057071970000003,
        "Longitude": -84.536881440000002
      }
    },
    {
      "type": "Feature",
      "id": 69,
      "geometry": {
        "type": "Point",
        "coordinates": [-84.531263870051944, 39.059905398168517]
      },
      "properties": {
        "OBJECTID": 69,
        "Receiver": "R537",
        "DU": null,
        "FrontRow": null,
        "Existing": 66.3000031,
        "Proposed": 73.9000015,
        "Impact": "Yes",
        "Barrier": 63,
        "Benefited": "Yes",
        "ELEVATION": null,
        "Section": "B20",
        "Reduction": 10.900001525878906,
        "x": 4275954.4869999997,
        "y": 5267363.3550000004,
        "MapSection": "B20",
        "Latitude": 39.059897900000003,
        "Longitude": -84.53125928
      }
    },
    {
      "type": "Feature",
      "id": 70,
      "geometry": {
        "type": "Point",
        "coordinates": [-84.530968423907325, 39.059987509943404]
      },
      "properties": {
        "OBJECTID": 70,
        "Receiver": "R538",
        "DU": null,
        "FrontRow": null,
        "Existing": 69.4000015,
        "Proposed": 74.6999969,
        "Impact": "Yes",
        "Barrier": 64.8000031,
        "Benefited": "Yes",
        "ELEVATION": null,
        "Section": "B20",
        "Reduction": 9.899993896484375,
        "x": 4275985.4910000004,
        "y": 5267446.8640000001,
        "MapSection": "B20",
        "Latitude": 39.059980009999997,
        "Longitude": -84.530963839999998
      }
    },
    {
      "type": "Feature",
      "id": 71,
      "geometry": {
        "type": "Point",
        "coordinates": [-84.531443440280128, 39.059802888800903]
      },
      "properties": {
        "OBJECTID": 71,
        "Receiver": "R539",
        "DU": null,
        "FrontRow": null,
        "Existing": 63.7999992,
        "Proposed": 69.9000015,
        "Impact": "Yes",
        "Barrier": 62.2999992,
        "Benefited": "Yes",
        "ELEVATION": null,
        "Section": "B20",
        "Reduction": 7.6000022888183594,
        "x": 4275916.483,
        "y": 5267312.8490000004,
        "MapSection": "B20",
        "Latitude": 39.059795389999998,
        "Longitude": -84.531438850000001
      }
    },
    {
      "type": "Feature",
      "id": 72,
      "geometry": {
        "type": "Point",
        "coordinates": [-84.532888620769526, 39.059518303859846]
      },
      "properties": {
        "OBJECTID": 72,
        "Receiver": "R540",
        "DU": null,
        "FrontRow": null,
        "Existing": 66.1999969,
        "Proposed": 69.4000015,
        "Impact": "Yes",
        "Barrier": 61.4000015,
        "Benefited": "Yes",
        "ELEVATION": null,
        "Section": "B20",
        "Reduction": 8,
        "x": 4275807.4699999997,
        "y": 5266903.8030000003,
        "MapSection": "B20",
        "Latitude": 39.059510799999998,
        "Longitude": -84.532884030000005
      }
    },
    {
      "type": "Feature",
      "id": 73,
      "geometry": {
        "type": "Point",
        "coordinates": [-84.53307189221438, 39.059404847021483]
      },
      "properties": {
        "OBJECTID": 73,
        "Receiver": "R541",
        "DU": null,
        "FrontRow": null,
        "Existing": 64.1999969,
        "Proposed": 67.5,
        "Impact": "Yes",
        "Barrier": 60.9000015,
        "Benefited": "Yes",
        "ELEVATION": null,
        "Section": "B20",
        "Reduction": 6.5999984741210938,
        "x": 4275765.466,
        "y": 5266852.2970000003,
        "MapSection": "B20",
        "Latitude": 39.059397339999997,
        "Longitude": -84.533067299999999
      }
    },
    {
      "type": "Feature",
      "id": 74,
      "geometry": {
        "type": "Point",
        "coordinates": [-84.533268878952327, 39.05931349378055]
      },
      "properties": {
        "OBJECTID": 74,
        "Receiver": "R542",
        "DU": null,
        "FrontRow": null,
        "Existing": 62.0999985,
        "Proposed": 65.5,
        "Impact": "No",
        "Barrier": 60,
        "Benefited": "Yes",
        "ELEVATION": null,
        "Section": "B20",
        "Reduction": 5.5,
        "x": 4275731.4620000003,
        "y": 5266796.7910000002,
        "MapSection": "B20",
        "Latitude": 39.059305989999999,
        "Longitude": -84.533264290000005
      }
    },
    {
      "type": "Feature",
      "id": 75,
      "geometry": {
        "type": "Point",
        "coordinates": [-84.53040326831551, 39.059981752613524]
      },
      "properties": {
        "OBJECTID": 75,
        "Receiver": "R545",
        "DU": null,
        "FrontRow": null,
        "Existing": 72.0999985,
        "Proposed": 75.4000015,
        "Impact": "Yes",
        "Barrier": 69.9000015,
        "Benefited": "Yes",
        "ELEVATION": null,
        "Section": "B20",
        "Reduction": 5.5,
        "x": 4275985.4910000004,
        "y": 5267607.3820000002,
        "MapSection": "B20",
        "Latitude": 39.059974250000003,
        "Longitude": -84.530398680000005
      }
    },
    {
      "type": "Feature",
      "id": 76,
      "geometry": {
        "type": "Point",
        "coordinates": [-84.531615963837581, 39.059700303829658]
      },
      "properties": {
        "OBJECTID": 76,
        "Receiver": "R546",
        "DU": null,
        "FrontRow": null,
        "Existing": 61.0999985,
        "Proposed": 63.5999985,
        "Impact": "No",
        "Barrier": 60.5,
        "Benefited": "No",
        "ELEVATION": null,
        "Section": "B20",
        "Reduction": 3.0999984741210938,
        "x": 4275878.4780000001,
        "y": 5267264.3439999996,
        "MapSection": "B20",
        "Latitude": 39.059692800000001,
        "Longitude": -84.531611380000001
      }
    },
    {
      "type": "Feature",
      "id": 77,
      "geometry": {
        "type": "Point",
        "coordinates": [-84.53342214924038, 39.059203846882539]
      },
      "properties": {
        "OBJECTID": 77,
        "Receiver": "R547",
        "DU": null,
        "FrontRow": null,
        "Existing": 60.7000008,
        "Proposed": 64.4000015,
        "Impact": "No",
        "Barrier": 59.2000008,
        "Benefited": "Yes",
        "ELEVATION": null,
        "Section": "B20",
        "Reduction": 5.2000007629394531,
        "x": 4275690.9570000004,
        "y": 5266753.7860000003,
        "MapSection": "B20",
        "Latitude": 39.05919634,
        "Longitude": -84.533417560000004
      }
    },
    {
      "type": "Feature",
      "id": 78,
      "geometry": {
        "type": "Point",
        "coordinates": [-84.535164485428936, 39.058311326611857]
      },
      "properties": {
        "OBJECTID": 78,
        "Receiver": "R548",
        "DU": null,
        "FrontRow": null,
        "Existing": 57.0999985,
        "Proposed": 61.4000015,
        "Impact": "No",
        "Barrier": 58.5,
        "Benefited": "No",
        "ELEVATION": null,
        "Section": "B20",
        "Reduction": 2.9000015258789062,
        "x": 4275359.4199999999,
        "y": 5266263.2309999997,
        "MapSection": "B20",
        "Latitude": 39.058303819999999,
        "Longitude": -84.535159899999996
      }
    },
    {
      "type": "Feature",
      "id": 79,
      "geometry": {
        "type": "Point",
        "coordinates": [-84.534914043874508, 39.058440579233071]
      },
      "properties": {
        "OBJECTID": 79,
        "Receiver": "R550",
        "DU": null,
        "FrontRow": null,
        "Existing": 58.4000015,
        "Proposed": 62.4000015,
        "Impact": "No",
        "Barrier": 58.5999985,
        "Benefited": "No",
        "ELEVATION": null,
        "Section": "B20",
        "Reduction": 3.8000030517578125,
        "x": 4275407.4249999998,
        "y": 5266333.7390000001,
        "MapSection": "B20",
        "Latitude": 39.05843308,
        "Longitude": -84.534909459999994
      }
    },
    {
      "type": "Feature",
      "id": 80,
      "geometry": {
        "type": "Point",
        "coordinates": [-84.536354042845616, 39.057197633379261]
      },
      "properties": {
        "OBJECTID": 80,
        "Receiver": "R551",
        "DU": null,
        "FrontRow": null,
        "Existing": 56,
        "Proposed": 56.7999992,
        "Impact": "No",
        "Barrier": null,
        "Benefited": null,
        "ELEVATION": null,
        "Section": "B20",
        "Reduction": null,
        "x": 4274949.3739999998,
        "y": 5265930.693,
        "MapSection": null,
        "Latitude": 39.057190130000002,
        "Longitude": -84.536349450000003
      }
    },
    {
      "type": "Feature",
      "id": 81,
      "geometry": {
        "type": "Point",
        "coordinates": [-84.536524930310065, 39.057086788394464]
      },
      "properties": {
        "OBJECTID": 81,
        "Receiver": "R552",
        "DU": null,
        "FrontRow": null,
        "Existing": 58.4000015,
        "Proposed": 58.9000015,
        "Impact": "No",
        "Barrier": null,
        "Benefited": null,
        "ELEVATION": null,
        "Section": "B20",
        "Reduction": null,
        "x": 4274908.3689999999,
        "y": 5265882.6880000001,
        "MapSection": null,
        "Latitude": 39.057079289999997,
        "Longitude": -84.536520339999996
      }
    },
    {
      "type": "Feature",
      "id": 82,
      "geometry": {
        "type": "Point",
        "coordinates": [-84.536795349519778, 39.056920665964441]
      },
      "properties": {
        "OBJECTID": 82,
        "Receiver": "R553",
        "DU": null,
        "FrontRow": null,
        "Existing": 61.2000008,
        "Proposed": 61.7000008,
        "Impact": "No",
        "Barrier": null,
        "Benefited": null,
        "ELEVATION": null,
        "Section": "B20",
        "Reduction": null,
        "x": 4274846.8619999997,
        "y": 5265806.6789999995,
        "MapSection": null,
        "Latitude": 39.056913160000001,
        "Longitude": -84.536790760000002
      }
    },
    {
      "type": "Feature",
      "id": 83,
      "geometry": {
        "type": "Point",
        "coordinates": [-84.53446142903438, 39.058655644202936]
      },
      "properties": {
        "OBJECTID": 83,
        "Receiver": "R554",
        "DU": null,
        "FrontRow": null,
        "Existing": 59,
        "Proposed": 63,
        "Impact": "No",
        "Barrier": 58.2999992,
        "Benefited": "No",
        "ELEVATION": null,
        "Section": "B20",
        "Reduction": 4.7000007629394531,
        "x": 4275487.4340000004,
        "y": 5266461.2529999996,
        "MapSection": "B20",
        "Latitude": 39.058648140000003,
        "Longitude": -84.534456840000004
      }
    },
    {
      "type": "Feature",
      "id": 84,
      "geometry": {
        "type": "Point",
        "coordinates": [-84.534676317254196, 39.058546625060501]
      },
      "properties": {
        "OBJECTID": 84,
        "Receiver": "R555",
        "DU": null,
        "FrontRow": null,
        "Existing": 58.7999992,
        "Proposed": 62.7999992,
        "Impact": "No",
        "Barrier": 58.2000008,
        "Benefited": "No",
        "ELEVATION": null,
        "Section": "B20",
        "Reduction": 4.5999984741210938,
        "x": 4275446.9299999997,
        "y": 5266400.7460000003,
        "MapSection": "B20",
        "Latitude": 39.058539119999999,
        "Longitude": -84.534671729999999
      }
    },
    {
      "type": "Feature",
      "id": 85,
      "geometry": {
        "type": "Point",
        "coordinates": [-84.536184180788439, 39.057246706978248]
      },
      "properties": {
        "OBJECTID": 85,
        "Receiver": "R556",
        "DU": null,
        "FrontRow": null,
        "Existing": 54.2999992,
        "Proposed": 55.5999985,
        "Impact": "No",
        "Barrier": null,
        "Benefited": null,
        "ELEVATION": null,
        "Section": "B20",
        "Reduction": null,
        "x": 4274967.8760000002,
        "y": 5265978.699,
        "MapSection": null,
        "Latitude": 39.057239209999999,
        "Longitude": -84.536179590000003
      }
    },
    {
      "type": "Feature",
      "id": 86,
      "geometry": {
        "type": "Point",
        "coordinates": [-84.537103674330041, 39.056592925006967]
      },
      "properties": {
        "OBJECTID": 86,
        "Receiver": "R557",
        "DU": null,
        "FrontRow": null,
        "Existing": 69.4000015,
        "Proposed": 70.3000031,
        "Impact": "Yes",
        "Barrier": null,
        "Benefited": "",
        "ELEVATION": null,
        "Section": "B19",
        "Reduction": null,
        "x": 4274726.3480000002,
        "y": 5265720.6699999999,
        "MapSection": null,
        "Latitude": 39.056585419999998,
        "Longitude": -84.537099089999998
      }
    },
    {
      "type": "Feature",
      "id": 87,
      "geometry": {
        "type": "Point",
        "coordinates": [-84.531767524091251, 39.059587899790934]
      },
      "properties": {
        "OBJECTID": 87,
        "Receiver": "R558",
        "DU": null,
        "FrontRow": null,
        "Existing": 58.5,
        "Proposed": 60.2000008,
        "Impact": "No",
        "Barrier": 58.5,
        "Benefited": "No",
        "ELEVATION": null,
        "Section": "B20",
        "Reduction": 1.7000007629394531,
        "x": 4275836.9740000004,
        "y": 5267221.8389999997,
        "MapSection": "B20",
        "Latitude": 39.059580400000002,
        "Longitude": -84.531762939999993
      }
    },
    {
      "type": "Feature",
      "id": 88,
      "geometry": {
        "type": "Point",
        "coordinates": [-84.533660292847287, 39.059073099683289]
      },
      "properties": {
        "OBJECTID": 88,
        "Receiver": "R559",
        "DU": null,
        "FrontRow": null,
        "Existing": 59.5999985,
        "Proposed": 63.5999985,
        "Impact": "No",
        "Barrier": 59,
        "Benefited": "No",
        "ELEVATION": null,
        "Section": "B20",
        "Reduction": 4.5999984741210938,
        "x": 4275642.4519999996,
        "y": 5266686.7790000001,
        "MapSection": "B20",
        "Latitude": 39.059065599999997,
        "Longitude": -84.533655710000005
      }
    },
    {
      "type": "Feature",
      "id": 89,
      "geometry": {
        "type": "Point",
        "coordinates": [-84.534061925786787, 39.058853401653664]
      },
      "properties": {
        "OBJECTID": 89,
        "Receiver": "R560",
        "DU": null,
        "FrontRow": null,
        "Existing": 59.2000008,
        "Proposed": 62.5999985,
        "Impact": "No",
        "Barrier": 57.5999985,
        "Benefited": "Yes",
        "ELEVATION": null,
        "Section": "B20",
        "Reduction": 5,
        "x": 4275560.943,
        "y": 5266573.7659999998,
        "MapSection": "B20",
        "Latitude": 39.058845900000001,
        "Longitude": -84.534057340000004
      }
    },
    {
      "type": "Feature",
      "id": 90,
      "geometry": {
        "type": "Point",
        "coordinates": [-84.534251753614086, 39.058768836777972]
      },
      "properties": {
        "OBJECTID": 90,
        "Receiver": "R561",
        "DU": null,
        "FrontRow": null,
        "Existing": 59.4000015,
        "Proposed": 63.2999992,
        "Impact": "No",
        "Barrier": 58.4000015,
        "Benefited": "No",
        "ELEVATION": null,
        "Section": "B20",
        "Reduction": 4.8999977111816406,
        "x": 4275529.4390000002,
        "y": 5266520.2599999998,
        "MapSection": "B20",
        "Latitude": 39.058761330000003,
        "Longitude": -84.53424717
      }
    },
    {
      "type": "Feature",
      "id": 91,
      "geometry": {
        "type": "Point",
        "coordinates": [-84.535830168169781, 39.057462777089277]
      },
      "properties": {
        "OBJECTID": 91,
        "Receiver": "R562",
        "DU": null,
        "FrontRow": null,
        "Existing": 52.2000008,
        "Proposed": 56.2999992,
        "Impact": "No",
        "Barrier": 56,
        "Benefited": "No",
        "ELEVATION": null,
        "Section": "B20",
        "Reduction": 0.29999923706054688,
        "x": 4275047.8849999998,
        "y": 5266078.21,
        "MapSection": "B20",
        "Latitude": 39.057455279999999,
        "Longitude": -84.535825579999994
      }
    },
    {
      "type": "Feature",
      "id": 92,
      "geometry": {
        "type": "Point",
        "coordinates": [-84.536022138863686, 39.057354892147572]
      },
      "properties": {
        "OBJECTID": 92,
        "Receiver": "R563",
        "DU": null,
        "FrontRow": null,
        "Existing": 53,
        "Proposed": 55.0999985,
        "Impact": "No",
        "Barrier": null,
        "Benefited": null,
        "ELEVATION": null,
        "Section": "B20",
        "Reduction": null,
        "x": 4275007.8799999999,
        "y": 5266024.2039999999,
        "MapSection": null,
        "Latitude": 39.057347389999997,
        "Longitude": -84.536017549999997
      }
    },
    {
      "type": "Feature",
      "id": 93,
      "geometry": {
        "type": "Point",
        "coordinates": [-84.535375503896603, 39.05769567014449]
      },
      "properties": {
        "OBJECTID": 93,
        "Receiver": "R565",
        "DU": null,
        "FrontRow": null,
        "Existing": 52.4000015,
        "Proposed": 55.2999992,
        "Impact": "No",
        "Barrier": 54.7000008,
        "Benefited": "No",
        "ELEVATION": null,
        "Section": "B20",
        "Reduction": 0.59999847412109375,
        "x": 4275134.3940000003,
        "y": 5266206.2240000004,
        "MapSection": "B20",
        "Latitude": 39.057688169999999,
        "Longitude": -84.535370920000005
      }
    },
    {
      "type": "Feature",
      "id": 94,
      "geometry": {
        "type": "Point",
        "coordinates": [-84.536696811608053, 39.056494075138509]
      },
      "properties": {
        "OBJECTID": 94,
        "Receiver": "R566",
        "DU": null,
        "FrontRow": null,
        "Existing": 64.6999969,
        "Proposed": 62.2000008,
        "Impact": "No",
        "Barrier": null,
        "Benefited": null,
        "ELEVATION": null,
        "Section": "B20",
        "Reduction": null,
        "x": 4274691.8449999997,
        "y": 5265836.6830000002,
        "MapSection": null,
        "Latitude": 39.056486569999997,
        "Longitude": -84.536692220000006
      }
    },
    {
      "type": "Feature",
      "id": 95,
      "geometry": {
        "type": "Point",
        "coordinates": [-84.535202964026595, 39.057799632198552]
      },
      "properties": {
        "OBJECTID": 95,
        "Receiver": "R569",
        "DU": null,
        "FrontRow": null,
        "Existing": 52.7000008,
        "Proposed": 55.2999992,
        "Impact": "No",
        "Barrier": 54.4000015,
        "Benefited": "No",
        "ELEVATION": null,
        "Section": "B20",
        "Reduction": 0.89999771118164062,
        "x": 4275172.8990000002,
        "y": 5266254.7300000004,
        "MapSection": "B20",
        "Latitude": 39.057792130000003,
        "Longitude": -84.535198379999997
      }
    },
    {
      "type": "Feature",
      "id": 96,
      "geometry": {
        "type": "Point",
        "coordinates": [-84.536366539160596, 39.056659587760436]
      },
      "properties": {
        "OBJECTID": 96,
        "Receiver": "R570",
        "DU": null,
        "FrontRow": null,
        "Existing": 60,
        "Proposed": 60.0999985,
        "Impact": "No",
        "Barrier": null,
        "Benefited": null,
        "ELEVATION": null,
        "Section": "B20",
        "Reduction": null,
        "x": 4274753.3509999998,
        "y": 5265929.693,
        "MapSection": null,
        "Latitude": 39.05665209,
        "Longitude": -84.53636195
      }
    },
    {
      "type": "Feature",
      "id": 97,
      "geometry": {
        "type": "Point",
        "coordinates": [-84.532353233340956, 39.05931241845618]
      },
      "properties": {
        "OBJECTID": 97,
        "Receiver": "R572",
        "DU": null,
        "FrontRow": null,
        "Existing": 55.5,
        "Proposed": 61,
        "Impact": "No",
        "Barrier": 56.4000015,
        "Benefited": "No",
        "ELEVATION": null,
        "Section": "B20",
        "Reduction": 4.5999984741210938,
        "x": 4275734.4620000003,
        "y": 5267056.8200000003,
        "MapSection": "B20",
        "Latitude": 39.059304920000002,
        "Longitude": -84.532348650000003
      }
    },
    {
      "type": "Feature",
      "id": 98,
      "geometry": {
        "type": "Point",
        "coordinates": [-84.530772956762618, 39.059672501418689]
      },
      "properties": {
        "OBJECTID": 98,
        "Receiver": "R573",
        "DU": null,
        "FrontRow": null,
        "Existing": 68,
        "Proposed": 68.8000031,
        "Impact": "Yes",
        "Barrier": 66.4000015,
        "Benefited": "No",
        "ELEVATION": null,
        "Section": "B20",
        "Reduction": 2.4000015258789062,
        "x": 4275871.4780000001,
        "y": 5267503.8710000003,
        "MapSection": "B20",
        "Latitude": 39.059665000000003,
        "Longitude": -84.530768370000004
      }
    },
    {
      "type": "Feature",
      "id": 99,
      "geometry": {
        "type": "Point",
        "coordinates": [-84.531005483995941, 39.059562293092768]
      },
      "properties": {
        "OBJECTID": 99,
        "Receiver": "R577",
        "DU": null,
        "FrontRow": null,
        "Existing": 65.5,
        "Proposed": 66.1999969,
        "Impact": "Yes",
        "Barrier": 64.6999969,
        "Benefited": "No",
        "ELEVATION": null,
        "Section": "B20",
        "Reduction": 1.5,
        "x": 4275830.4730000002,
        "y": 5267438.3629999999,
        "MapSection": "B20",
        "Latitude": 39.05955479,
        "Longitude": -84.531000899999995
      }
    },
    {
      "type": "Feature",
      "id": 100,
      "geometry": {
        "type": "Point",
        "coordinates": [-84.532573590464168, 39.059192473331244]
      },
      "properties": {
        "OBJECTID": 100,
        "Receiver": "R578",
        "DU": null,
        "FrontRow": null,
        "Existing": 58.4000015,
        "Proposed": 61.9000015,
        "Impact": "No",
        "Barrier": 56.5999985,
        "Benefited": "Yes",
        "ELEVATION": null,
        "Section": "B20",
        "Reduction": 5.3000030517578125,
        "x": 4275689.9570000004,
        "y": 5266994.8130000001,
        "MapSection": "B20",
        "Latitude": 39.059184969999997,
        "Longitude": -84.532568999999995
      }
    },
    {
      "type": "Feature",
      "id": 101,
      "geometry": {
        "type": "Point",
        "coordinates": [-84.534997159089187, 39.057892272736346]
      },
      "properties": {
        "OBJECTID": 101,
        "Receiver": "R579",
        "DU": null,
        "FrontRow": null,
        "Existing": 53.2999992,
        "Proposed": 56.5,
        "Impact": "No",
        "Barrier": 55.5,
        "Benefited": "No",
        "ELEVATION": null,
        "Section": "B20",
        "Reduction": 1,
        "x": 4275207.4029999999,
        "y": 5266312.7359999996,
        "MapSection": "B20",
        "Latitude": 39.057884770000001,
        "Longitude": -84.53499257
      }
    },
    {
      "type": "Feature",
      "id": 102,
      "geometry": {
        "type": "Point",
        "coordinates": [-84.536108903746523, 39.056798382635328]
      },
      "properties": {
        "OBJECTID": 102,
        "Receiver": "R580",
        "DU": null,
        "FrontRow": null,
        "Existing": 55.0999985,
        "Proposed": 56.2999992,
        "Impact": "No",
        "Barrier": null,
        "Benefited": null,
        "ELEVATION": null,
        "Section": "B20",
        "Reduction": null,
        "x": 4274804.8569999998,
        "y": 5266002.2010000004,
        "MapSection": null,
        "Latitude": 39.056790880000001,
        "Longitude": -84.536104320000007
      }
    },
    {
      "type": "Feature",
      "id": 103,
      "geometry": {
        "type": "Point",
        "coordinates": [-84.534822972514931, 39.057989351209969]
      },
      "properties": {
        "OBJECTID": 103,
        "Receiver": "R581",
        "DU": null,
        "FrontRow": null,
        "Existing": 53.0999985,
        "Proposed": 56.7999992,
        "Impact": "No",
        "Barrier": 55.4000015,
        "Benefited": "No",
        "ELEVATION": null,
        "Section": "B20",
        "Reduction": 1.3999977111816406,
        "x": 4275243.4069999997,
        "y": 5266361.7419999996,
        "MapSection": "B20",
        "Latitude": 39.057981849999997,
        "Longitude": -84.534818380000004
      }
    },
    {
      "type": "Feature",
      "id": 104,
      "geometry": {
        "type": "Point",
        "coordinates": [-84.531231080453622, 39.059445149229823]
      },
      "properties": {
        "OBJECTID": 104,
        "Receiver": "R583",
        "DU": null,
        "FrontRow": null,
        "Existing": 63.2999992,
        "Proposed": 64.8000031,
        "Impact": "No",
        "Barrier": 63.5,
        "Benefited": "No",
        "ELEVATION": null,
        "Section": "B20",
        "Reduction": 1.3000030517578125,
        "x": 4275786.9680000003,
        "y": 5267374.8559999997,
        "MapSection": "B20",
        "Latitude": 39.05943765,
        "Longitude": -84.531226489999995
      }
    },
    {
      "type": "Feature",
      "id": 105,
      "geometry": {
        "type": "Point",
        "coordinates": [-84.532781621831788, 39.059072403351465]
      },
      "properties": {
        "OBJECTID": 105,
        "Receiver": "R584",
        "DU": null,
        "FrontRow": null,
        "Existing": 56.4000015,
        "Proposed": 60,
        "Impact": "No",
        "Barrier": 58,
        "Benefited": "No",
        "ELEVATION": null,
        "Section": "B20",
        "Reduction": 2,
        "x": 4275645.4519999996,
        "y": 5266936.307,
        "MapSection": "B20",
        "Latitude": 39.059064900000003,
        "Longitude": -84.532777030000005
      }
    },
    {
      "type": "Feature",
      "id": 106,
      "geometry": {
        "type": "Point",
        "coordinates": [-84.534625670314895, 39.058099922831317]
      },
      "properties": {
        "OBJECTID": 106,
        "Receiver": "R585",
        "DU": null,
        "FrontRow": null,
        "Existing": 53.5999985,
        "Proposed": 57.2999992,
        "Impact": "No",
        "Barrier": 55.7000008,
        "Benefited": "No",
        "ELEVATION": null,
        "Section": "B20",
        "Reduction": 1.5999984741210938,
        "x": 4275284.4110000003,
        "y": 5266417.2479999997,
        "MapSection": "B20",
        "Latitude": 39.058092420000001,
        "Longitude": -84.534621079999994
      }
    },
    {
      "type": "Feature",
      "id": 107,
      "geometry": {
        "type": "Point",
        "coordinates": [-84.535884923315734, 39.056925163852227]
      },
      "properties": {
        "OBJECTID": 107,
        "Receiver": "R586",
        "DU": null,
        "FrontRow": null,
        "Existing": 53.0999985,
        "Proposed": 54.2999992,
        "Impact": "No",
        "Barrier": null,
        "Benefited": null,
        "ELEVATION": null,
        "Section": "B20",
        "Reduction": null,
        "x": 4274851.8629999999,
        "y": 5266065.2079999996,
        "MapSection": null,
        "Latitude": 39.056917660000003,
        "Longitude": -84.535880340000006
      }
    },
    {
      "type": "Feature",
      "id": 108,
      "geometry": {
        "type": "Point",
        "coordinates": [-84.534385974183934, 39.058218301697607]
      },
      "properties": {
        "OBJECTID": 108,
        "Receiver": "R587",
        "DU": null,
        "FrontRow": null,
        "Existing": 54.2000008,
        "Proposed": 58.2999992,
        "Impact": "No",
        "Barrier": 55.9000015,
        "Benefited": "No",
        "ELEVATION": null,
        "Section": "B20",
        "Reduction": 2.3999977111816406,
        "x": 4275328.4160000002,
        "y": 5266484.7560000001,
        "MapSection": "B20",
        "Latitude": 39.058210799999998,
        "Longitude": -84.534381389999993
      }
    },
    {
      "type": "Feature",
      "id": 109,
      "geometry": {
        "type": "Point",
        "coordinates": [-84.531421349921416, 39.059334509791626]
      },
      "properties": {
        "OBJECTID": 109,
        "Receiver": "R589",
        "DU": null,
        "FrontRow": null,
        "Existing": 61.9000015,
        "Proposed": 63.9000015,
        "Impact": "No",
        "Barrier": 62.7000008,
        "Benefited": "No",
        "ELEVATION": null,
        "Section": "B20",
        "Reduction": 1.2000007629394531,
        "x": 4275745.9630000005,
        "y": 5267321.3499999996,
        "MapSection": "B20",
        "Latitude": 39.059327009999997,
        "Longitude": -84.531416759999999
      }
    },
    {
      "type": "Feature",
      "id": 110,
      "geometry": {
        "type": "Point",
        "coordinates": [-84.532961325635142, 39.058961655827574]
      },
      "properties": {
        "OBJECTID": 110,
        "Receiver": "R590",
        "DU": null,
        "FrontRow": null,
        "Existing": 56.2999992,
        "Proposed": 60.2000008,
        "Impact": "No",
        "Barrier": 57.7000008,
        "Benefited": "No",
        "ELEVATION": null,
        "Section": "B20",
        "Reduction": 2.5,
        "x": 4275604.4479999999,
        "y": 5266885.801,
        "MapSection": "B20",
        "Latitude": 39.058954149999998,
        "Longitude": -84.532956740000003
      }
    },
    {
      "type": "Feature",
      "id": 111,
      "geometry": {
        "type": "Point",
        "coordinates": [-84.533218858772599, 39.058829731222012]
      },
      "properties": {
        "OBJECTID": 111,
        "Receiver": "R591",
        "DU": null,
        "FrontRow": null,
        "Existing": 55.9000015,
        "Proposed": 59.7000008,
        "Impact": "No",
        "Barrier": 56.5999985,
        "Benefited": "No",
        "ELEVATION": null,
        "Section": "B20",
        "Reduction": 3.1000022888183594,
        "x": 4275555.4419999998,
        "y": 5266813.2929999996,
        "MapSection": "B20",
        "Latitude": 39.058822229999997,
        "Longitude": -84.533214270000002
      }
    },
    {
      "type": "Feature",
      "id": 112,
      "geometry": {
        "type": "Point",
        "coordinates": [-84.533595316312116, 39.0586413541076]
      },
      "properties": {
        "OBJECTID": 112,
        "Receiver": "R592",
        "DU": null,
        "FrontRow": null,
        "Existing": 56.0999985,
        "Proposed": 59.5,
        "Impact": "No",
        "Barrier": 55.9000015,
        "Benefited": "No",
        "ELEVATION": null,
        "Section": "B20",
        "Reduction": 3.5999984741210938,
        "x": 4275485.4340000004,
        "y": 5266707.2810000004,
        "MapSection": "B20",
        "Latitude": 39.05863385,
        "Longitude": -84.53359073
      }
    },
    {
      "type": "Feature",
      "id": 113,
      "geometry": {
        "type": "Point",
        "coordinates": [-84.533813931924954, 39.058520016276184]
      },
      "properties": {
        "OBJECTID": 113,
        "Receiver": "R593",
        "DU": null,
        "FrontRow": null,
        "Existing": 55.4000015,
        "Proposed": 59.4000015,
        "Impact": "No",
        "Barrier": 56.2999992,
        "Benefited": "No",
        "ELEVATION": null,
        "Section": "B20",
        "Reduction": 3.1000022888183594,
        "x": 4275440.4289999995,
        "y": 5266645.7740000002,
        "MapSection": "B20",
        "Latitude": 39.05851251,
        "Longitude": -84.533809340000005
      }
    },
    {
      "type": "Feature",
      "id": 114,
      "geometry": {
        "type": "Point",
        "coordinates": [-84.534201246724393, 39.05831390038518]
      },
      "properties": {
        "OBJECTID": 114,
        "Receiver": "R594",
        "DU": null,
        "FrontRow": null,
        "Existing": 54.2000008,
        "Proposed": 58.5,
        "Impact": "No",
        "Barrier": 55.9000015,
        "Benefited": "No",
        "ELEVATION": null,
        "Section": "B20",
        "Reduction": 2.5999984741210938,
        "x": 4275363.9199999999,
        "y": 5266536.7620000001,
        "MapSection": "B20",
        "Latitude": 39.058306399999999,
        "Longitude": -84.534196660000006
      }
    },
    {
      "type": "Feature",
      "id": 115,
      "geometry": {
        "type": "Point",
        "coordinates": [-84.531599111004198, 39.059234727201449]
      },
      "properties": {
        "OBJECTID": 115,
        "Receiver": "R597",
        "DU": null,
        "FrontRow": null,
        "Existing": 61.4000015,
        "Proposed": 63.7000008,
        "Impact": "No",
        "Barrier": 62.2000008,
        "Benefited": "No",
        "ELEVATION": null,
        "Section": "B20",
        "Reduction": 1.5,
        "x": 4275708.9589999998,
        "y": 5267271.3439999996,
        "MapSection": "B20",
        "Latitude": 39.059227229999998,
        "Longitude": -84.531594519999999
      }
    },
    {
      "type": "Feature",
      "id": 116,
      "geometry": {
        "type": "Point",
        "coordinates": [-84.534003942669358, 39.058424472763626]
      },
      "properties": {
        "OBJECTID": 116,
        "Receiver": "R598",
        "DU": null,
        "FrontRow": null,
        "Existing": 54.4000015,
        "Proposed": 58.7999992,
        "Impact": "No",
        "Barrier": 55.9000015,
        "Benefited": "No",
        "ELEVATION": null,
        "Section": "B20",
        "Reduction": 2.8999977111816406,
        "x": 4275404.9249999998,
        "y": 5266592.2680000002,
        "MapSection": "B20",
        "Latitude": 39.058416970000003,
        "Longitude": -84.533999359999996
      }
    },
    {
      "type": "Feature",
      "id": 117,
      "geometry": {
        "type": "Point",
        "coordinates": [-84.535460510281098, 39.057139146005305]
      },
      "properties": {
        "OBJECTID": 117,
        "Receiver": "R599",
        "DU": null,
        "FrontRow": null,
        "Existing": 53.2999992,
        "Proposed": 57,
        "Impact": "No",
        "Barrier": 56.5999985,
        "Benefited": "No",
        "ELEVATION": null,
        "Section": "B20",
        "Reduction": 0.40000152587890625,
        "x": 4274931.3720000004,
        "y": 5266184.7220000001,
        "MapSection": "B20",
        "Latitude": 39.057131640000001,
        "Longitude": -84.535455920000004
      }
    },
    {
      "type": "Feature",
      "id": 118,
      "geometry": {
        "type": "Point",
        "coordinates": [-84.535707310082984, 39.057016715271715]
      },
      "properties": {
        "OBJECTID": 118,
        "Receiver": "R600",
        "DU": null,
        "FrontRow": null,
        "Existing": 53.2999992,
        "Proposed": 54.7999992,
        "Impact": "No",
        "Barrier": null,
        "Benefited": null,
        "ELEVATION": null,
        "Section": "B20",
        "Reduction": null,
        "x": 4274885.8660000004,
        "y": 5266115.2139999997,
        "MapSection": null,
        "Latitude": 39.057009209999997,
        "Longitude": -84.535702720000003
      }
    },
    {
      "type": "Feature",
      "id": 119,
      "geometry": {
        "type": "Point",
        "coordinates": [-84.531784278600469, 39.059113052569543]
      },
      "properties": {
        "OBJECTID": 119,
        "Receiver": "R604",
        "DU": null,
        "FrontRow": null,
        "Existing": 61.5999985,
        "Proposed": 63.4000015,
        "Impact": "No",
        "Barrier": 61.5,
        "Benefited": "No",
        "ELEVATION": null,
        "Section": "B20",
        "Reduction": 1.9000015258789062,
        "x": 4275663.9539999999,
        "y": 5267219.3389999997,
        "MapSection": "B20",
        "Latitude": 39.059105549999998,
        "Longitude": -84.531779689999993
      }
    },
    {
      "type": "Feature",
      "id": 120,
      "geometry": {
        "type": "Point",
        "coordinates": [-84.535199098689418, 39.057292999655331]
      },
      "properties": {
        "OBJECTID": 120,
        "Receiver": "R605",
        "DU": null,
        "FrontRow": null,
        "Existing": 53.5,
        "Proposed": 56.5999985,
        "Impact": "No",
        "Barrier": 56,
        "Benefited": "No",
        "ELEVATION": null,
        "Section": "B20",
        "Reduction": 0.59999847412109375,
        "x": 4274988.3779999996,
        "y": 5266258.2300000004,
        "MapSection": "B20",
        "Latitude": 39.057285499999999,
        "Longitude": -84.535194509999997
      }
    },
    {
      "type": "Feature",
      "id": 121,
      "geometry": {
        "type": "Point",
        "coordinates": [-84.535041355176617, 39.057354552751647]
      },
      "properties": {
        "OBJECTID": 121,
        "Receiver": "R607",
        "DU": null,
        "FrontRow": null,
        "Existing": 53.5,
        "Proposed": 55.2999992,
        "Impact": "No",
        "Barrier": 55.2999992,
        "Benefited": "No",
        "ELEVATION": null,
        "Section": "B20",
        "Reduction": 0,
        "x": 4275011.3810000001,
        "y": 5266302.7350000003,
        "MapSection": "B20",
        "Latitude": 39.057347049999997,
        "Longitude": -84.535036770000005
      }
    },
    {
      "type": "Feature",
      "id": 122,
      "geometry": {
        "type": "Point",
        "coordinates": [-84.53495778331353, 39.057403127808421]
      },
      "properties": {
        "OBJECTID": 122,
        "Receiver": "R612",
        "DU": null,
        "FrontRow": null,
        "Existing": 54.0999985,
        "Proposed": 55.7999992,
        "Impact": "No",
        "Barrier": 55.7999992,
        "Benefited": "No",
        "ELEVATION": null,
        "Section": "B20",
        "Reduction": 0,
        "x": 4275029.3830000004,
        "y": 5266326.2379999999,
        "MapSection": "B20",
        "Latitude": 39.057395630000002,
        "Longitude": -84.534953200000004
      }
    },
    {
      "type": "Feature",
      "id": 123,
      "geometry": {
        "type": "Point",
        "coordinates": [-84.528754780779877, 39.058949011111636]
      },
      "properties": {
        "OBJECTID": 123,
        "Receiver": "R637",
        "DU": null,
        "FrontRow": null,
        "Existing": 67,
        "Proposed": 69,
        "Impact": "Yes",
        "Barrier": 69,
        "Benefited": "No",
        "ELEVATION": null,
        "Section": "B20",
        "Reduction": 0,
        "x": 4275615.449,
        "y": 5268080.4359999998,
        "MapSection": "B20",
        "Latitude": 39.058941509999997,
        "Longitude": -84.528750189999997
      }
    },
    {
      "type": "Feature",
      "id": 124,
      "geometry": {
        "type": "Point",
        "coordinates": [-84.566213068005567, 39.052730056761384]
      },
      "properties": {
        "OBJECTID": 124,
        "Receiver": "R702",
        "DU": null,
        "FrontRow": null,
        "Existing": 62,
        "Proposed": 63.9000015,
        "Impact": "No",
        "Barrier": 63.5999985,
        "Benefited": "No",
        "ELEVATION": null,
        "Section": "B17",
        "Reduction": 0.3000030517578125,
        "x": 4273213.1780000003,
        "y": 5257471.7390000001,
        "MapSection": "B17",
        "Latitude": 39.052722559999999,
        "Longitude": -84.566208470000007
      }
    },
    {
      "type": "Feature",
      "id": 125,
      "geometry": {
        "type": "Point",
        "coordinates": [-84.565578572348684, 39.05276908426233]
      },
      "properties": {
        "OBJECTID": 125,
        "Receiver": "R703",
        "DU": null,
        "FrontRow": null,
        "Existing": 61.4000015,
        "Proposed": 63.4000015,
        "Impact": "No",
        "Barrier": null,
        "Benefited": null,
        "ELEVATION": null,
        "Section": "B17",
        "Reduction": null,
        "x": 4273229.6799999997,
        "y": 5257651.7589999996,
        "MapSection": null,
        "Latitude": 39.052761580000002,
        "Longitude": -84.565573979999996
      }
    },
    {
      "type": "Feature",
      "id": 126,
      "geometry": {
        "type": "Point",
        "coordinates": [-84.566319701208798, 39.052669330924367]
      },
      "properties": {
        "OBJECTID": 126,
        "Receiver": "R704",
        "DU": null,
        "FrontRow": null,
        "Existing": 62.2999992,
        "Proposed": 64.0999985,
        "Impact": "No",
        "Barrier": null,
        "Benefited": null,
        "ELEVATION": null,
        "Section": "B17",
        "Reduction": null,
        "x": 4273190.6749999998,
        "y": 5257441.7350000003,
        "MapSection": null,
        "Latitude": 39.052661829999998,
        "Longitude": -84.566315099999997
      }
    },
    {
      "type": "Feature",
      "id": 127,
      "geometry": {
        "type": "Point",
        "coordinates": [-84.566125425245602, 39.052705850873352]
      },
      "properties": {
        "OBJECTID": 127,
        "Receiver": "R705",
        "DU": null,
        "FrontRow": null,
        "Existing": 62.2000008,
        "Proposed": 64,
        "Impact": "No",
        "Barrier": null,
        "Benefited": null,
        "ELEVATION": null,
        "Section": "B17",
        "Reduction": null,
        "x": 4273204.6770000001,
        "y": 5257496.7419999996,
        "MapSection": null,
        "Latitude": 39.05269835,
        "Longitude": -84.566120830000003
      }
    },
    {
      "type": "Feature",
      "id": 128,
      "geometry": {
        "type": "Point",
        "coordinates": [-84.565876800398343, 39.0527281028766]
      },
      "properties": {
        "OBJECTID": 128,
        "Receiver": "R706",
        "DU": null,
        "FrontRow": null,
        "Existing": 61.7999992,
        "Proposed": 63.7000008,
        "Impact": "No",
        "Barrier": null,
        "Benefited": null,
        "ELEVATION": null,
        "Section": "B17",
        "Reduction": null,
        "x": 4273213.6780000003,
        "y": 5257567.25,
        "MapSection": null,
        "Latitude": 39.052720600000001,
        "Longitude": -84.565872200000001
      }
    },
    {
      "type": "Feature",
      "id": 129,
      "geometry": {
        "type": "Point",
        "coordinates": [-84.566794130484325, 39.052620479893839]
      },
      "properties": {
        "OBJECTID": 129,
        "Receiver": "R707",
        "DU": null,
        "FrontRow": null,
        "Existing": 62.7000008,
        "Proposed": 64.9000015,
        "Impact": "No",
        "Barrier": null,
        "Benefited": null,
        "ELEVATION": null,
        "Section": "B17",
        "Reduction": null,
        "x": 4273171.1730000004,
        "y": 5257307.2199999997,
        "MapSection": null,
        "Latitude": 39.052612979999999,
        "Longitude": -84.566789529999994
      }
    },
    {
      "type": "Feature",
      "id": 130,
      "geometry": {
        "type": "Point",
        "coordinates": [-84.566537151457709, 39.052615193556861]
      },
      "properties": {
        "OBJECTID": 130,
        "Receiver": "R708",
        "DU": null,
        "FrontRow": null,
        "Existing": 62.5999985,
        "Proposed": 64.4000015,
        "Impact": "No",
        "Barrier": null,
        "Benefited": null,
        "ELEVATION": null,
        "Section": "B17",
        "Reduction": null,
        "x": 4273170.1730000004,
        "y": 5257380.2280000001,
        "MapSection": null,
        "Latitude": 39.052607690000002,
        "Longitude": -84.566532550000005
      }
    },
    {
      "type": "Feature",
      "id": 131,
      "geometry": {
        "type": "Point",
        "coordinates": [-84.558881754850447, 39.053246280039595]
      },
      "properties": {
        "OBJECTID": 131,
        "Receiver": "R709",
        "DU": null,
        "FrontRow": null,
        "Existing": 63.5,
        "Proposed": 66.4000015,
        "Impact": "Yes",
        "Barrier": 64.5,
        "Benefited": "No",
        "ELEVATION": null,
        "Section": "B17",
        "Reduction": 1.9000015258789062,
        "x": 4273427.7019999996,
        "y": 5259551.4730000002,
        "MapSection": "B17A",
        "Latitude": 39.053238780000001,
        "Longitude": -84.558877159999994
      }
    },
    {
      "type": "Feature",
      "id": 132,
      "geometry": {
        "type": "Point",
        "coordinates": [-84.558154242294378, 39.053373578382157]
      },
      "properties": {
        "OBJECTID": 132,
        "Receiver": "R710",
        "DU": null,
        "FrontRow": null,
        "Existing": 61.7000008,
        "Proposed": 64.5999985,
        "Impact": "No",
        "Barrier": 61.2999992,
        "Benefited": "No",
        "ELEVATION": null,
        "Section": "B17",
        "Reduction": 3.2999992370605469,
        "x": 4273476.7070000004,
        "y": 5259757.4970000004,
        "MapSection": "B17A",
        "Latitude": 39.053366080000004,
        "Longitude": -84.558149650000004
      }
    },
    {
      "type": "Feature",
      "id": 133,
      "geometry": {
        "type": "Point",
        "coordinates": [-84.557926451015049, 39.053091243819807]
      },
      "properties": {
        "OBJECTID": 133,
        "Receiver": "R711",
        "DU": null,
        "FrontRow": null,
        "Existing": 63.9000015,
        "Proposed": 66.8000031,
        "Impact": "Yes",
        "Barrier": 62.7999992,
        "Benefited": "No",
        "ELEVATION": null,
        "Section": "B17",
        "Reduction": 4.0000038146972656,
        "x": 4273374.6960000005,
        "y": 5259823.5039999997,
        "MapSection": "B17A",
        "Latitude": 39.053083739999998,
        "Longitude": -84.557921859999993
      }
    },
    {
      "type": "Feature",
      "id": 134,
      "geometry": {
        "type": "Point",
        "coordinates": [-84.54420676143404, 39.058085628447564]
      },
      "properties": {
        "OBJECTID": 134,
        "Receiver": "R712",
        "DU": null,
        "FrontRow": null,
        "Existing": 65.6999969,
        "Proposed": 68.6999969,
        "Impact": "Yes",
        "Barrier": 62.5999985,
        "Benefited": "Yes",
        "ELEVATION": null,
        "Section": "B16",
        "Reduction": 6.0999984741210938,
        "x": 4275243.9069999997,
        "y": 5263696.4409999996,
        "MapSection": "B16",
        "Latitude": 39.058078129999998,
        "Longitude": -84.544202170000005
      }
    },
    {
      "type": "Feature",
      "id": 135,
      "geometry": {
        "type": "Point",
        "coordinates": [-84.566293139386715, 39.051920847953866]
      },
      "properties": {
        "OBJECTID": 135,
        "Receiver": "R713",
        "DU": null,
        "FrontRow": null,
        "Existing": 71.8000031,
        "Proposed": 74,
        "Impact": "Yes",
        "Barrier": null,
        "Benefited": "",
        "ELEVATION": null,
        "Section": "B17",
        "Reduction": null,
        "x": 4272918.1440000003,
        "y": 5257452.7369999997,
        "MapSection": null,
        "Latitude": 39.05191335,
        "Longitude": -84.566288540000002
      }
    },
    {
      "type": "Feature",
      "id": 136,
      "geometry": {
        "type": "Point",
        "coordinates": [-84.558612937417209, 39.052780943933918]
      },
      "properties": {
        "OBJECTID": 136,
        "Receiver": "R714",
        "DU": null,
        "FrontRow": null,
        "Existing": 68.9000015,
        "Proposed": 72.9000015,
        "Impact": "Yes",
        "Barrier": 67.6999969,
        "Benefited": "Yes",
        "ELEVATION": null,
        "Section": "B17",
        "Reduction": 5.2000045776367188,
        "x": 4273259.1830000002,
        "y": 5259629.9819999998,
        "MapSection": "B17A",
        "Latitude": 39.052773440000003,
        "Longitude": -84.558608340000006
      }
    },
    {
      "type": "Feature",
      "id": 137,
      "geometry": {
        "type": "Point",
        "coordinates": [-84.557559658237565, 39.052910488853087]
      },
      "properties": {
        "OBJECTID": 137,
        "Receiver": "R715",
        "DU": null,
        "FrontRow": null,
        "Existing": 65.8000031,
        "Proposed": 69.4000015,
        "Impact": "Yes",
        "Barrier": 61.4000015,
        "Benefited": "Yes",
        "ELEVATION": null,
        "Section": "B17",
        "Reduction": 8,
        "x": 4273310.1890000002,
        "y": 5259928.5159999998,
        "MapSection": "B17A",
        "Latitude": 39.05290299,
        "Longitude": -84.557555059999999
      }
    },
    {
      "type": "Feature",
      "id": 138,
      "geometry": {
        "type": "Point",
        "coordinates": [-84.543847939097333, 39.058274216403703]
      },
      "properties": {
        "OBJECTID": 138,
        "Receiver": "R716",
        "DU": null,
        "FrontRow": null,
        "Existing": 65.5999985,
        "Proposed": 68.6999969,
        "Impact": "Yes",
        "Barrier": 61.7999992,
        "Benefited": "Yes",
        "ELEVATION": null,
        "Section": "B16",
        "Reduction": 6.8999977111816406,
        "x": 4275313.915,
        "y": 5263797.4529999997,
        "MapSection": "B16",
        "Latitude": 39.058266719999999,
        "Longitude": -84.543843350000003
      }
    },
    {
      "type": "Feature",
      "id": 139,
      "geometry": {
        "type": "Point",
        "coordinates": [-84.565450204098227, 39.052001746297542]
      },
      "properties": {
        "OBJECTID": 139,
        "Receiver": "R717",
        "DU": null,
        "FrontRow": null,
        "Existing": 72.9000015,
        "Proposed": 74.9000015,
        "Impact": "Yes",
        "Barrier": null,
        "Benefited": "",
        "ELEVATION": null,
        "Section": "B17",
        "Reduction": null,
        "x": 4272950.648,
        "y": 5257691.7640000004,
        "MapSection": null,
        "Latitude": 39.05199425,
        "Longitude": -84.565445609999998
      }
    },
    {
      "type": "Feature",
      "id": 140,
      "geometry": {
        "type": "Point",
        "coordinates": [-84.543474322190264, 39.058718008100691]
      },
      "properties": {
        "OBJECTID": 140,
        "Receiver": "R718",
        "DU": null,
        "FrontRow": null,
        "Existing": 64.0999985,
        "Proposed": 66.9000015,
        "Impact": "Yes",
        "Barrier": null,
        "Benefited": null,
        "ELEVATION": null,
        "Section": "B16",
        "Reduction": null,
        "x": 4275476.9330000002,
        "y": 5263901.4639999997,
        "MapSection": null,
        "Latitude": 39.058710509999997,
        "Longitude": -84.543469729999998
      }
    },
    {
      "type": "Feature",
      "id": 141,
      "geometry": {
        "type": "Point",
        "coordinates": [-84.543094451027343, 39.059432194703099]
      },
      "properties": {
        "OBJECTID": 141,
        "Receiver": "R719",
        "DU": null,
        "FrontRow": null,
        "Existing": 60.9000015,
        "Proposed": 63,
        "Impact": "No",
        "Barrier": null,
        "Benefited": null,
        "ELEVATION": null,
        "Section": "B16",
        "Reduction": null,
        "x": 4275738.4630000005,
        "y": 5264005.9759999998,
        "MapSection": null,
        "Latitude": 39.05942469,
        "Longitude": -84.543089859999995
      }
    },
    {
      "type": "Feature",
      "id": 142,
      "geometry": {
        "type": "Point",
        "coordinates": [-84.564265562801367, 39.052198693960804]
      },
      "properties": {
        "OBJECTID": 142,
        "Receiver": "R720",
        "DU": null,
        "FrontRow": null,
        "Existing": 72.1999969,
        "Proposed": 74.0999985,
        "Impact": "Yes",
        "Barrier": null,
        "Benefited": "",
        "ELEVATION": null,
        "Section": "B17",
        "Reduction": null,
        "x": 4273026.6569999997,
        "y": 5258027.301,
        "MapSection": null,
        "Latitude": 39.052191190000002,
        "Longitude": -84.564260970000007
      }
    },
    {
      "type": "Feature",
      "id": 143,
      "geometry": {
        "type": "Point",
        "coordinates": [-84.547480150986004, 39.055212175348139]
      },
      "properties": {
        "OBJECTID": 143,
        "Receiver": "R721",
        "DU": null,
        "FrontRow": null,
        "Existing": 58.5999985,
        "Proposed": 63.7999992,
        "Impact": "No",
        "Barrier": 63.4000015,
        "Benefited": "No",
        "ELEVATION": null,
        "Section": "B16",
        "Reduction": 0.39999771118164062,
        "x": 4274185.2869999995,
        "y": 5262780.3380000005,
        "MapSection": "B16",
        "Latitude": 39.055204670000002,
        "Longitude": -84.547475559999995
      }
    },
    {
      "type": "Feature",
      "id": 144,
      "geometry": {
        "type": "Point",
        "coordinates": [-84.548207231101301, 39.054686800963339]
      },
      "properties": {
        "OBJECTID": 144,
        "Receiver": "R722",
        "DU": null,
        "FrontRow": null,
        "Existing": 58.2999992,
        "Proposed": 63.0999985,
        "Impact": "No",
        "Barrier": 60,
        "Benefited": "No",
        "ELEVATION": null,
        "Section": "B16",
        "Reduction": 3.0999984741210938,
        "x": 4273991.2649999997,
        "y": 5262576.3150000004,
        "MapSection": "B16B",
        "Latitude": 39.054679299999997,
        "Longitude": -84.54820264
      }
    },
    {
      "type": "Feature",
      "id": 145,
      "geometry": {
        "type": "Point",
        "coordinates": [-84.548327497500424, 39.054547976445008]
      },
      "properties": {
        "OBJECTID": 145,
        "Receiver": "R723",
        "DU": null,
        "FrontRow": null,
        "Existing": 58.4000015,
        "Proposed": 62.7999992,
        "Impact": "No",
        "Barrier": 59,
        "Benefited": "No",
        "ELEVATION": null,
        "Section": "B16",
        "Reduction": 3.7999992370605469,
        "x": 4273940.2599999998,
        "y": 5262542.8109999998,
        "MapSection": "B16B",
        "Latitude": 39.05454048,
        "Longitude": -84.548322909999996
      }
    },
    {
      "type": "Feature",
      "id": 146,
      "geometry": {
        "type": "Point",
        "coordinates": [-84.548491523356162, 39.054424691967519]
      },
      "properties": {
        "OBJECTID": 146,
        "Receiver": "R724",
        "DU": null,
        "FrontRow": null,
        "Existing": 53.9000015,
        "Proposed": 59.2999992,
        "Impact": "No",
        "Barrier": 56.7000008,
        "Benefited": "No",
        "ELEVATION": null,
        "Section": "B16",
        "Reduction": 2.5999984741210938,
        "x": 4273894.7549999999,
        "y": 5262496.8059999999,
        "MapSection": "B16B",
        "Latitude": 39.054417190000002,
        "Longitude": -84.548486929999996
      }
    },
    {
      "type": "Feature",
      "id": 147,
      "geometry": {
        "type": "Point",
        "coordinates": [-84.563452154657355, 39.052196123096891]
      },
      "properties": {
        "OBJECTID": 147,
        "Receiver": "R725",
        "DU": null,
        "FrontRow": null,
        "Existing": 73.5999985,
        "Proposed": 75.4000015,
        "Impact": "Yes",
        "Barrier": null,
        "Benefited": "",
        "ELEVATION": null,
        "Section": "B17",
        "Reduction": null,
        "x": 4273028.6569999997,
        "y": 5258258.3269999996,
        "MapSection": null,
        "Latitude": 39.052188620000003,
        "Longitude": -84.56344756
      }
    },
    {
      "type": "Feature",
      "id": 148,
      "geometry": {
        "type": "Point",
        "coordinates": [-84.557159850679156, 39.052810403294259]
      },
      "properties": {
        "OBJECTID": 148,
        "Receiver": "R726",
        "DU": null,
        "FrontRow": null,
        "Existing": 67.5999985,
        "Proposed": 71.4000015,
        "Impact": "Yes",
        "Barrier": 62.2999992,
        "Benefited": "Yes",
        "ELEVATION": null,
        "Section": "B17",
        "Reduction": 9.1000022888183594,
        "x": 4273275.1849999996,
        "y": 5260042.5290000001,
        "MapSection": "B17A",
        "Latitude": 39.052802900000003,
        "Longitude": -84.557155260000002
      }
    },
    {
      "type": "Feature",
      "id": 149,
      "geometry": {
        "type": "Point",
        "coordinates": [-84.562020219934183, 39.052332933250383]
      },
      "properties": {
        "OBJECTID": 149,
        "Receiver": "R727",
        "DU": null,
        "FrontRow": null,
        "Existing": 71.9000015,
        "Proposed": 73.8000031,
        "Impact": "Yes",
        "Barrier": 62.7999992,
        "Benefited": "Yes",
        "ELEVATION": null,
        "Section": "B17",
        "Reduction": 11.000003814697266,
        "x": 4273083.6629999997,
        "y": 5258664.3729999997,
        "MapSection": "B17",
        "Latitude": 39.052325430000003,
        "Longitude": -84.562015619999997
      }
    },
    {
      "type": "Feature",
      "id": 150,
      "geometry": {
        "type": "Point",
        "coordinates": [-84.548505873904546, 39.054195563409316]
      },
      "properties": {
        "OBJECTID": 150,
        "Receiver": "R728",
        "DU": null,
        "FrontRow": null,
        "Existing": 58.2000008,
        "Proposed": 61.5,
        "Impact": "No",
        "Barrier": 57.9000015,
        "Benefited": "No",
        "ELEVATION": null,
        "Section": "B16",
        "Reduction": 3.5999984741210938,
        "x": 4273811.2450000001,
        "y": 5262493.8049999997,
        "MapSection": "B16B",
        "Latitude": 39.054188060000001,
        "Longitude": -84.548501279999996
      }
    },
    {
      "type": "Feature",
      "id": 151,
      "geometry": {
        "type": "Point",
        "coordinates": [-84.548639767792238, 39.054084332522415]
      },
      "properties": {
        "OBJECTID": 151,
        "Receiver": "R729",
        "DU": null,
        "FrontRow": null,
        "Existing": 58.0999985,
        "Proposed": 62,
        "Impact": "No",
        "Barrier": 58,
        "Benefited": "No",
        "ELEVATION": null,
        "Section": "B16",
        "Reduction": 4,
        "x": 4273770.2410000004,
        "y": 5262456.301,
        "MapSection": "B16B",
        "Latitude": 39.05407683,
        "Longitude": -84.548635180000005
      }
    },
    {
      "type": "Feature",
      "id": 152,
      "geometry": {
        "type": "Point",
        "coordinates": [-84.542737335348988, 39.057501069755901]
      },
      "properties": {
        "OBJECTID": 152,
        "Receiver": "R730",
        "DU": null,
        "FrontRow": null,
        "Existing": 69.8000031,
        "Proposed": 70.5999985,
        "Impact": "Yes",
        "Barrier": 58.9000015,
        "Benefited": "Yes",
        "ELEVATION": null,
        "Section": "B16",
        "Reduction": 11.699996948242188,
        "x": 4275036.3830000004,
        "y": 5264116.4890000001,
        "MapSection": "B16",
        "Latitude": 39.057493569999998,
        "Longitude": -84.542732749999999
      }
    },
    {
      "type": "Feature",
      "id": 153,
      "geometry": {
        "type": "Point",
        "coordinates": [-84.548745628370128, 39.053964581973609]
      },
      "properties": {
        "OBJECTID": 153,
        "Receiver": "R731",
        "DU": null,
        "FrontRow": null,
        "Existing": 58.2000008,
        "Proposed": 61.7999992,
        "Impact": "No",
        "Barrier": 58.7999992,
        "Benefited": "No",
        "ELEVATION": null,
        "Section": "B16",
        "Reduction": 3,
        "x": 4273726.2359999996,
        "y": 5262426.7980000004,
        "MapSection": "B16B",
        "Latitude": 39.053957080000004,
        "Longitude": -84.548741039999996
      }
    },
    {
      "type": "Feature",
      "id": 154,
      "geometry": {
        "type": "Point",
        "coordinates": [-84.548865551531733, 39.053846344284167]
      },
      "properties": {
        "OBJECTID": 154,
        "Receiver": "R732",
        "DU": null,
        "FrontRow": null,
        "Existing": 58.9000015,
        "Proposed": 63.5,
        "Impact": "No",
        "Barrier": 57.9000015,
        "Benefited": "Yes",
        "ELEVATION": null,
        "Section": "B16",
        "Reduction": 5.5999984741210938,
        "x": 4273682.7309999997,
        "y": 5262393.2939999998,
        "MapSection": "B16B",
        "Latitude": 39.053838839999997,
        "Longitude": -84.548860959999999
      }
    },
    {
      "type": "Feature",
      "id": 155,
      "geometry": {
        "type": "Point",
        "coordinates": [-84.544255719244333, 39.056512801902159]
      },
      "properties": {
        "OBJECTID": 155,
        "Receiver": "R733",
        "DU": null,
        "FrontRow": null,
        "Existing": 71.0999985,
        "Proposed": 75.1999969,
        "Impact": "Yes",
        "Barrier": 59.5,
        "Benefited": "Yes",
        "ELEVATION": null,
        "Section": "B16",
        "Reduction": 15.699996948242188,
        "x": 4274670.8420000002,
        "y": 5263689.9400000004,
        "MapSection": "B16",
        "Latitude": 39.056505299999998,
        "Longitude": -84.544251130000006
      }
    },
    {
      "type": "Feature",
      "id": 156,
      "geometry": {
        "type": "Point",
        "coordinates": [-84.558111378305924, 39.052550798291875]
      },
      "properties": {
        "OBJECTID": 156,
        "Receiver": "R734",
        "DU": null,
        "FrontRow": null,
        "Existing": 72,
        "Proposed": 75.4000015,
        "Impact": "Yes",
        "Barrier": 67.0999985,
        "Benefited": "Yes",
        "ELEVATION": null,
        "Section": "B17",
        "Reduction": 8.3000030517578125,
        "x": 4273177.1739999996,
        "y": 5259773.4979999997,
        "MapSection": "B17A",
        "Latitude": 39.052543300000004,
        "Longitude": -84.558106780000003
      }
    },
    {
      "type": "Feature",
      "id": 157,
      "geometry": {
        "type": "Point",
        "coordinates": [-84.544655793582848, 39.056277950144924]
      },
      "properties": {
        "OBJECTID": 157,
        "Receiver": "R735",
        "DU": null,
        "FrontRow": null,
        "Existing": 65.9000015,
        "Proposed": 70.4000015,
        "Impact": "Yes",
        "Barrier": 66.9000015,
        "Benefited": "No",
        "ELEVATION": null,
        "Section": "B16",
        "Reduction": 3.5,
        "x": 4274583.8320000004,
        "y": 5263577.4280000003,
        "MapSection": "B16",
        "Latitude": 39.05627045,
        "Longitude": -84.544651200000004
      }
    },
    {
      "type": "Feature",
      "id": 158,
      "geometry": {
        "type": "Point",
        "coordinates": [-84.560551089530733, 39.052267544905988]
      },
      "properties": {
        "OBJECTID": 158,
        "Receiver": "R736",
        "DU": null,
        "FrontRow": null,
        "Existing": 75.1999969,
        "Proposed": 75.8000031,
        "Impact": "Yes",
        "Barrier": null,
        "Benefited": null,
        "ELEVATION": null,
        "Section": "B17",
        "Reduction": null,
        "x": 4273065.1610000003,
        "y": 5259081.9199999999,
        "MapSection": null,
        "Latitude": 39.052260050000001,
        "Longitude": -84.560546489999993
      }
    },
    {
      "type": "Feature",
      "id": 159,
      "geometry": {
        "type": "Point",
        "coordinates": [-84.543687753824813, 39.056784401882247]
      },
      "properties": {
        "OBJECTID": 159,
        "Receiver": "R737",
        "DU": null,
        "FrontRow": null,
        "Existing": 73.5,
        "Proposed": 77.1999969,
        "Impact": "Yes",
        "Barrier": null,
        "Benefited": "",
        "ELEVATION": null,
        "Section": "B16",
        "Reduction": null,
        "x": 4274771.8540000003,
        "y": 5263849.9579999996,
        "MapSection": null,
        "Latitude": 39.056776900000003,
        "Longitude": -84.54368316
      }
    },
    {
      "type": "Feature",
      "id": 160,
      "geometry": {
        "type": "Point",
        "coordinates": [-84.547937183955867, 39.054299684273829]
      },
      "properties": {
        "OBJECTID": 160,
        "Receiver": "R738",
        "DU": null,
        "FrontRow": null,
        "Existing": 60.5999985,
        "Proposed": 67.9000015,
        "Impact": "Yes",
        "Barrier": 62.7999992,
        "Benefited": "Yes",
        "ELEVATION": null,
        "Section": "B16",
        "Reduction": 5.1000022888183594,
        "x": 4273851.25,
        "y": 5262654.824,
        "MapSection": "B16B",
        "Latitude": 39.054292179999997,
        "Longitude": -84.547932590000002
      }
    },
    {
      "type": "Feature",
      "id": 161,
      "geometry": {
        "type": "Point",
        "coordinates": [-84.548060993475204, 39.054159521058025]
      },
      "properties": {
        "OBJECTID": 161,
        "Receiver": "R739",
        "DU": null,
        "FrontRow": null,
        "Existing": 58.7000008,
        "Proposed": 67,
        "Impact": "Yes",
        "Barrier": 60.7999992,
        "Benefited": "Yes",
        "ELEVATION": null,
        "Section": "B16",
        "Reduction": 6.2000007629394531,
        "x": 4273799.7439999999,
        "y": 5262620.3200000003,
        "MapSection": "B16B",
        "Latitude": 39.054152019999997,
        "Longitude": -84.548056399999993
      }
    },
    {
      "type": "Feature",
      "id": 162,
      "geometry": {
        "type": "Point",
        "coordinates": [-84.549043626753587, 39.053511775440668]
      },
      "properties": {
        "OBJECTID": 162,
        "Receiver": "R740",
        "DU": null,
        "FrontRow": null,
        "Existing": 60.5999985,
        "Proposed": 66.4000015,
        "Impact": "Yes",
        "Barrier": 59.2999992,
        "Benefited": "Yes",
        "ELEVATION": null,
        "Section": "B16",
        "Reduction": 7.1000022888183594,
        "x": 4273560.2170000002,
        "y": 5262344.2889999999,
        "MapSection": "B16B",
        "Latitude": 39.053504279999999,
        "Longitude": -84.549039039999997
      }
    },
    {
      "type": "Feature",
      "id": 163,
      "geometry": {
        "type": "Point",
        "coordinates": [-84.541935926334247, 39.058044881395283]
      },
      "properties": {
        "OBJECTID": 163,
        "Receiver": "R741",
        "DU": null,
        "FrontRow": null,
        "Existing": 67.8000031,
        "Proposed": 66.3000031,
        "Impact": "Yes",
        "Barrier": 61.0999985,
        "Benefited": "Yes",
        "ELEVATION": null,
        "Section": "B16",
        "Reduction": 5.2000045776367188,
        "x": 4275237.4060000004,
        "y": 5264341.5140000004,
        "MapSection": "B16",
        "Latitude": 39.058037380000002,
        "Longitude": -84.541931340000005
      }
    },
    {
      "type": "Feature",
      "id": 164,
      "geometry": {
        "type": "Point",
        "coordinates": [-84.548857421846705, 39.053592278288669]
      },
      "properties": {
        "OBJECTID": 164,
        "Receiver": "R742",
        "DU": null,
        "FrontRow": null,
        "Existing": 58.7000008,
        "Proposed": 64.5,
        "Impact": "No",
        "Barrier": 57.9000015,
        "Benefited": "Yes",
        "ELEVATION": null,
        "Section": "B16",
        "Reduction": 6.5999984741210938,
        "x": 4273590.2199999997,
        "y": 5262396.7939999998,
        "MapSection": "B16B",
        "Latitude": 39.053584780000001,
        "Longitude": -84.548852830000001
      }
    },
    {
      "type": "Feature",
      "id": 165,
      "geometry": {
        "type": "Point",
        "coordinates": [-84.552202374448513, 39.052979176869755]
      },
      "properties": {
        "OBJECTID": 165,
        "Receiver": "R743",
        "DU": null,
        "FrontRow": null,
        "Existing": 55.9000015,
        "Proposed": 58.2999992,
        "Impact": "No",
        "Barrier": 59.5,
        "Benefited": "No",
        "ELEVATION": null,
        "Section": "B17",
        "Reduction": -1.2000007629394531,
        "x": 4273354.6940000001,
        "y": 5261449.6880000001,
        "MapSection": "B17",
        "Latitude": 39.052971679999999,
        "Longitude": -84.55219778
      }
    },
    {
      "type": "Feature",
      "id": 166,
      "geometry": {
        "type": "Point",
        "coordinates": [-84.556896232458172, 39.052673231626677]
      },
      "properties": {
        "OBJECTID": 166,
        "Receiver": "R744",
        "DU": null,
        "FrontRow": null,
        "Existing": 70,
        "Proposed": 73.4000015,
        "Impact": "Yes",
        "Barrier": 65.4000015,
        "Benefited": "Yes",
        "ELEVATION": null,
        "Section": "B17",
        "Reduction": 8,
        "x": 4273226.1789999995,
        "y": 5260118.0369999995,
        "MapSection": "B17A",
        "Latitude": 39.052665730000001,
        "Longitude": -84.556891640000003
      }
    },
    {
      "type": "Feature",
      "id": 167,
      "geometry": {
        "type": "Point",
        "coordinates": [-84.551356003849179, 39.053053075481373]
      },
      "properties": {
        "OBJECTID": 167,
        "Receiver": "R745",
        "DU": null,
        "FrontRow": null,
        "Existing": 55.2000008,
        "Proposed": 58.5,
        "Impact": "No",
        "Barrier": 65.5999985,
        "Benefited": "No",
        "ELEVATION": null,
        "Section": "B17",
        "Reduction": -7.0999984741210938,
        "x": 4273384.6969999997,
        "y": 5261689.7149999999,
        "MapSection": "B17",
        "Latitude": 39.053045580000003,
        "Longitude": -84.551351409999995
      }
    },
    {
      "type": "Feature",
      "id": 168,
      "geometry": {
        "type": "Point",
        "coordinates": [-84.54917463469549, 39.053362073318795]
      },
      "properties": {
        "OBJECTID": 168,
        "Receiver": "R746",
        "DU": null,
        "FrontRow": null,
        "Existing": 63.0999985,
        "Proposed": 69.0999985,
        "Impact": "Yes",
        "Barrier": 60.5999985,
        "Benefited": "Yes",
        "ELEVATION": null,
        "Section": "B16",
        "Reduction": 8.5,
        "x": 4273505.2110000001,
        "y": 5262307.784,
        "MapSection": "B16B",
        "Latitude": 39.053354570000003,
        "Longitude": -84.549170040000007
      }
    },
    {
      "type": "Feature",
      "id": 169,
      "geometry": {
        "type": "Point",
        "coordinates": [-84.551997217631481, 39.052927699971889]
      },
      "properties": {
        "OBJECTID": 169,
        "Receiver": "R747",
        "DU": null,
        "FrontRow": null,
        "Existing": 53.9000015,
        "Proposed": 57.2000008,
        "Impact": "No",
        "Barrier": 63.9000015,
        "Benefited": "No",
        "ELEVATION": null,
        "Section": "B17",
        "Reduction": -6.7000007629394531,
        "x": 4273336.6919999998,
        "y": 5261508.1940000001,
        "MapSection": "B17",
        "Latitude": 39.052920200000003,
        "Longitude": -84.551992630000001
      }
    },
    {
      "type": "Feature",
      "id": 170,
      "geometry": {
        "type": "Point",
        "coordinates": [-84.562963533125966, 39.051064144102554]
      },
      "properties": {
        "OBJECTID": 170,
        "Receiver": "R748",
        "DU": null,
        "FrontRow": null,
        "Existing": 78,
        "Proposed": 79.1999969,
        "Impact": "Yes",
        "Barrier": 70.5,
        "Benefited": "Yes",
        "ELEVATION": null,
        "Section": "B18",
        "Reduction": 8.6999969482421875,
        "x": 4272618.1109999996,
        "y": 5258402.3439999996,
        "MapSection": "B18",
        "Latitude": 39.051056639999999,
        "Longitude": -84.562958940000001
      }
    },
    {
      "type": "Feature",
      "id": 171,
      "geometry": {
        "type": "Point",
        "coordinates": [-84.562392894924542, 39.051074955412581]
      },
      "properties": {
        "OBJECTID": 171,
        "Receiver": "R749",
        "DU": null,
        "FrontRow": null,
        "Existing": 77.4000015,
        "Proposed": 78.6999969,
        "Impact": "Yes",
        "Barrier": 66.5,
        "Benefited": "Yes",
        "ELEVATION": null,
        "Section": "B18",
        "Reduction": 12.199996948242188,
        "x": 4272624.1109999996,
        "y": 5258564.3619999997,
        "MapSection": "B18",
        "Latitude": 39.051067459999999,
        "Longitude": -84.562388299999995
      }
    },
    {
      "type": "Feature",
      "id": 172,
      "geometry": {
        "type": "Point",
        "coordinates": [-84.54803544184945, 39.053894297367968]
      },
      "properties": {
        "OBJECTID": 172,
        "Receiver": "R750",
        "DU": null,
        "FrontRow": null,
        "Existing": 60,
        "Proposed": 70.4000015,
        "Impact": "Yes",
        "Barrier": 61.9000015,
        "Benefited": "Yes",
        "ELEVATION": null,
        "Section": "B16",
        "Reduction": 8.5,
        "x": 4273703.233,
        "y": 5262628.8210000005,
        "MapSection": "B16B",
        "Latitude": 39.053886800000001,
        "Longitude": -84.548030850000004
      }
    },
    {
      "type": "Feature",
      "id": 173,
      "geometry": {
        "type": "Point",
        "coordinates": [-84.547629571878744, 39.054054967099688]
      },
      "properties": {
        "OBJECTID": 173,
        "Receiver": "R751",
        "DU": null,
        "FrontRow": null,
        "Existing": 61.4000015,
        "Proposed": 71.0999985,
        "Impact": "Yes",
        "Barrier": 64.4000015,
        "Benefited": "Yes",
        "ELEVATION": null,
        "Section": "B16",
        "Reduction": 6.6999969482421875,
        "x": 4273763.2400000002,
        "y": 5262743.3339999998,
        "MapSection": "B16B",
        "Latitude": 39.05404747,
        "Longitude": -84.547624979999995
      }
    },
    {
      "type": "Feature",
      "id": 174,
      "geometry": {
        "type": "Point",
        "coordinates": [-84.548058223775755, 39.053794306564242]
      },
      "properties": {
        "OBJECTID": 174,
        "Receiver": "R752",
        "DU": null,
        "FrontRow": null,
        "Existing": 60.5999985,
        "Proposed": 71.4000015,
        "Impact": "Yes",
        "Barrier": 61.9000015,
        "Benefited": "Yes",
        "ELEVATION": null,
        "Section": "B16",
        "Reduction": 9.5,
        "x": 4273666.7290000003,
        "y": 5262622.8200000003,
        "MapSection": "B16B",
        "Latitude": 39.053786809999998,
        "Longitude": -84.548053629999998
      }
    },
    {
      "type": "Feature",
      "id": 175,
      "geometry": {
        "type": "Point",
        "coordinates": [-84.549182368850239, 39.053106793737918]
      },
      "properties": {
        "OBJECTID": 175,
        "Receiver": "R753",
        "DU": null,
        "FrontRow": null,
        "Existing": 62.7000008,
        "Proposed": 68.6999969,
        "Impact": "Yes",
        "Barrier": 60.7999992,
        "Benefited": "Yes",
        "ELEVATION": null,
        "Section": "B16",
        "Reduction": 7.8999977111816406,
        "x": 4273412.2000000002,
        "y": 5262306.784,
        "MapSection": "B16B",
        "Latitude": 39.053099289999999,
        "Longitude": -84.549177779999994
      }
    },
    {
      "type": "Feature",
      "id": 176,
      "geometry": {
        "type": "Point",
        "coordinates": [-84.551254645525773, 39.053006755021251]
      },
      "properties": {
        "OBJECTID": 176,
        "Receiver": "R754",
        "DU": null,
        "FrontRow": null,
        "Existing": 56.2000008,
        "Proposed": 59.4000015,
        "Impact": "No",
        "Barrier": 63.5999985,
        "Benefited": "No",
        "ELEVATION": null,
        "Section": "B17",
        "Reduction": -4.1999969482421875,
        "x": 4273368.1950000003,
        "y": 5261718.7180000003,
        "MapSection": "B17",
        "Latitude": 39.052999249999999,
        "Longitude": -84.551250049999993
      }
    },
    {
      "type": "Feature",
      "id": 177,
      "geometry": {
        "type": "Point",
        "coordinates": [-84.556532112169549, 39.052651752993356]
      },
      "properties": {
        "OBJECTID": 177,
        "Receiver": "R755",
        "DU": null,
        "FrontRow": null,
        "Existing": 69.5999985,
        "Proposed": 72.9000015,
        "Impact": "Yes",
        "Barrier": 65.3000031,
        "Benefited": "Yes",
        "ELEVATION": null,
        "Section": "B17",
        "Reduction": 7.5999984741210938,
        "x": 4273219.6780000003,
        "y": 5260221.5489999996,
        "MapSection": "B17A",
        "Latitude": 39.05264425,
        "Longitude": -84.556527520000003
      }
    },
    {
      "type": "Feature",
      "id": 178,
      "geometry": {
        "type": "Point",
        "coordinates": [-84.560880587233115, 39.051175260715212]
      },
      "properties": {
        "OBJECTID": 178,
        "Receiver": "R756",
        "DU": null,
        "FrontRow": null,
        "Existing": 77.0999985,
        "Proposed": 78.3000031,
        "Impact": "Yes",
        "Barrier": 66.5,
        "Benefited": "Yes",
        "ELEVATION": null,
        "Section": "B18",
        "Reduction": 11.800003051757812,
        "x": 4272666.1160000004,
        "y": 5258993.4100000001,
        "MapSection": "B18",
        "Latitude": 39.051167759999998,
        "Longitude": -84.56087599
      }
    },
    {
      "type": "Feature",
      "id": 179,
      "geometry": {
        "type": "Point",
        "coordinates": [-84.564768702726894, 39.050711355421811]
      },
      "properties": {
        "OBJECTID": 179,
        "Receiver": "R757",
        "DU": null,
        "FrontRow": null,
        "Existing": 74.6999969,
        "Proposed": 76.1999969,
        "Impact": "Yes",
        "Barrier": 66.5999985,
        "Benefited": "Yes",
        "ELEVATION": null,
        "Section": "B18",
        "Reduction": 9.5999984741210938,
        "x": 4272483.0949999997,
        "y": 5257891.2860000003,
        "MapSection": "B18",
        "Latitude": 39.050703859999999,
        "Longitude": -84.564764109999999
      }
    },
    {
      "type": "Feature",
      "id": 180,
      "geometry": {
        "type": "Point",
        "coordinates": [-84.548108206615808, 39.053646537298249]
      },
      "properties": {
        "OBJECTID": 180,
        "Receiver": "R758",
        "DU": null,
        "FrontRow": null,
        "Existing": 61.7000008,
        "Proposed": 72.5999985,
        "Impact": "Yes",
        "Barrier": 63.2999992,
        "Benefited": "Yes",
        "ELEVATION": null,
        "Section": "B16",
        "Reduction": 9.2999992370605469,
        "x": 4273612.7230000002,
        "y": 5262609.318,
        "MapSection": "B16B",
        "Latitude": 39.05363904,
        "Longitude": -84.548103620000006
      }
    },
    {
      "type": "Feature",
      "id": 181,
      "geometry": {
        "type": "Point",
        "coordinates": [-84.540185017043569, 39.06072901996837]
      },
      "properties": {
        "OBJECTID": 181,
        "Receiver": "R759",
        "DU": null,
        "FrontRow": null,
        "Existing": 63.0999985,
        "Proposed": 63.5999985,
        "Impact": "No",
        "Barrier": 60.7000008,
        "Benefited": "No",
        "ELEVATION": null,
        "Section": "B16",
        "Reduction": 2.8999977111816406,
        "x": 4276221.517,
        "y": 5264826.0690000001,
        "MapSection": "B16",
        "Latitude": 39.060721520000001,
        "Longitude": -84.540180430000007
      }
    },
    {
      "type": "Feature",
      "id": 182,
      "geometry": {
        "type": "Point",
        "coordinates": [-84.547547590132439, 39.053901751357039]
      },
      "properties": {
        "OBJECTID": 182,
        "Receiver": "R760",
        "DU": null,
        "FrontRow": null,
        "Existing": 61.7000008,
        "Proposed": 70.9000015,
        "Impact": "Yes",
        "Barrier": 63.7000008,
        "Benefited": "Yes",
        "ELEVATION": null,
        "Section": "B16",
        "Reduction": 7.2000007629394531,
        "x": 4273707.733,
        "y": 5262767.3360000001,
        "MapSection": "B16B",
        "Latitude": 39.053894249999999,
        "Longitude": -84.547543000000005
      }
    },
    {
      "type": "Feature",
      "id": 183,
      "geometry": {
        "type": "Point",
        "coordinates": [-84.551086888768253, 39.052929565816818]
      },
      "properties": {
        "OBJECTID": 183,
        "Receiver": "R761",
        "DU": null,
        "FrontRow": null,
        "Existing": 57.2999992,
        "Proposed": 60.2999992,
        "Impact": "No",
        "Barrier": 61,
        "Benefited": "No",
        "ELEVATION": null,
        "Section": "B17",
        "Reduction": -0.70000076293945312,
        "x": 4273340.6919999998,
        "y": 5261766.7230000002,
        "MapSection": "B17",
        "Latitude": 39.052922070000001,
        "Longitude": -84.551082300000004
      }
    },
    {
      "type": "Feature",
      "id": 184,
      "geometry": {
        "type": "Point",
        "coordinates": [-84.548166941707692, 39.053501602240004]
      },
      "properties": {
        "OBJECTID": 184,
        "Receiver": "R762",
        "DU": null,
        "FrontRow": null,
        "Existing": 63.2000008,
        "Proposed": 74.3000031,
        "Impact": "Yes",
        "Barrier": 63.9000015,
        "Benefited": "Yes",
        "ELEVATION": null,
        "Section": "B16",
        "Reduction": 10.400001525878906,
        "x": 4273559.7170000002,
        "y": 5262593.3169999998,
        "MapSection": "B16B",
        "Latitude": 39.053494100000002,
        "Longitude": -84.548162349999998
      }
    },
    {
      "type": "Feature",
      "id": 185,
      "geometry": {
        "type": "Point",
        "coordinates": [-84.550896128050027, 39.052859010406607]
      },
      "properties": {
        "OBJECTID": 185,
        "Receiver": "R763",
        "DU": null,
        "FrontRow": null,
        "Existing": 58.5999985,
        "Proposed": 61.5999985,
        "Impact": "No",
        "Barrier": 61.5999985,
        "Benefited": "No",
        "ELEVATION": null,
        "Section": "B17",
        "Reduction": 0,
        "x": 4273315.6890000002,
        "y": 5261821.2300000004,
        "MapSection": "B17",
        "Latitude": 39.052851510000004,
        "Longitude": -84.550891539999995
      }
    },
    {
      "type": "Feature",
      "id": 186,
      "geometry": {
        "type": "Point",
        "coordinates": [-84.560480853108658, 39.051071068669572]
      },
      "properties": {
        "OBJECTID": 186,
        "Receiver": "R764",
        "DU": null,
        "FrontRow": null,
        "Existing": 74.5,
        "Proposed": 75.5999985,
        "Impact": "Yes",
        "Barrier": 63.0999985,
        "Benefited": "Yes",
        "ELEVATION": null,
        "Section": "B18",
        "Reduction": 12.5,
        "x": 4272629.6119999997,
        "y": 5259107.4230000004,
        "MapSection": "B18",
        "Latitude": 39.051063569999997,
        "Longitude": -84.560476260000002
      }
    },
    {
      "type": "Feature",
      "id": 187,
      "geometry": {
        "type": "Point",
        "coordinates": [-84.548213086248225, 39.053373012496216]
      },
      "properties": {
        "OBJECTID": 187,
        "Receiver": "R765",
        "DU": null,
        "FrontRow": null,
        "Existing": 63.2000008,
        "Proposed": 75.4000015,
        "Impact": "Yes",
        "Barrier": 64.4000015,
        "Benefited": "Yes",
        "ELEVATION": null,
        "Section": "B16",
        "Reduction": 11,
        "x": 4273512.7110000001,
        "y": 5262580.8150000004,
        "MapSection": "B16B",
        "Latitude": 39.053365509999999,
        "Longitude": -84.548208489999993
      }
    },
    {
      "type": "Feature",
      "id": 188,
      "geometry": {
        "type": "Point",
        "coordinates": [-84.558656528132758, 39.051301412759322]
      },
      "properties": {
        "OBJECTID": 188,
        "Receiver": "R766",
        "DU": null,
        "FrontRow": null,
        "Existing": 75.1999969,
        "Proposed": 77,
        "Impact": "Yes",
        "Barrier": 66.1999969,
        "Benefited": "Yes",
        "ELEVATION": null,
        "Section": "B18",
        "Reduction": 10.800003051757812,
        "x": 4272720.1220000004,
        "y": 5259624.4819999998,
        "MapSection": "B18",
        "Latitude": 39.051293909999998,
        "Longitude": -84.558651929999996
      }
    },
    {
      "type": "Feature",
      "id": 189,
      "geometry": {
        "type": "Point",
        "coordinates": [-84.551582929707479, 39.052745075650549]
      },
      "properties": {
        "OBJECTID": 189,
        "Receiver": "R767",
        "DU": null,
        "FrontRow": null,
        "Existing": 54.5999985,
        "Proposed": 58.4000015,
        "Impact": "No",
        "Barrier": 68.8000031,
        "Benefited": "No",
        "ELEVATION": null,
        "Section": "B17",
        "Reduction": -10.400001525878906,
        "x": 4273271.6840000004,
        "y": 5261626.7079999996,
        "MapSection": "B17",
        "Latitude": 39.052737579999999,
        "Longitude": -84.551578340000006
      }
    },
    {
      "type": "Feature",
      "id": 190,
      "geometry": {
        "type": "Point",
        "coordinates": [-84.547491921854174, 39.053754294429531]
      },
      "properties": {
        "OBJECTID": 190,
        "Receiver": "R768",
        "DU": null,
        "FrontRow": null,
        "Existing": 61.5,
        "Proposed": 71,
        "Impact": "Yes",
        "Barrier": 63,
        "Benefited": "Yes",
        "ELEVATION": null,
        "Section": "B16",
        "Reduction": 8,
        "x": 4273654.227,
        "y": 5262783.8380000005,
        "MapSection": "B16B",
        "Latitude": 39.053746789999998,
        "Longitude": -84.547487329999996
      }
    },
    {
      "type": "Feature",
      "id": 191,
      "geometry": {
        "type": "Point",
        "coordinates": [-84.563926771691172, 39.050623388228566]
      },
      "properties": {
        "OBJECTID": 191,
        "Receiver": "R769",
        "DU": null,
        "FrontRow": null,
        "Existing": 72.8000031,
        "Proposed": 74.4000015,
        "Impact": "Yes",
        "Barrier": 65.6999969,
        "Benefited": "Yes",
        "ELEVATION": null,
        "Section": "B18",
        "Reduction": 8.7000045776367188,
        "x": 4272454.0920000002,
        "y": 5258130.8130000001,
        "MapSection": "B18",
        "Latitude": 39.050615890000003,
        "Longitude": -84.563922180000006
      }
    },
    {
      "type": "Feature",
      "id": 192,
      "geometry": {
        "type": "Point",
        "coordinates": [-84.550768339460404, 39.052813797431639]
      },
      "properties": {
        "OBJECTID": 192,
        "Receiver": "R770",
        "DU": null,
        "FrontRow": null,
        "Existing": 59.9000015,
        "Proposed": 62.4000015,
        "Impact": "No",
        "Barrier": 62.9000015,
        "Benefited": "No",
        "ELEVATION": null,
        "Section": "B17",
        "Reduction": -0.5,
        "x": 4273299.6869999999,
        "y": 5261857.7340000002,
        "MapSection": "B17",
        "Latitude": 39.0528063,
        "Longitude": -84.550763750000002
      }
    },
    {
      "type": "Feature",
      "id": 193,
      "geometry": {
        "type": "Point",
        "coordinates": [-84.56295696685099, 39.05071124694458]
      },
      "properties": {
        "OBJECTID": 193,
        "Receiver": "R771",
        "DU": null,
        "FrontRow": null,
        "Existing": 69.5999985,
        "Proposed": 71,
        "Impact": "Yes",
        "Barrier": 63,
        "Benefited": "Yes",
        "ELEVATION": null,
        "Section": "B18",
        "Reduction": 8,
        "x": 4272489.5959999999,
        "y": 5258405.8439999996,
        "MapSection": "B18",
        "Latitude": 39.050703749999997,
        "Longitude": -84.562952370000005
      }
    },
    {
      "type": "Feature",
      "id": 194,
      "geometry": {
        "type": "Point",
        "coordinates": [-84.560245406402942, 39.051041271062978]
      },
      "properties": {
        "OBJECTID": 194,
        "Receiver": "R772",
        "DU": null,
        "FrontRow": null,
        "Existing": 73.5,
        "Proposed": 75.0999985,
        "Impact": "Yes",
        "Barrier": 61.5999985,
        "Benefited": "Yes",
        "ELEVATION": null,
        "Section": "B18",
        "Reduction": 13.5,
        "x": 4272619.6109999996,
        "y": 5259174.4309999999,
        "MapSection": "B18",
        "Latitude": 39.051033769999997,
        "Longitude": -84.560240809999996
      }
    },
    {
      "type": "Feature",
      "id": 195,
      "geometry": {
        "type": "Point",
        "coordinates": [-84.548298666885216, 39.053095178322351]
      },
      "properties": {
        "OBJECTID": 195,
        "Receiver": "R773",
        "DU": null,
        "FrontRow": null,
        "Existing": 62.7000008,
        "Proposed": 74.9000015,
        "Impact": "Yes",
        "Barrier": 63.5,
        "Benefited": "Yes",
        "ELEVATION": null,
        "Section": "B16",
        "Reduction": 11.400001525878906,
        "x": 4273411.2000000002,
        "y": 5262557.8130000001,
        "MapSection": "B16B",
        "Latitude": 39.053087679999997,
        "Longitude": -84.548294080000005
      }
    },
    {
      "type": "Feature",
      "id": 196,
      "geometry": {
        "type": "Point",
        "coordinates": [-84.542751394672436, 39.056017128772567]
      },
      "properties": {
        "OBJECTID": 196,
        "Receiver": "R774",
        "DU": null,
        "FrontRow": null,
        "Existing": 70.6999969,
        "Proposed": 67.5,
        "Impact": "Yes",
        "Barrier": 61.5,
        "Benefited": "Yes",
        "ELEVATION": null,
        "Section": "B19",
        "Reduction": 6,
        "x": 4274495.8219999997,
        "y": 5264119.4890000001,
        "MapSection": "B19",
        "Latitude": 39.056009629999998,
        "Longitude": -84.542746800000003
      }
    },
    {
      "type": "Feature",
      "id": 197,
      "geometry": {
        "type": "Point",
        "coordinates": [-84.551411223101837, 39.052693932682878]
      },
      "properties": {
        "OBJECTID": 197,
        "Receiver": "R775",
        "DU": null,
        "FrontRow": null,
        "Existing": 55.7000008,
        "Proposed": 59.5999985,
        "Impact": "No",
        "Barrier": 60.9000015,
        "Benefited": "No",
        "ELEVATION": null,
        "Section": "B17",
        "Reduction": -1.3000030517578125,
        "x": 4273253.682,
        "y": 5261675.7130000005,
        "MapSection": "B17",
        "Latitude": 39.052686430000001,
        "Longitude": -84.551406630000002
      }
    },
    {
      "type": "Feature",
      "id": 198,
      "geometry": {
        "type": "Point",
        "coordinates": [-84.55839514366177, 39.051135436603566]
      },
      "properties": {
        "OBJECTID": 198,
        "Receiver": "R776",
        "DU": null,
        "FrontRow": null,
        "Existing": 72,
        "Proposed": 74.0999985,
        "Impact": "Yes",
        "Barrier": 65.1999969,
        "Benefited": "Yes",
        "ELEVATION": null,
        "Section": "B18",
        "Reduction": 8.9000015258789062,
        "x": 4272660.6150000002,
        "y": 5259699.4900000002,
        "MapSection": "B18",
        "Latitude": 39.051127940000001,
        "Longitude": -84.558390549999999
      }
    },
    {
      "type": "Feature",
      "id": 199,
      "geometry": {
        "type": "Point",
        "coordinates": [-84.562266467656173, 39.050730481348971]
      },
      "properties": {
        "OBJECTID": 199,
        "Receiver": "R777",
        "DU": null,
        "FrontRow": null,
        "Existing": 71,
        "Proposed": 72.5,
        "Impact": "Yes",
        "Barrier": 62.5,
        "Benefited": "Yes",
        "ELEVATION": null,
        "Section": "B18",
        "Reduction": 10,
        "x": 4272499.0970000001,
        "y": 5258601.8660000004,
        "MapSection": "B18",
        "Latitude": 39.050722980000003,
        "Longitude": -84.56226187
      }
    },
    {
      "type": "Feature",
      "id": 200,
      "geometry": {
        "type": "Point",
        "coordinates": [-84.561465991615378, 39.050799414864265]
      },
      "properties": {
        "OBJECTID": 200,
        "Receiver": "R778",
        "DU": null,
        "FrontRow": null,
        "Existing": 71.9000015,
        "Proposed": 73.3000031,
        "Impact": "Yes",
        "Barrier": 62.2999992,
        "Benefited": "Yes",
        "ELEVATION": null,
        "Section": "B18",
        "Reduction": 11.000003814697266,
        "x": 4272527.0999999996,
        "y": 5258828.892,
        "MapSection": "B18",
        "Latitude": 39.050791920000002,
        "Longitude": -84.561461399999999
      }
    },
    {
      "type": "Feature",
      "id": 201,
      "geometry": {
        "type": "Point",
        "coordinates": [-84.556120009496865, 39.052550167684963]
      },
      "properties": {
        "OBJECTID": 201,
        "Receiver": "R779",
        "DU": null,
        "FrontRow": null,
        "Existing": 69.1999969,
        "Proposed": 72.4000015,
        "Impact": "Yes",
        "Barrier": 64.9000015,
        "Benefited": "Yes",
        "ELEVATION": null,
        "Section": "B17",
        "Reduction": 7.5,
        "x": 4273184.1739999996,
        "y": 5260339.0619999999,
        "MapSection": "B17A",
        "Latitude": 39.052542670000001,
        "Longitude": -84.556115419999998
      }
    },
    {
      "type": "Feature",
      "id": 202,
      "geometry": {
        "type": "Point",
        "coordinates": [-84.543374656569156, 39.055277940809219]
      },
      "properties": {
        "OBJECTID": 202,
        "Receiver": "R780",
        "DU": null,
        "FrontRow": null,
        "Existing": 71.0999985,
        "Proposed": 73.0999985,
        "Impact": "Yes",
        "Barrier": 62.4000015,
        "Benefited": "Yes",
        "ELEVATION": null,
        "Section": "B19",
        "Reduction": 10.699996948242188,
        "x": 4274224.2920000004,
        "y": 5263945.9689999996,
        "MapSection": "B19",
        "Latitude": 39.055270440000001,
        "Longitude": -84.543370069999995
      }
    },
    {
      "type": "Feature",
      "id": 203,
      "geometry": {
        "type": "Point",
        "coordinates": [-84.547731346767947, 39.053436819251743]
      },
      "properties": {
        "OBJECTID": 203,
        "Receiver": "R781",
        "DU": null,
        "FrontRow": null,
        "Existing": 62.5,
        "Proposed": 75.8000031,
        "Impact": "Yes",
        "Barrier": 63.2000008,
        "Benefited": "Yes",
        "ELEVATION": null,
        "Section": "B16",
        "Reduction": 12.600002288818359,
        "x": 4273537.7139999997,
        "y": 5262717.3310000002,
        "MapSection": "B16B",
        "Latitude": 39.053429319999999,
        "Longitude": -84.547726760000003
      }
    },
    {
      "type": "Feature",
      "id": 204,
      "geometry": {
        "type": "Point",
        "coordinates": [-84.55061805369823, 39.052745022561481]
      },
      "properties": {
        "OBJECTID": 204,
        "Receiver": "R782",
        "DU": null,
        "FrontRow": null,
        "Existing": 62.5999985,
        "Proposed": 65.0999985,
        "Impact": "No",
        "Barrier": 61.5,
        "Benefited": "No",
        "ELEVATION": null,
        "Section": "B17",
        "Reduction": 3.5999984741210938,
        "x": 4273275.1849999996,
        "y": 5261900.7379999999,
        "MapSection": "B17",
        "Latitude": 39.052737520000001,
        "Longitude": -84.550613459999994
      }
    },
    {
      "type": "Feature",
      "id": 205,
      "geometry": {
        "type": "Point",
        "coordinates": [-84.56589546229344, 39.050283188515969]
      },
      "properties": {
        "OBJECTID": 205,
        "Receiver": "R783",
        "DU": null,
        "FrontRow": null,
        "Existing": 70.8000031,
        "Proposed": 73,
        "Impact": "Yes",
        "Barrier": 66.1999969,
        "Benefited": "Yes",
        "ELEVATION": null,
        "Section": "B18",
        "Reduction": 6.8000030517578125,
        "x": 4272323.0769999996,
        "y": 5257573.25,
        "MapSection": "B18",
        "Latitude": 39.050275689999999,
        "Longitude": -84.565890870000004
      }
    },
    {
      "type": "Feature",
      "id": 206,
      "geometry": {
        "type": "Point",
        "coordinates": [-84.558280552760039, 39.051036821418712]
      },
      "properties": {
        "OBJECTID": 206,
        "Receiver": "R784",
        "DU": null,
        "FrontRow": null,
        "Existing": 69.0999985,
        "Proposed": 71.8000031,
        "Impact": "Yes",
        "Barrier": 62.5999985,
        "Benefited": "Yes",
        "ELEVATION": null,
        "Section": "B18",
        "Reduction": 9.2000045776367188,
        "x": 4272625.1109999996,
        "y": 5259732.4939999999,
        "MapSection": "B18",
        "Latitude": 39.051029319999998,
        "Longitude": -84.558275960000003
      }
    },
    {
      "type": "Feature",
      "id": 207,
      "geometry": {
        "type": "Point",
        "coordinates": [-84.557730944880376, 39.051375942220858]
      },
      "properties": {
        "OBJECTID": 207,
        "Receiver": "R785",
        "DU": null,
        "FrontRow": null,
        "Existing": 76.4000015,
        "Proposed": 78.5999985,
        "Impact": "Yes",
        "Barrier": 67.8000031,
        "Benefited": "Yes",
        "ELEVATION": null,
        "Section": "B18",
        "Reduction": 10.799995422363281,
        "x": 4272750.6260000002,
        "y": 5259887.0109999999,
        "MapSection": "B18",
        "Latitude": 39.051368439999997,
        "Longitude": -84.557726349999996
      }
    },
    {
      "type": "Feature",
      "id": 208,
      "geometry": {
        "type": "Point",
        "coordinates": [-84.551283931978602, 39.052618522618388]
      },
      "properties": {
        "OBJECTID": 208,
        "Receiver": "R786",
        "DU": null,
        "FrontRow": null,
        "Existing": 59,
        "Proposed": 62,
        "Impact": "No",
        "Barrier": 72.1999969,
        "Benefited": "No",
        "ELEVATION": null,
        "Section": "B17",
        "Reduction": -10.199996948242188,
        "x": 4273226.6789999995,
        "y": 5261712.2170000002,
        "MapSection": "B17",
        "Latitude": 39.052611020000001,
        "Longitude": -84.551279339999994
      }
    },
    {
      "type": "Feature",
      "id": 209,
      "geometry": {
        "type": "Point",
        "coordinates": [-84.56322901396544, 39.050547826662445]
      },
      "properties": {
        "OBJECTID": 209,
        "Receiver": "R787",
        "DU": null,
        "FrontRow": null,
        "Existing": 69.6999969,
        "Proposed": 71.5999985,
        "Impact": "Yes",
        "Barrier": 62.7999992,
        "Benefited": "Yes",
        "ELEVATION": null,
        "Section": "B18",
        "Reduction": 8.7999992370605469,
        "x": 4272429.0889999997,
        "y": 5258329.3360000001,
        "MapSection": "B18",
        "Latitude": 39.050540329999997,
        "Longitude": -84.563224419999997
      }
    },
    {
      "type": "Feature",
      "id": 210,
      "geometry": {
        "type": "Point",
        "coordinates": [-84.566136971724063, 39.050156527524543]
      },
      "properties": {
        "OBJECTID": 210,
        "Receiver": "R788",
        "DU": null,
        "FrontRow": null,
        "Existing": 70,
        "Proposed": 72.1999969,
        "Impact": "Yes",
        "Barrier": 66.5999985,
        "Benefited": "Yes",
        "ELEVATION": null,
        "Section": "B18",
        "Reduction": 5.5999984741210938,
        "x": 4272276.0719999997,
        "y": 5257505.2429999998,
        "MapSection": "B18",
        "Latitude": 39.05014903,
        "Longitude": -84.566132379999999
      }
    },
    {
      "type": "Feature",
      "id": 211,
      "geometry": {
        "type": "Point",
        "coordinates": [-84.53896897155191, 39.056981120894136]
      },
      "properties": {
        "OBJECTID": 211,
        "Receiver": "R789",
        "DU": null,
        "FrontRow": null,
        "Existing": 63.7000008,
        "Proposed": 64.6999969,
        "Impact": "No",
        "Barrier": 65.3000031,
        "Benefited": "No",
        "ELEVATION": null,
        "Section": "B19",
        "Reduction": -0.600006103515625,
        "x": 4274860.8640000001,
        "y": 5265189.1100000003,
        "MapSection": null,
        "Latitude": 39.056973620000001,
        "Longitude": -84.538964379999996
      }
    },
    {
      "type": "Feature",
      "id": 212,
      "geometry": {
        "type": "Point",
        "coordinates": [-84.542444066141229, 39.055755927677723]
      },
      "properties": {
        "OBJECTID": 212,
        "Receiver": "R790",
        "DU": null,
        "FrontRow": null,
        "Existing": 70.5999985,
        "Proposed": 73.9000015,
        "Impact": "Yes",
        "Barrier": 62.5999985,
        "Benefited": "Yes",
        "ELEVATION": null,
        "Section": "B19",
        "Reduction": 11.300003051757812,
        "x": 4274401.8119999999,
        "y": 5264207.9989999998,
        "MapSection": "B19",
        "Latitude": 39.055748430000001,
        "Longitude": -84.542439479999999
      }
    },
    {
      "type": "Feature",
      "id": 213,
      "geometry": {
        "type": "Point",
        "coordinates": [-84.542732086216361, 39.055482882683769]
      },
      "properties": {
        "OBJECTID": 213,
        "Receiver": "R791",
        "DU": null,
        "FrontRow": null,
        "Existing": 69.0999985,
        "Proposed": 71.0999985,
        "Impact": "Yes",
        "Barrier": 61.5,
        "Benefited": "Yes",
        "ELEVATION": null,
        "Section": "B19",
        "Reduction": 9.5999984741210938,
        "x": 4274301.2999999998,
        "y": 5264127.4900000002,
        "MapSection": "B19",
        "Latitude": 39.055475379999997,
        "Longitude": -84.542727499999998
      }
    },
    {
      "type": "Feature",
      "id": 214,
      "geometry": {
        "type": "Point",
        "coordinates": [-84.544753721141504, 39.054299243118322]
      },
      "properties": {
        "OBJECTID": 214,
        "Receiver": "R792",
        "DU": null,
        "FrontRow": null,
        "Existing": 73.9000015,
        "Proposed": 77.3000031,
        "Impact": "Yes",
        "Barrier": 69.0999985,
        "Benefited": "Yes",
        "ELEVATION": null,
        "Section": "B19",
        "Reduction": 8.2000045776367188,
        "x": 4273862.7510000002,
        "y": 5263558.926,
        "MapSection": "B19",
        "Latitude": 39.054291739999996,
        "Longitude": -84.54474913
      }
    },
    {
      "type": "Feature",
      "id": 215,
      "geometry": {
        "type": "Point",
        "coordinates": [-84.538397826446683, 39.057124983453285]
      },
      "properties": {
        "OBJECTID": 215,
        "Receiver": "R793",
        "DU": null,
        "FrontRow": null,
        "Existing": 62.4000015,
        "Proposed": 64.3000031,
        "Impact": "No",
        "Barrier": 68.5999985,
        "Benefited": "No",
        "ELEVATION": null,
        "Section": "B19",
        "Reduction": -4.2999954223632812,
        "x": 4274915.3700000001,
        "y": 5265350.6279999996,
        "MapSection": null,
        "Latitude": 39.057117480000002,
        "Longitude": -84.538393240000005
      }
    },
    {
      "type": "Feature",
      "id": 216,
      "geometry": {
        "type": "Point",
        "coordinates": [-84.54111042381443, 39.056858616810018]
      },
      "properties": {
        "OBJECTID": 216,
        "Receiver": "R794",
        "DU": null,
        "FrontRow": null,
        "Existing": 65.9000015,
        "Proposed": 70.9000015,
        "Impact": "Yes",
        "Barrier": 65.1999969,
        "Benefited": "Yes",
        "ELEVATION": null,
        "Section": "B19",
        "Reduction": 5.7000045776367188,
        "x": 4274808.358,
        "y": 5264581.5410000002,
        "MapSection": "B19",
        "Latitude": 39.056851119999997,
        "Longitude": -84.541105830000006
      }
    },
    {
      "type": "Feature",
      "id": 217,
      "geometry": {
        "type": "Point",
        "coordinates": [-84.544098574603922, 39.054839049789166]
      },
      "properties": {
        "OBJECTID": 217,
        "Receiver": "R795",
        "DU": null,
        "FrontRow": null,
        "Existing": 69,
        "Proposed": 70.4000015,
        "Impact": "Yes",
        "Barrier": 61.2000008,
        "Benefited": "Yes",
        "ELEVATION": null,
        "Section": "B19",
        "Reduction": 9.2000007629394531,
        "x": 4274061.773,
        "y": 5263742.4460000005,
        "MapSection": "B19",
        "Latitude": 39.054831550000003,
        "Longitude": -84.54409398
      }
    },
    {
      "type": "Feature",
      "id": 218,
      "geometry": {
        "type": "Point",
        "coordinates": [-84.54207815572353, 39.05615998166423]
      },
      "properties": {
        "OBJECTID": 218,
        "Receiver": "R796",
        "DU": null,
        "FrontRow": null,
        "Existing": 70.5999985,
        "Proposed": 74.6999969,
        "Impact": "Yes",
        "Barrier": 62.9000015,
        "Benefited": "Yes",
        "ELEVATION": null,
        "Section": "B19",
        "Reduction": 11.799995422363281,
        "x": 4274550.3289999999,
        "y": 5264310.0099999998,
        "MapSection": "B19",
        "Latitude": 39.056152480000002,
        "Longitude": -84.542073569999999
      }
    },
    {
      "type": "Feature",
      "id": 219,
      "geometry": {
        "type": "Point",
        "coordinates": [-84.563488756318463, 39.050491369653287]
      },
      "properties": {
        "OBJECTID": 219,
        "Receiver": "R797",
        "DU": null,
        "FrontRow": null,
        "Existing": 69.8000031,
        "Proposed": 71.6999969,
        "Impact": "Yes",
        "Barrier": 63,
        "Benefited": "Yes",
        "ELEVATION": null,
        "Section": "B18",
        "Reduction": 8.6999969482421875,
        "x": 4272407.5870000003,
        "y": 5258255.8269999996,
        "MapSection": "B18",
        "Latitude": 39.050483870000001,
        "Longitude": -84.563484160000002
      }
    },
    {
      "type": "Feature",
      "id": 220,
      "geometry": {
        "type": "Point",
        "coordinates": [-84.539661297959938, 39.056856325635835]
      },
      "properties": {
        "OBJECTID": 220,
        "Receiver": "R798",
        "DU": null,
        "FrontRow": null,
        "Existing": 61.9000015,
        "Proposed": 63.7999992,
        "Impact": "No",
        "Barrier": 60.9000015,
        "Benefited": "No",
        "ELEVATION": null,
        "Section": "B19",
        "Reduction": 2.8999977111816406,
        "x": 4274812.858,
        "y": 5264993.0870000003,
        "MapSection": null,
        "Latitude": 39.056848819999999,
        "Longitude": -84.539656710000003
      }
    },
    {
      "type": "Feature",
      "id": 221,
      "geometry": {
        "type": "Point",
        "coordinates": [-84.543281404067017, 39.055061458767156]
      },
      "properties": {
        "OBJECTID": 221,
        "Receiver": "R799",
        "DU": null,
        "FrontRow": null,
        "Existing": 67.5,
        "Proposed": 70.1999969,
        "Impact": "Yes",
        "Barrier": 60.2999992,
        "Benefited": "Yes",
        "ELEVATION": null,
        "Section": "B19",
        "Reduction": 9.8999977111816406,
        "x": 4274145.7829999998,
        "y": 5263973.4720000001,
        "MapSection": "B19",
        "Latitude": 39.055053960000002,
        "Longitude": -84.543276809999995
      }
    },
    {
      "type": "Feature",
      "id": 222,
      "geometry": {
        "type": "Point",
        "coordinates": [-84.55744355722878, 39.051184994095649]
      },
      "properties": {
        "OBJECTID": 222,
        "Receiver": "R800",
        "DU": null,
        "FrontRow": null,
        "Existing": 72.5,
        "Proposed": 75.4000015,
        "Impact": "Yes",
        "Barrier": 62.7000008,
        "Benefited": "Yes",
        "ELEVATION": null,
        "Section": "B18",
        "Reduction": 12.700000762939453,
        "x": 4272682.1179999998,
        "y": 5259969.5209999997,
        "MapSection": "B18",
        "Latitude": 39.051177490000001,
        "Longitude": -84.557438959999999
      }
    },
    {
      "type": "Feature",
      "id": 223,
      "geometry": {
        "type": "Point",
        "coordinates": [-84.555703389842094, 39.05240185878651]
      },
      "properties": {
        "OBJECTID": 223,
        "Receiver": "R801",
        "DU": null,
        "FrontRow": null,
        "Existing": 67.0999985,
        "Proposed": 69.9000015,
        "Impact": "Yes",
        "Barrier": 65,
        "Benefited": "No",
        "ELEVATION": null,
        "Section": "B17",
        "Reduction": 4.9000015258789062,
        "x": 4273131.6679999996,
        "y": 5260458.0760000004,
        "MapSection": "B17A",
        "Latitude": 39.052394360000001,
        "Longitude": -84.555698800000002
      }
    },
    {
      "type": "Feature",
      "id": 224,
      "geometry": {
        "type": "Point",
        "coordinates": [-84.541336333145651, 39.056615153170675]
      },
      "properties": {
        "OBJECTID": 224,
        "Receiver": "R802",
        "DU": null,
        "FrontRow": null,
        "Existing": 68.1999969,
        "Proposed": 73.0999985,
        "Impact": "Yes",
        "Barrier": 66,
        "Benefited": "Yes",
        "ELEVATION": null,
        "Section": "B19",
        "Reduction": 7.0999984741210938,
        "x": 4274718.8480000002,
        "y": 5264518.534,
        "MapSection": "B19",
        "Latitude": 39.056607649999997,
        "Longitude": -84.541331740000004
      }
    },
    {
      "type": "Feature",
      "id": 225,
      "geometry": {
        "type": "Point",
        "coordinates": [-84.537806900167368, 39.057293355566124]
      },
      "properties": {
        "OBJECTID": 225,
        "Receiver": "R803",
        "DU": null,
        "FrontRow": null,
        "Existing": 65.6999969,
        "Proposed": 66.6999969,
        "Impact": "Yes",
        "Barrier": 65.6999969,
        "Benefited": "No",
        "ELEVATION": null,
        "Section": "B19",
        "Reduction": 1,
        "x": 4274978.8770000003,
        "y": 5265517.6469999999,
        "MapSection": null,
        "Latitude": 39.05728585,
        "Longitude": -84.537802310000004
      }
    },
    {
      "type": "Feature",
      "id": 226,
      "geometry": {
        "type": "Point",
        "coordinates": [-84.538161183926235, 39.057060807027405]
      },
      "properties": {
        "OBJECTID": 226,
        "Receiver": "R804",
        "DU": null,
        "FrontRow": null,
        "Existing": 63.5,
        "Proposed": 65.1999969,
        "Impact": "No",
        "Barrier": null,
        "Benefited": null,
        "ELEVATION": null,
        "Section": "B19",
        "Reduction": null,
        "x": 4274892.8669999996,
        "y": 5265418.1349999998,
        "MapSection": null,
        "Latitude": 39.057053310000001,
        "Longitude": -84.538156599999994
      }
    },
    {
      "type": "Feature",
      "id": 227,
      "geometry": {
        "type": "Point",
        "coordinates": [-84.541759162091068, 39.056283066685694]
      },
      "properties": {
        "OBJECTID": 227,
        "Receiver": "R805",
        "DU": null,
        "FrontRow": null,
        "Existing": 69.5,
        "Proposed": 73.9000015,
        "Impact": "Yes",
        "Barrier": 62.9000015,
        "Benefited": "Yes",
        "ELEVATION": null,
        "Section": "B19",
        "Reduction": 11,
        "x": 4274596.3339999998,
        "y": 5264400.0209999997,
        "MapSection": "B19",
        "Latitude": 39.056275569999997,
        "Longitude": -84.541754569999995
      }
    },
    {
      "type": "Feature",
      "id": 228,
      "geometry": {
        "type": "Point",
        "coordinates": [-84.538955367647333, 39.056846439307215]
      },
      "properties": {
        "OBJECTID": 228,
        "Receiver": "R806",
        "DU": null,
        "FrontRow": null,
        "Existing": 63.5999985,
        "Proposed": 64.4000015,
        "Impact": "No",
        "Barrier": 62.5,
        "Benefited": "No",
        "ELEVATION": null,
        "Section": "B19",
        "Reduction": 1.9000015258789062,
        "x": 4274811.858,
        "y": 5265193.6100000003,
        "MapSection": null,
        "Latitude": 39.056838939999999,
        "Longitude": -84.538950779999993
      }
    },
    {
      "type": "Feature",
      "id": 229,
      "geometry": {
        "type": "Point",
        "coordinates": [-84.541467222265013, 39.056473695552491]
      },
      "properties": {
        "OBJECTID": 229,
        "Receiver": "R807",
        "DU": null,
        "FrontRow": null,
        "Existing": 68.4000015,
        "Proposed": 73.3000031,
        "Impact": "Yes",
        "Barrier": 63.5999985,
        "Benefited": "Yes",
        "ELEVATION": null,
        "Section": "B19",
        "Reduction": 9.7000045776367188,
        "x": 4274666.8420000002,
        "y": 5264482.0300000003,
        "MapSection": "B19",
        "Latitude": 39.056466190000002,
        "Longitude": -84.541462629999998
      }
    },
    {
      "type": "Feature",
      "id": 230,
      "geometry": {
        "type": "Point",
        "coordinates": [-84.560337368188556, 39.050693471270343]
      },
      "properties": {
        "OBJECTID": 230,
        "Receiver": "R808",
        "DU": null,
        "FrontRow": null,
        "Existing": 65.4000015,
        "Proposed": 67.1999969,
        "Impact": "Yes",
        "Barrier": 55.7999992,
        "Benefited": "Yes",
        "ELEVATION": null,
        "Section": "B18",
        "Reduction": 11.399997711181641,
        "x": 4272492.5959999999,
        "y": 5259149.9280000003,
        "MapSection": "B18",
        "Latitude": 39.050685970000004,
        "Longitude": -84.560332770000002
      }
    },
    {
      "type": "Feature",
      "id": 231,
      "geometry": {
        "type": "Point",
        "coordinates": [-84.544113214216225, 39.054380657243506]
      },
      "properties": {
        "OBJECTID": 231,
        "Receiver": "R809",
        "DU": null,
        "FrontRow": null,
        "Existing": 65.9000015,
        "Proposed": 67.6999969,
        "Impact": "Yes",
        "Barrier": 59.9000015,
        "Benefited": "Yes",
        "ELEVATION": null,
        "Section": "B19",
        "Reduction": 7.7999954223632812,
        "x": 4273894.7549999999,
        "y": 5263740.4460000005,
        "MapSection": "B19",
        "Latitude": 39.054373159999997,
        "Longitude": -84.544108620000003
      }
    },
    {
      "type": "Feature",
      "id": 232,
      "geometry": {
        "type": "Point",
        "coordinates": [-84.537567172695773, 39.057203062293304]
      },
      "properties": {
        "OBJECTID": 232,
        "Receiver": "R810",
        "DU": null,
        "FrontRow": null,
        "Existing": 67.0999985,
        "Proposed": 66.6999969,
        "Impact": "Yes",
        "Barrier": 59.4000015,
        "Benefited": "Yes",
        "ELEVATION": null,
        "Section": "B19",
        "Reduction": 7.2999954223632812,
        "x": 4274946.8729999997,
        "y": 5265586.1540000001,
        "MapSection": null,
        "Latitude": 39.057195559999997,
        "Longitude": -84.537562579999999
      }
    },
    {
      "type": "Feature",
      "id": 233,
      "geometry": {
        "type": "Point",
        "coordinates": [-84.558128678650874, 39.050957055642883]
      },
      "properties": {
        "OBJECTID": 233,
        "Receiver": "R811",
        "DU": null,
        "FrontRow": null,
        "Existing": 67.4000015,
        "Proposed": 70.3000031,
        "Impact": "Yes",
        "Barrier": 61.5,
        "Benefited": "Yes",
        "ELEVATION": null,
        "Section": "B18",
        "Reduction": 8.8000030517578125,
        "x": 4272596.608,
        "y": 5259775.9989999998,
        "MapSection": "B18",
        "Latitude": 39.050949559999999,
        "Longitude": -84.558124079999999
      }
    },
    {
      "type": "Feature",
      "id": 234,
      "geometry": {
        "type": "Point",
        "coordinates": [-84.54253738836762, 39.055225564151975]
      },
      "properties": {
        "OBJECTID": 234,
        "Receiver": "R812",
        "DU": null,
        "FrontRow": null,
        "Existing": 63.0999985,
        "Proposed": 65.6999969,
        "Impact": "No",
        "Barrier": 57.7999992,
        "Benefited": "Yes",
        "ELEVATION": null,
        "Section": "B19",
        "Reduction": 7.8999977111816406,
        "x": 4274208.29,
        "y": 5264183.9960000003,
        "MapSection": "B19",
        "Latitude": 39.055218060000001,
        "Longitude": -84.542532800000004
      }
    },
    {
      "type": "Feature",
      "id": 235,
      "geometry": {
        "type": "Point",
        "coordinates": [-84.564392766338557, 39.05022712562895]
      },
      "properties": {
        "OBJECTID": 235,
        "Receiver": "R813",
        "DU": null,
        "FrontRow": null,
        "Existing": 67.3000031,
        "Proposed": 69,
        "Impact": "Yes",
        "Barrier": 61.7999992,
        "Benefited": "Yes",
        "ELEVATION": null,
        "Section": "B18",
        "Reduction": 7.2000007629394531,
        "x": 4272308.0760000004,
        "y": 5258000.2980000004,
        "MapSection": "B18",
        "Latitude": 39.050219630000001,
        "Longitude": -84.564388170000001
      }
    },
    {
      "type": "Feature",
      "id": 236,
      "geometry": {
        "type": "Point",
        "coordinates": [-84.56282932819083, 39.050440896558001]
      },
      "properties": {
        "OBJECTID": 236,
        "Receiver": "R814",
        "DU": null,
        "FrontRow": null,
        "Existing": 67.3000031,
        "Proposed": 69.3000031,
        "Impact": "Yes",
        "Barrier": 61.4000015,
        "Benefited": "Yes",
        "ELEVATION": null,
        "Section": "B18",
        "Reduction": 7.9000015258789062,
        "x": 4272391.585,
        "y": 5258443.3480000002,
        "MapSection": "B18",
        "Latitude": 39.050433400000003,
        "Longitude": -84.562824730000003
      }
    },
    {
      "type": "Feature",
      "id": 237,
      "geometry": {
        "type": "Point",
        "coordinates": [-84.544073560432892, 39.054542255280673]
      },
      "properties": {
        "OBJECTID": 237,
        "Receiver": "R815",
        "DU": null,
        "FrontRow": null,
        "Existing": 64.0999985,
        "Proposed": 65.9000015,
        "Impact": "No",
        "Barrier": 57.7999992,
        "Benefited": "Yes",
        "ELEVATION": null,
        "Section": "B19",
        "Reduction": 8.1000022888183594,
        "x": 4273953.7609999999,
        "y": 5263750.9469999997,
        "MapSection": "B19",
        "Latitude": 39.054534750000002,
        "Longitude": -84.544068969999998
      }
    },
    {
      "type": "Feature",
      "id": 238,
      "geometry": {
        "type": "Point",
        "coordinates": [-84.542097707849948, 39.055406467645696]
      },
      "properties": {
        "OBJECTID": 238,
        "Receiver": "R816",
        "DU": null,
        "FrontRow": null,
        "Existing": 61,
        "Proposed": 63.4000015,
        "Impact": "No",
        "Barrier": 57.2000008,
        "Benefited": "Yes",
        "ELEVATION": null,
        "Section": "B19",
        "Reduction": 6.2000007629394531,
        "x": 4274275.7980000004,
        "y": 5264308.0099999998,
        "MapSection": "B19",
        "Latitude": 39.055398969999999,
        "Longitude": -84.542093120000004
      }
    },
    {
      "type": "Feature",
      "id": 239,
      "geometry": {
        "type": "Point",
        "coordinates": [-84.543261203234621, 39.054899253925569]
      },
      "properties": {
        "OBJECTID": 239,
        "Receiver": "R817",
        "DU": null,
        "FrontRow": null,
        "Existing": 67.3000031,
        "Proposed": 70.0999985,
        "Impact": "Yes",
        "Barrier": 60.2999992,
        "Benefited": "Yes",
        "ELEVATION": null,
        "Section": "B19",
        "Reduction": 9.7999992370605469,
        "x": 4274086.7759999996,
        "y": 5263979.9730000002,
        "MapSection": "B19",
        "Latitude": 39.054891750000003,
        "Longitude": -84.54325661
      }
    },
    {
      "type": "Feature",
      "id": 240,
      "geometry": {
        "type": "Point",
        "coordinates": [-84.538133975429162, 39.056897160409129]
      },
      "properties": {
        "OBJECTID": 240,
        "Receiver": "R818",
        "DU": null,
        "FrontRow": null,
        "Existing": 55.4000015,
        "Proposed": 55.5,
        "Impact": "No",
        "Barrier": 59.7999992,
        "Benefited": "No",
        "ELEVATION": null,
        "Section": "B19",
        "Reduction": -4.2999992370605469,
        "x": 4274833.3609999996,
        "y": 5265426.6359999999,
        "MapSection": null,
        "Latitude": 39.056889660000003,
        "Longitude": -84.538129389999995
      }
    },
    {
      "type": "Feature",
      "id": 241,
      "geometry": {
        "type": "Point",
        "coordinates": [-84.557276023130299, 39.051094085797125]
      },
      "properties": {
        "OBJECTID": 241,
        "Receiver": "R819",
        "DU": null,
        "FrontRow": null,
        "Existing": 72.5,
        "Proposed": 75.1999969,
        "Impact": "Yes",
        "Barrier": 64.1999969,
        "Benefited": "Yes",
        "ELEVATION": null,
        "Section": "B18",
        "Reduction": 11,
        "x": 4272649.6140000001,
        "y": 5260017.5259999996,
        "MapSection": "B18",
        "Latitude": 39.051086589999997,
        "Longitude": -84.55727143
      }
    },
    {
      "type": "Feature",
      "id": 242,
      "geometry": {
        "type": "Point",
        "coordinates": [-84.564680960244218, 39.050153097106126]
      },
      "properties": {
        "OBJECTID": 242,
        "Receiver": "R820",
        "DU": null,
        "FrontRow": null,
        "Existing": 67.5,
        "Proposed": 69.4000015,
        "Impact": "Yes",
        "Barrier": 64,
        "Benefited": "Yes",
        "ELEVATION": null,
        "Section": "B18",
        "Reduction": 5.4000015258789062,
        "x": 4272280.0719999997,
        "y": 5257918.7889999999,
        "MapSection": "B18",
        "Latitude": 39.0501456,
        "Longitude": -84.564676360000007
      }
    },
    {
      "type": "Feature",
      "id": 243,
      "geometry": {
        "type": "Point",
        "coordinates": [-84.565958523672776, 39.049653659791247]
      },
      "properties": {
        "OBJECTID": 243,
        "Receiver": "R821",
        "DU": null,
        "FrontRow": null,
        "Existing": 63.9000015,
        "Proposed": 65.6999969,
        "Impact": "No",
        "Barrier": 63.9000015,
        "Benefited": "No",
        "ELEVATION": null,
        "Section": "B18",
        "Reduction": 1.7999954223632812,
        "x": 4272093.551,
        "y": 5257558.2489999998,
        "MapSection": "B18",
        "Latitude": 39.049646160000002,
        "Longitude": -84.565953930000006
      }
    },
    {
      "type": "Feature",
      "id": 244,
      "geometry": {
        "type": "Point",
        "coordinates": [-84.555280794827112, 39.052296047674744]
      },
      "properties": {
        "OBJECTID": 244,
        "Receiver": "R822",
        "DU": null,
        "FrontRow": null,
        "Existing": 65.4000015,
        "Proposed": 67.9000015,
        "Impact": "Yes",
        "Barrier": 66.3000031,
        "Benefited": "No",
        "ELEVATION": null,
        "Section": "B17",
        "Reduction": 1.5999984741210938,
        "x": 4273094.6639999999,
        "y": 5260578.5889999997,
        "MapSection": "B17A",
        "Latitude": 39.05228855,
        "Longitude": -84.555276199999994
      }
    },
    {
      "type": "Feature",
      "id": 245,
      "geometry": {
        "type": "Point",
        "coordinates": [-84.565553900760804, 39.049850098575412]
      },
      "properties": {
        "OBJECTID": 245,
        "Receiver": "R823",
        "DU": null,
        "FrontRow": null,
        "Existing": 66.1999969,
        "Proposed": 68.3000031,
        "Impact": "Yes",
        "Barrier": 65.3000031,
        "Benefited": "No",
        "ELEVATION": null,
        "Section": "B18",
        "Reduction": 3,
        "x": 4272166.5599999996,
        "y": 5257672.2609999999,
        "MapSection": "B18",
        "Latitude": 39.049842599999998,
        "Longitude": -84.565549300000001
      }
    },
    {
      "type": "Feature",
      "id": 246,
      "geometry": {
        "type": "Point",
        "coordinates": [-84.557987618047463, 39.050862293812926]
      },
      "properties": {
        "OBJECTID": 246,
        "Receiver": "R824",
        "DU": null,
        "FrontRow": null,
        "Existing": 65.0999985,
        "Proposed": 68.0999985,
        "Impact": "Yes",
        "Barrier": 59.2000008,
        "Benefited": "Yes",
        "ELEVATION": null,
        "Section": "B18",
        "Reduction": 8.8999977111816406,
        "x": 4272562.6040000003,
        "y": 5259816.5029999996,
        "MapSection": "B18",
        "Latitude": 39.050854790000002,
        "Longitude": -84.557983019999995
      }
    },
    {
      "type": "Feature",
      "id": 247,
      "geometry": {
        "type": "Point",
        "coordinates": [-84.562032577899046, 39.050497517189335]
      },
      "properties": {
        "OBJECTID": 247,
        "Receiver": "R825",
        "DU": null,
        "FrontRow": null,
        "Existing": 66.9000015,
        "Proposed": 68.5999985,
        "Impact": "Yes",
        "Barrier": 58.5999985,
        "Benefited": "Yes",
        "ELEVATION": null,
        "Section": "B18",
        "Reduction": 10,
        "x": 4272415.0880000005,
        "y": 5258669.3739999998,
        "MapSection": "B18",
        "Latitude": 39.050490019999998,
        "Longitude": -84.562027979999996
      }
    },
    {
      "type": "Feature",
      "id": 248,
      "geometry": {
        "type": "Point",
        "coordinates": [-84.565069544392003, 39.049968862371543]
      },
      "properties": {
        "OBJECTID": 248,
        "Receiver": "R826",
        "DU": null,
        "FrontRow": null,
        "Existing": 66.8000031,
        "Proposed": 68.8000031,
        "Impact": "Yes",
        "Barrier": 64.5999985,
        "Benefited": "No",
        "ELEVATION": null,
        "Section": "B18",
        "Reduction": 4.2000045776367188,
        "x": 4272211.5650000004,
        "y": 5257809.2769999998,
        "MapSection": "B18",
        "Latitude": 39.049961359999998,
        "Longitude": -84.565064949999993
      }
    },
    {
      "type": "Feature",
      "id": 249,
      "geometry": {
        "type": "Point",
        "coordinates": [-84.560870867609296, 39.050584826620195]
      },
      "properties": {
        "OBJECTID": 249,
        "Receiver": "R827",
        "DU": null,
        "FrontRow": null,
        "Existing": 66.5999985,
        "Proposed": 68.3000031,
        "Impact": "Yes",
        "Barrier": 57,
        "Benefited": "Yes",
        "ELEVATION": null,
        "Section": "B18",
        "Reduction": 11.300003051757812,
        "x": 4272451.0920000002,
        "y": 5258998.9110000003,
        "MapSection": "B18",
        "Latitude": 39.050577330000003,
        "Longitude": -84.560866270000005
      }
    },
    {
      "type": "Feature",
      "id": 250,
      "geometry": {
        "type": "Point",
        "coordinates": [-84.565356378671311, 39.049870107053913]
      },
      "properties": {
        "OBJECTID": 250,
        "Receiver": "R828",
        "DU": null,
        "FrontRow": null,
        "Existing": 66.4000015,
        "Proposed": 68.5,
        "Impact": "Yes",
        "Barrier": 65.3000031,
        "Benefited": "No",
        "ELEVATION": null,
        "Section": "B18",
        "Reduction": 3.1999969482421875,
        "x": 4272174.5599999996,
        "y": 5257728.2680000002,
        "MapSection": "B18",
        "Latitude": 39.049862609999998,
        "Longitude": -84.56535178
      }
    },
    {
      "type": "Feature",
      "id": 251,
      "geometry": {
        "type": "Point",
        "coordinates": [-84.537397039359746, 39.057057185700941]
      },
      "properties": {
        "OBJECTID": 251,
        "Receiver": "R829",
        "DU": null,
        "FrontRow": null,
        "Existing": 68.3000031,
        "Proposed": 67.5,
        "Impact": "Yes",
        "Barrier": 62.4000015,
        "Benefited": "Yes",
        "ELEVATION": null,
        "Section": "B19",
        "Reduction": 5.0999984741210938,
        "x": 4274894.3669999996,
        "y": 5265635.1600000001,
        "MapSection": null,
        "Latitude": 39.057049679999999,
        "Longitude": -84.537392449999999
      }
    },
    {
      "type": "Feature",
      "id": 252,
      "geometry": {
        "type": "Point",
        "coordinates": [-84.544112719424106, 39.054198057498667]
      },
      "properties": {
        "OBJECTID": 252,
        "Receiver": "R830",
        "DU": null,
        "FrontRow": null,
        "Existing": 65.6999969,
        "Proposed": 67.5,
        "Impact": "Yes",
        "Barrier": 59.5,
        "Benefited": "Yes",
        "ELEVATION": null,
        "Section": "B19",
        "Reduction": 8,
        "x": 4273828.2470000004,
        "y": 5263741.4460000005,
        "MapSection": "B19",
        "Latitude": 39.054190560000002,
        "Longitude": -84.544108129999998
      }
    },
    {
      "type": "Feature",
      "id": 253,
      "geometry": {
        "type": "Point",
        "coordinates": [-84.538902251737866, 39.056652325406631]
      },
      "properties": {
        "OBJECTID": 253,
        "Receiver": "R831",
        "DU": null,
        "FrontRow": null,
        "Existing": 63.2000008,
        "Proposed": 64.4000015,
        "Impact": "No",
        "Barrier": 59,
        "Benefited": "Yes",
        "ELEVATION": null,
        "Section": "B19",
        "Reduction": 5.4000015258789062,
        "x": 4274741.3499999996,
        "y": 5265209.6119999997,
        "MapSection": null,
        "Latitude": 39.056644820000002,
        "Longitude": -84.538897660000003
      }
    },
    {
      "type": "Feature",
      "id": 254,
      "geometry": {
        "type": "Point",
        "coordinates": [-84.541787294618061, 39.055543366586278]
      },
      "properties": {
        "OBJECTID": 254,
        "Receiver": "R832",
        "DU": null,
        "FrontRow": null,
        "Existing": 59.2000008,
        "Proposed": 61.7000008,
        "Impact": "No",
        "Barrier": 56.4000015,
        "Benefited": "Yes",
        "ELEVATION": null,
        "Section": "B19",
        "Reduction": 5.2999992370605469,
        "x": 4274326.8030000003,
        "y": 5264395.5199999996,
        "MapSection": "B19",
        "Latitude": 39.05553587,
        "Longitude": -84.541782699999999
      }
    },
    {
      "type": "Feature",
      "id": 255,
      "geometry": {
        "type": "Point",
        "coordinates": [-84.541943564446342, 39.055463944361378]
      },
      "properties": {
        "OBJECTID": 255,
        "Receiver": "R833",
        "DU": null,
        "FrontRow": null,
        "Existing": 60.4000015,
        "Proposed": 62.7000008,
        "Impact": "No",
        "Barrier": 56.9000015,
        "Benefited": "Yes",
        "ELEVATION": null,
        "Section": "B19",
        "Reduction": 5.7999992370605469,
        "x": 4274297.2999999998,
        "y": 5264351.5149999997,
        "MapSection": "B19",
        "Latitude": 39.05545644,
        "Longitude": -84.541938970000004
      }
    },
    {
      "type": "Feature",
      "id": 256,
      "geometry": {
        "type": "Point",
        "coordinates": [-84.543207439765766, 39.054743576968235]
      },
      "properties": {
        "OBJECTID": 256,
        "Receiver": "R834",
        "DU": null,
        "FrontRow": null,
        "Existing": 65.9000015,
        "Proposed": 68.5,
        "Impact": "Yes",
        "Barrier": 58.9000015,
        "Benefited": "Yes",
        "ELEVATION": null,
        "Section": "B19",
        "Reduction": 9.5999984741210938,
        "x": 4274030.2699999996,
        "y": 5263995.9749999996,
        "MapSection": "B19",
        "Latitude": 39.054736079999998,
        "Longitude": -84.54320285
      }
    },
    {
      "type": "Feature",
      "id": 257,
      "geometry": {
        "type": "Point",
        "coordinates": [-84.545020460314504, 39.05371570934615]
      },
      "properties": {
        "OBJECTID": 257,
        "Receiver": "R835",
        "DU": null,
        "FrontRow": null,
        "Existing": 68.0999985,
        "Proposed": 71.6999969,
        "Impact": "Yes",
        "Barrier": 62.7000008,
        "Benefited": "Yes",
        "ELEVATION": null,
        "Section": "B19",
        "Reduction": 8.9999961853027344,
        "x": 4273649.227,
        "y": 5263485.9170000004,
        "MapSection": "B19",
        "Latitude": 39.053708210000003,
        "Longitude": -84.54501587
      }
    },
    {
      "type": "Feature",
      "id": 258,
      "geometry": {
        "type": "Point",
        "coordinates": [-84.544198120659615, 39.054038289461872]
      },
      "properties": {
        "OBJECTID": 258,
        "Receiver": "R836",
        "DU": null,
        "FrontRow": null,
        "Existing": 65.3000031,
        "Proposed": 67.1999969,
        "Impact": "Yes",
        "Barrier": 59.9000015,
        "Benefited": "Yes",
        "ELEVATION": null,
        "Section": "B19",
        "Reduction": 7.2999954223632812,
        "x": 4273769.7400000002,
        "y": 5263717.9440000001,
        "MapSection": "B19",
        "Latitude": 39.054030789999999,
        "Longitude": -84.544193530000001
      }
    },
    {
      "type": "Feature",
      "id": 259,
      "geometry": {
        "type": "Point",
        "coordinates": [-84.538091766418802, 39.056788274399885]
      },
      "properties": {
        "OBJECTID": 259,
        "Receiver": "R837",
        "DU": null,
        "FrontRow": null,
        "Existing": 55.4000015,
        "Proposed": 55.5999985,
        "Impact": "No",
        "Barrier": 59.4000015,
        "Benefited": "No",
        "ELEVATION": null,
        "Section": "B19",
        "Reduction": -3.8000030517578125,
        "x": 4274793.8559999997,
        "y": 5265439.1380000003,
        "MapSection": null,
        "Latitude": 39.056780770000003,
        "Longitude": -84.538087180000005
      }
    },
    {
      "type": "Feature",
      "id": 260,
      "geometry": {
        "type": "Point",
        "coordinates": [-84.559995955075593, 39.050576130050594]
      },
      "properties": {
        "OBJECTID": 260,
        "Receiver": "R838",
        "DU": null,
        "FrontRow": null,
        "Existing": 65.1999969,
        "Proposed": 66.8000031,
        "Impact": "Yes",
        "Barrier": 56.5,
        "Benefited": "Yes",
        "ELEVATION": null,
        "Section": "B18",
        "Reduction": 10.300003051757812,
        "x": 4272451.0920000002,
        "y": 5259247.4390000002,
        "MapSection": "B18",
        "Latitude": 39.050568630000001,
        "Longitude": -84.559991359999998
      }
    },
    {
      "type": "Feature",
      "id": 261,
      "geometry": {
        "type": "Point",
        "coordinates": [-84.538823943119908, 39.056490908178098]
      },
      "properties": {
        "OBJECTID": 261,
        "Receiver": "R839",
        "DU": null,
        "FrontRow": null,
        "Existing": 61.9000015,
        "Proposed": 63.5999985,
        "Impact": "No",
        "Barrier": 58.7000008,
        "Benefited": "No",
        "ELEVATION": null,
        "Section": "B19",
        "Reduction": 4.8999977111816406,
        "x": 4274682.8439999996,
        "y": 5265232.6140000001,
        "MapSection": null,
        "Latitude": 39.056483409999998,
        "Longitude": -84.538819349999997
      }
    },
    {
      "type": "Feature",
      "id": 262,
      "geometry": {
        "type": "Point",
        "coordinates": [-84.561506299458671, 39.050379714178014]
      },
      "properties": {
        "OBJECTID": 262,
        "Receiver": "R840",
        "DU": null,
        "FrontRow": null,
        "Existing": 62.2000008,
        "Proposed": 63.7999992,
        "Impact": "No",
        "Barrier": 55.4000015,
        "Benefited": "Yes",
        "ELEVATION": null,
        "Section": "B18",
        "Reduction": 8.3999977111816406,
        "x": 4272374.0829999996,
        "y": 5258819.3909999998,
        "MapSection": "B18",
        "Latitude": 39.05037222,
        "Longitude": -84.561501699999994
      }
    },
    {
      "type": "Feature",
      "id": 263,
      "geometry": {
        "type": "Point",
        "coordinates": [-84.563969623248994, 39.04993874587084]
      },
      "properties": {
        "OBJECTID": 263,
        "Receiver": "R841",
        "DU": null,
        "FrontRow": null,
        "Existing": 63.9000015,
        "Proposed": 65.4000015,
        "Impact": "No",
        "Barrier": 60.7999992,
        "Benefited": "No",
        "ELEVATION": null,
        "Section": "B18",
        "Reduction": 4.6000022888183594,
        "x": 4272204.5640000002,
        "y": 5258121.8119999999,
        "MapSection": "B18",
        "Latitude": 39.04993125,
        "Longitude": -84.563965030000006
      }
    },
    {
      "type": "Feature",
      "id": 264,
      "geometry": {
        "type": "Point",
        "coordinates": [-84.540932211776848, 39.056033088480916]
      },
      "properties": {
        "OBJECTID": 264,
        "Receiver": "R842",
        "DU": null,
        "FrontRow": null,
        "Existing": 57.2999992,
        "Proposed": 59.2999992,
        "Impact": "No",
        "Barrier": 56.5,
        "Benefited": "No",
        "ELEVATION": null,
        "Section": "B19",
        "Reduction": 2.7999992370605469,
        "x": 4274508.324,
        "y": 5264636.0470000003,
        "MapSection": "B19",
        "Latitude": 39.056025589999997,
        "Longitude": -84.540927620000005
      }
    },
    {
      "type": "Feature",
      "id": 265,
      "geometry": {
        "type": "Point",
        "coordinates": [-84.542824406676729, 39.054694408841371]
      },
      "properties": {
        "OBJECTID": 265,
        "Receiver": "R843",
        "DU": null,
        "FrontRow": null,
        "Existing": 62.7999992,
        "Proposed": 65.1999969,
        "Impact": "No",
        "Barrier": 57.2000008,
        "Benefited": "Yes",
        "ELEVATION": null,
        "Section": "B19",
        "Reduction": 7.9999961853027344,
        "x": 4274013.7680000002,
        "y": 5264104.9869999997,
        "MapSection": "B19",
        "Latitude": 39.054686910000001,
        "Longitude": -84.542819820000005
      }
    },
    {
      "type": "Feature",
      "id": 266,
      "geometry": {
        "type": "Point",
        "coordinates": [-84.537293263253872, 39.056839218797393]
      },
      "properties": {
        "OBJECTID": 266,
        "Receiver": "R844",
        "DU": null,
        "FrontRow": null,
        "Existing": 68.1999969,
        "Proposed": 67.3000031,
        "Impact": "Yes",
        "Barrier": 56.7999992,
        "Benefited": "Yes",
        "ELEVATION": null,
        "Section": "B19",
        "Reduction": 10.500003814697266,
        "x": 4274815.358,
        "y": 5265665.6629999997,
        "MapSection": null,
        "Latitude": 39.056831719999998,
        "Longitude": -84.537288669999995
      }
    },
    {
      "type": "Feature",
      "id": 267,
      "geometry": {
        "type": "Point",
        "coordinates": [-84.557766364631235, 39.050718683108336]
      },
      "properties": {
        "OBJECTID": 267,
        "Receiver": "R845",
        "DU": null,
        "FrontRow": null,
        "Existing": 63.7000008,
        "Proposed": 66.5999985,
        "Impact": "Yes",
        "Barrier": 59,
        "Benefited": "Yes",
        "ELEVATION": null,
        "Section": "B18",
        "Reduction": 7.5999984741210938,
        "x": 4272511.0980000002,
        "y": 5259880.0099999998,
        "MapSection": "B18",
        "Latitude": 39.05071118,
        "Longitude": -84.557761769999999
      }
    },
    {
      "type": "Feature",
      "id": 268,
      "geometry": {
        "type": "Point",
        "coordinates": [-84.542267443641293, 39.054940026079535]
      },
      "properties": {
        "OBJECTID": 268,
        "Receiver": "R846",
        "DU": null,
        "FrontRow": null,
        "Existing": 60.0999985,
        "Proposed": 62.7999992,
        "Impact": "No",
        "Barrier": 55.5999985,
        "Benefited": "Yes",
        "ELEVATION": null,
        "Section": "B19",
        "Reduction": 7.2000007629394531,
        "x": 4274105.2779999999,
        "y": 5264262.0049999999,
        "MapSection": "B19",
        "Latitude": 39.054932530000002,
        "Longitude": -84.54226285
      }
    },
    {
      "type": "Feature",
      "id": 269,
      "geometry": {
        "type": "Point",
        "coordinates": [-84.542491019509569, 39.054836571482639]
      },
      "properties": {
        "OBJECTID": 269,
        "Receiver": "R847",
        "DU": null,
        "FrontRow": null,
        "Existing": 61.7000008,
        "Proposed": 64.5,
        "Impact": "No",
        "Barrier": 56.4000015,
        "Benefited": "Yes",
        "ELEVATION": null,
        "Section": "B19",
        "Reduction": 8.0999984741210938,
        "x": 4274066.7740000002,
        "y": 5264198.9979999997,
        "MapSection": "B19",
        "Latitude": 39.054829069999997,
        "Longitude": -84.542486429999997
      }
    },
    {
      "type": "Feature",
      "id": 270,
      "geometry": {
        "type": "Point",
        "coordinates": [-84.538037509593195, 39.056662792792949]
      },
      "properties": {
        "OBJECTID": 270,
        "Receiver": "R848",
        "DU": null,
        "FrontRow": null,
        "Existing": 54.7999992,
        "Proposed": 54.4000015,
        "Impact": "No",
        "Barrier": 55.9000015,
        "Benefited": "No",
        "ELEVATION": null,
        "Section": "B19",
        "Reduction": -1.5,
        "x": 4274748.3509999998,
        "y": 5265455.1399999997,
        "MapSection": null,
        "Latitude": 39.056655290000002,
        "Longitude": -84.538032920000006
      }
    },
    {
      "type": "Feature",
      "id": 271,
      "geometry": {
        "type": "Point",
        "coordinates": [-84.542104544280889, 39.05499467190311]
      },
      "properties": {
        "OBJECTID": 271,
        "Receiver": "R849",
        "DU": null,
        "FrontRow": null,
        "Existing": 58.5999985,
        "Proposed": 61.2999992,
        "Impact": "No",
        "Barrier": 55.0999985,
        "Benefited": "Yes",
        "ELEVATION": null,
        "Section": "B19",
        "Reduction": 6.2000007629394531,
        "x": 4274125.7810000004,
        "y": 5264308.0099999998,
        "MapSection": "B19",
        "Latitude": 39.054987169999997,
        "Longitude": -84.542099949999994
      }
    },
    {
      "type": "Feature",
      "id": 272,
      "geometry": {
        "type": "Point",
        "coordinates": [-84.564334477111473, 39.049806445394722]
      },
      "properties": {
        "OBJECTID": 272,
        "Receiver": "R850",
        "DU": null,
        "FrontRow": null,
        "Existing": 64.8000031,
        "Proposed": 66,
        "Impact": "Yes",
        "Barrier": 61.0999985,
        "Benefited": "No",
        "ELEVATION": null,
        "Section": "B18",
        "Reduction": 4.9000015258789062,
        "x": 4272155.0580000002,
        "y": 5258018.7999999998,
        "MapSection": "B18",
        "Latitude": 39.049798950000003,
        "Longitude": -84.564329880000003
      }
    },
    {
      "type": "Feature",
      "id": 273,
      "geometry": {
        "type": "Point",
        "coordinates": [-84.557108758293651, 39.050986708157424]
      },
      "properties": {
        "OBJECTID": 273,
        "Receiver": "R851",
        "DU": null,
        "FrontRow": null,
        "Existing": 72,
        "Proposed": 74.8000031,
        "Impact": "Yes",
        "Barrier": 64.8000031,
        "Benefited": "Yes",
        "ELEVATION": null,
        "Section": "B18",
        "Reduction": 10,
        "x": 4272611.1100000003,
        "y": 5260065.5310000004,
        "MapSection": "B18",
        "Latitude": 39.050979210000001,
        "Longitude": -84.557104159999994
      }
    },
    {
      "type": "Feature",
      "id": 274,
      "geometry": {
        "type": "Point",
        "coordinates": [-84.560961300521157, 39.050330368005902]
      },
      "properties": {
        "OBJECTID": 274,
        "Receiver": "R852",
        "DU": null,
        "FrontRow": null,
        "Existing": 61.7000008,
        "Proposed": 62.9000015,
        "Impact": "No",
        "Barrier": 54,
        "Benefited": "Yes",
        "ELEVATION": null,
        "Section": "B18",
        "Reduction": 8.9000015258789062,
        "x": 4272358.0810000002,
        "y": 5258974.4079999998,
        "MapSection": "B18",
        "Latitude": 39.050322870000002,
        "Longitude": -84.560956709999999
      }
    },
    {
      "type": "Feature",
      "id": 275,
      "geometry": {
        "type": "Point",
        "coordinates": [-84.55363950959385, 39.052099806210798]
      },
      "properties": {
        "OBJECTID": 275,
        "Receiver": "R853",
        "DU": null,
        "FrontRow": null,
        "Existing": 60.5,
        "Proposed": 63.4000015,
        "Impact": "No",
        "Barrier": 57.2999992,
        "Benefited": "Yes",
        "ELEVATION": null,
        "Section": "B17",
        "Reduction": 6.1000022888183594,
        "x": 4273029.1569999997,
        "y": 5261045.642,
        "MapSection": "B17",
        "Latitude": 39.052092309999999,
        "Longitude": -84.553634919999993
      }
    },
    {
      "type": "Feature",
      "id": 276,
      "geometry": {
        "type": "Point",
        "coordinates": [-84.54442630249649, 39.053550469916857]
      },
      "properties": {
        "OBJECTID": 276,
        "Receiver": "R854",
        "DU": null,
        "FrontRow": null,
        "Existing": 62.7000008,
        "Proposed": 65.3000031,
        "Impact": "No",
        "Barrier": 58.7999992,
        "Benefited": "Yes",
        "ELEVATION": null,
        "Section": "B19",
        "Reduction": 6.5000038146972656,
        "x": 4273591.2199999997,
        "y": 5263655.4359999998,
        "MapSection": "B19",
        "Latitude": 39.053542970000002,
        "Longitude": -84.544421709999995
      }
    },
    {
      "type": "Feature",
      "id": 277,
      "geometry": {
        "type": "Point",
        "coordinates": [-84.541798086481705, 39.055105526355987]
      },
      "properties": {
        "OBJECTID": 277,
        "Receiver": "R855",
        "DU": null,
        "FrontRow": null,
        "Existing": 57.7000008,
        "Proposed": 60.5,
        "Impact": "No",
        "Barrier": 55.0999985,
        "Benefited": "Yes",
        "ELEVATION": null,
        "Section": "B19",
        "Reduction": 5.4000015258789062,
        "x": 4274167.2850000001,
        "y": 5264394.5199999996,
        "MapSection": "B19",
        "Latitude": 39.055098030000003,
        "Longitude": -84.541793499999997
      }
    },
    {
      "type": "Feature",
      "id": 278,
      "geometry": {
        "type": "Point",
        "coordinates": [-84.541973516869547, 39.05503865562207]
      },
      "properties": {
        "OBJECTID": 278,
        "Receiver": "R856",
        "DU": null,
        "FrontRow": null,
        "Existing": 58.2000008,
        "Proposed": 61,
        "Impact": "No",
        "Barrier": 55,
        "Benefited": "Yes",
        "ELEVATION": null,
        "Section": "B19",
        "Reduction": 6,
        "x": 4274142.2829999998,
        "y": 5264345.0140000004,
        "MapSection": "B19",
        "Latitude": 39.055031149999998,
        "Longitude": -84.541968929999996
      }
    },
    {
      "type": "Feature",
      "id": 279,
      "geometry": {
        "type": "Point",
        "coordinates": [-84.54643006982603, 39.05280319845528]
      },
      "properties": {
        "OBJECTID": 279,
        "Receiver": "R857",
        "DU": null,
        "FrontRow": null,
        "Existing": 69.5999985,
        "Proposed": 71.3000031,
        "Impact": "Yes",
        "Barrier": 61.2000008,
        "Benefited": "Yes",
        "ELEVATION": null,
        "Section": "B19",
        "Reduction": 10.100002288818359,
        "x": 4273311.6890000002,
        "y": 5263089.8729999997,
        "MapSection": "B19",
        "Latitude": 39.052795699999997,
        "Longitude": -84.546425479999996
      }
    },
    {
      "type": "Feature",
      "id": 280,
      "geometry": {
        "type": "Point",
        "coordinates": [-84.541213427489453, 39.055322029215411]
      },
      "properties": {
        "OBJECTID": 280,
        "Receiver": "R858",
        "DU": null,
        "FrontRow": null,
        "Existing": 56.9000015,
        "Proposed": 59.2000008,
        "Impact": "No",
        "Barrier": 55.4000015,
        "Benefited": "No",
        "ELEVATION": null,
        "Section": "B19",
        "Reduction": 3.7999992370605469,
        "x": 4274248.2939999998,
        "y": 5264559.5389999999,
        "MapSection": "B19",
        "Latitude": 39.055314529999997,
        "Longitude": -84.541208839999996
      }
    },
    {
      "type": "Feature",
      "id": 281,
      "geometry": {
        "type": "Point",
        "coordinates": [-84.541471876873217, 39.055239521382454]
      },
      "properties": {
        "OBJECTID": 281,
        "Receiver": "R859",
        "DU": null,
        "FrontRow": null,
        "Existing": 56.0999985,
        "Proposed": 58.5999985,
        "Impact": "No",
        "Barrier": 54.9000015,
        "Benefited": "No",
        "ELEVATION": null,
        "Section": "B19",
        "Reduction": 3.6999969482421875,
        "x": 4274217.2910000002,
        "y": 5264486.5300000003,
        "MapSection": "B19",
        "Latitude": 39.055232019999998,
        "Longitude": -84.54146729
      }
    },
    {
      "type": "Feature",
      "id": 282,
      "geometry": {
        "type": "Point",
        "coordinates": [-84.556928562619049, 39.050916267605089]
      },
      "properties": {
        "OBJECTID": 282,
        "Receiver": "R860",
        "DU": null,
        "FrontRow": null,
        "Existing": 71.5999985,
        "Proposed": 74.4000015,
        "Impact": "Yes",
        "Barrier": 64.0999985,
        "Benefited": "Yes",
        "ELEVATION": null,
        "Section": "B18",
        "Reduction": 10.300003051757812,
        "x": 4272586.1069999998,
        "y": 5260117.0369999995,
        "MapSection": "B18",
        "Latitude": 39.050908769999999,
        "Longitude": -84.55692397
      }
    },
    {
      "type": "Feature",
      "id": 283,
      "geometry": {
        "type": "Point",
        "coordinates": [-84.541658280026667, 39.055148047482135]
      },
      "properties": {
        "OBJECTID": 283,
        "Receiver": "R861",
        "DU": null,
        "FrontRow": null,
        "Existing": 55.4000015,
        "Proposed": 58.2000008,
        "Impact": "No",
        "Barrier": 54.4000015,
        "Benefited": "No",
        "ELEVATION": null,
        "Section": "B19",
        "Reduction": 3.7999992370605469,
        "x": 4274183.2869999995,
        "y": 5264434.0240000002,
        "MapSection": "B19",
        "Latitude": 39.055140549999997,
        "Longitude": -84.541653690000004
      }
    },
    {
      "type": "Feature",
      "id": 284,
      "geometry": {
        "type": "Point",
        "coordinates": [-84.544104289995502, 39.053750414149285]
      },
      "properties": {
        "OBJECTID": 284,
        "Receiver": "R862",
        "DU": null,
        "FrontRow": null,
        "Existing": 63.7999992,
        "Proposed": 65.6999969,
        "Impact": "No",
        "Barrier": 58.7999992,
        "Benefited": "Yes",
        "ELEVATION": null,
        "Section": "B19",
        "Reduction": 6.8999977111816406,
        "x": 4273665.2290000003,
        "y": 5263745.9469999997,
        "MapSection": "B19",
        "Latitude": 39.053742909999997,
        "Longitude": -84.544099700000004
      }
    },
    {
      "type": "Feature",
      "id": 285,
      "geometry": {
        "type": "Point",
        "coordinates": [-84.537950630397489, 39.056381844152803]
      },
      "properties": {
        "OBJECTID": 285,
        "Receiver": "R863",
        "DU": null,
        "FrontRow": null,
        "Existing": 54.2000008,
        "Proposed": 53.9000015,
        "Impact": "No",
        "Barrier": 58.2999992,
        "Benefited": "No",
        "ELEVATION": null,
        "Section": "B19",
        "Reduction": -4.3999977111816406,
        "x": 4274646.3389999997,
        "y": 5265481.142,
        "MapSection": null,
        "Latitude": 39.056374339999998,
        "Longitude": -84.537946039999994
      }
    },
    {
      "type": "Feature",
      "id": 286,
      "geometry": {
        "type": "Point",
        "coordinates": [-84.557528299624494, 39.050633938790114]
      },
      "properties": {
        "OBJECTID": 286,
        "Receiver": "R864",
        "DU": null,
        "FrontRow": null,
        "Existing": 62.4000015,
        "Proposed": 65.1999969,
        "Impact": "No",
        "Barrier": 57.9000015,
        "Benefited": "Yes",
        "ELEVATION": null,
        "Section": "B18",
        "Reduction": 7.2999954223632812,
        "x": 4272481.0949999997,
        "y": 5259948.0180000002,
        "MapSection": "B18",
        "Latitude": 39.050626440000002,
        "Longitude": -84.557523709999998
      }
    },
    {
      "type": "Feature",
      "id": 287,
      "geometry": {
        "type": "Point",
        "coordinates": [-84.549904647768557, 39.05222990366466]
      },
      "properties": {
        "OBJECTID": 287,
        "Receiver": "R865",
        "DU": null,
        "FrontRow": null,
        "Existing": 68.8000031,
        "Proposed": 71.4000015,
        "Impact": "Yes",
        "Barrier": 64.5999985,
        "Benefited": "Yes",
        "ELEVATION": null,
        "Section": "B16",
        "Reduction": 6.8000030517578125,
        "x": 4273090.1639999999,
        "y": 5262105.7620000001,
        "MapSection": "B16B",
        "Latitude": 39.052222399999998,
        "Longitude": -84.549900059999999
      }
    },
    {
      "type": "Feature",
      "id": 288,
      "geometry": {
        "type": "Point",
        "coordinates": [-84.551874570777272, 39.052035471087954]
      },
      "properties": {
        "OBJECTID": 288,
        "Receiver": "R866",
        "DU": null,
        "FrontRow": null,
        "Existing": 64.3000031,
        "Proposed": 68.0999985,
        "Impact": "Yes",
        "Barrier": 62.0999985,
        "Benefited": "Yes",
        "ELEVATION": null,
        "Section": "B17",
        "Reduction": 6,
        "x": 4273012.1550000003,
        "y": 5261547.199,
        "MapSection": "B17",
        "Latitude": 39.052027969999997,
        "Longitude": -84.551869980000006
      }
    },
    {
      "type": "Feature",
      "id": 289,
      "geometry": {
        "type": "Point",
        "coordinates": [-84.546357518053, 39.052718721815012]
      },
      "properties": {
        "OBJECTID": 289,
        "Receiver": "R867",
        "DU": null,
        "FrontRow": null,
        "Existing": 67,
        "Proposed": 69.4000015,
        "Impact": "Yes",
        "Barrier": 60.0999985,
        "Benefited": "Yes",
        "ELEVATION": null,
        "Section": "B19",
        "Reduction": 9.3000030517578125,
        "x": 4273281.1849999996,
        "y": 5263110.875,
        "MapSection": "B19",
        "Latitude": 39.052711219999999,
        "Longitude": -84.546352929999998
      }
    },
    {
      "type": "Feature",
      "id": 290,
      "geometry": {
        "type": "Point",
        "coordinates": [-84.545021443429633, 39.053018294326321]
      },
      "properties": {
        "OBJECTID": 290,
        "Receiver": "R869",
        "DU": null,
        "FrontRow": null,
        "Existing": 61.7999992,
        "Proposed": 65.5999985,
        "Impact": "No",
        "Barrier": 60.7000008,
        "Benefited": "No",
        "ELEVATION": null,
        "Section": "B19",
        "Reduction": 4.8999977111816406,
        "x": 4273395.1979999999,
        "y": 5263488.9179999996,
        "MapSection": "B19",
        "Latitude": 39.053010790000002,
        "Longitude": -84.545016849999996
      }
    },
    {
      "type": "Feature",
      "id": 291,
      "geometry": {
        "type": "Point",
        "coordinates": [-84.556798873993401, 39.050772194264347]
      },
      "properties": {
        "OBJECTID": 291,
        "Receiver": "R870",
        "DU": null,
        "FrontRow": null,
        "Existing": 70.5999985,
        "Proposed": 73.4000015,
        "Impact": "Yes",
        "Barrier": 62.7000008,
        "Benefited": "Yes",
        "ELEVATION": null,
        "Section": "B18",
        "Reduction": 10.700000762939453,
        "x": 4272534.1009999998,
        "y": 5260154.5410000002,
        "MapSection": "B18",
        "Latitude": 39.050764690000001,
        "Longitude": -84.556794280000005
      }
    },
    {
      "type": "Feature",
      "id": 292,
      "geometry": {
        "type": "Point",
        "coordinates": [-84.557383514071958, 39.050551497219082]
      },
      "properties": {
        "OBJECTID": 292,
        "Receiver": "R871",
        "DU": null,
        "FrontRow": null,
        "Existing": 61.4000015,
        "Proposed": 64.0999985,
        "Impact": "No",
        "Barrier": 56.5999985,
        "Benefited": "Yes",
        "ELEVATION": null,
        "Section": "B18",
        "Reduction": 7.5,
        "x": 4272451.5920000002,
        "y": 5259989.523,
        "MapSection": "B18",
        "Latitude": 39.050544000000002,
        "Longitude": -84.557378920000005
      }
    },
    {
      "type": "Feature",
      "id": 293,
      "geometry": {
        "type": "Point",
        "coordinates": [-84.559726309589863, 39.050161583705467]
      },
      "properties": {
        "OBJECTID": 293,
        "Receiver": "R872",
        "DU": null,
        "FrontRow": null,
        "Existing": 61.7999992,
        "Proposed": 63.9000015,
        "Impact": "No",
        "Barrier": 54.0999985,
        "Benefited": "Yes",
        "ELEVATION": null,
        "Section": "B18",
        "Reduction": 9.8000030517578125,
        "x": 4272301.0750000002,
        "y": 5259325.9479999999,
        "MapSection": "B18",
        "Latitude": 39.050154079999999,
        "Longitude": -84.559721710000005
      }
    },
    {
      "type": "Feature",
      "id": 294,
      "geometry": {
        "type": "Point",
        "coordinates": [-84.556713694764937, 39.050705446123338]
      },
      "properties": {
        "OBJECTID": 294,
        "Receiver": "R873",
        "DU": null,
        "FrontRow": null,
        "Existing": 70.3000031,
        "Proposed": 73.0999985,
        "Impact": "Yes",
        "Barrier": 62.4000015,
        "Benefited": "Yes",
        "ELEVATION": null,
        "Section": "B18",
        "Reduction": 10.699996948242188,
        "x": 4272510.0980000002,
        "y": 5260179.0439999998,
        "MapSection": "B18",
        "Latitude": 39.05069795,
        "Longitude": -84.556709100000006
      }
    },
    {
      "type": "Feature",
      "id": 295,
      "geometry": {
        "type": "Point",
        "coordinates": [-84.544036835047507, 39.053358463033895]
      },
      "properties": {
        "OBJECTID": 295,
        "Receiver": "R874",
        "DU": null,
        "FrontRow": null,
        "Existing": 51.7000008,
        "Proposed": 54.7999992,
        "Impact": "No",
        "Barrier": 50.5999985,
        "Benefited": "No",
        "ELEVATION": null,
        "Section": "B19",
        "Reduction": 4.2000007629394531,
        "x": 4273522.7130000005,
        "y": 5263766.949,
        "MapSection": "B19",
        "Latitude": 39.053350960000003,
        "Longitude": -84.544032240000007
      }
    },
    {
      "type": "Feature",
      "id": 296,
      "geometry": {
        "type": "Point",
        "coordinates": [-84.546283887447103, 39.052593048938746]
      },
      "properties": {
        "OBJECTID": 296,
        "Receiver": "R875",
        "DU": null,
        "FrontRow": null,
        "Existing": 64.9000015,
        "Proposed": 68.5999985,
        "Impact": "Yes",
        "Barrier": 59.7000008,
        "Benefited": "Yes",
        "ELEVATION": null,
        "Section": "B19",
        "Reduction": 8.8999977111816406,
        "x": 4273235.6799999997,
        "y": 5263132.3770000003,
        "MapSection": "B19",
        "Latitude": 39.052585550000003,
        "Longitude": -84.546279299999995
      }
    },
    {
      "type": "Feature",
      "id": 297,
      "geometry": {
        "type": "Point",
        "coordinates": [-84.557270415670118, 39.050469368574134]
      },
      "properties": {
        "OBJECTID": 297,
        "Receiver": "R876",
        "DU": null,
        "FrontRow": null,
        "Existing": 61,
        "Proposed": 63.5,
        "Impact": "No",
        "Barrier": 56.2000008,
        "Benefited": "Yes",
        "ELEVATION": null,
        "Section": "B18",
        "Reduction": 7.2999992370605469,
        "x": 4272422.0880000005,
        "y": 5260022.0269999998,
        "MapSection": "B18",
        "Latitude": 39.050461869999999,
        "Longitude": -84.557265819999998
      }
    },
    {
      "type": "Feature",
      "id": 298,
      "geometry": {
        "type": "Point",
        "coordinates": [-84.545227827636182, 39.052782862854777]
      },
      "properties": {
        "OBJECTID": 298,
        "Receiver": "R877",
        "DU": null,
        "FrontRow": null,
        "Existing": 61.5,
        "Proposed": 64.8000031,
        "Impact": "No",
        "Barrier": 60,
        "Benefited": "No",
        "ELEVATION": null,
        "Section": "B19",
        "Reduction": 4.8000030517578125,
        "x": 4273308.6880000001,
        "y": 5263431.4110000003,
        "MapSection": "B19",
        "Latitude": 39.052775359999998,
        "Longitude": -84.545223239999999
      }
    },
    {
      "type": "Feature",
      "id": 299,
      "geometry": {
        "type": "Point",
        "coordinates": [-84.555229189367836, 39.050827923536119]
      },
      "properties": {
        "OBJECTID": 299,
        "Receiver": "R878",
        "DU": null,
        "FrontRow": null,
        "Existing": 73.9000015,
        "Proposed": 76.5999985,
        "Impact": "Yes",
        "Barrier": 71.6999969,
        "Benefited": "No",
        "ELEVATION": null,
        "Section": "B18",
        "Reduction": 4.9000015258789062,
        "x": 4272560.1040000003,
        "y": 5260600.0920000002,
        "MapSection": "B18",
        "Latitude": 39.050820420000001,
        "Longitude": -84.555224600000003
      }
    },
    {
      "type": "Feature",
      "id": 300,
      "geometry": {
        "type": "Point",
        "coordinates": [-84.556566266502728, 39.050569434668994]
      },
      "properties": {
        "OBJECTID": 300,
        "Receiver": "R879",
        "DU": null,
        "FrontRow": null,
        "Existing": 69.9000015,
        "Proposed": 72.8000031,
        "Impact": "Yes",
        "Barrier": 63.2000008,
        "Benefited": "Yes",
        "ELEVATION": null,
        "Section": "B18",
        "Reduction": 9.6000022888183594,
        "x": 4272461.0930000003,
        "y": 5260221.5489999996,
        "MapSection": "B18",
        "Latitude": 39.050561940000001,
        "Longitude": -84.556561669999994
      }
    },
    {
      "type": "Feature",
      "id": 301,
      "geometry": {
        "type": "Point",
        "coordinates": [-84.545383122931938, 39.052655375545982]
      },
      "properties": {
        "OBJECTID": 301,
        "Receiver": "R880",
        "DU": null,
        "FrontRow": null,
        "Existing": 61.2999992,
        "Proposed": 64.5,
        "Impact": "No",
        "Barrier": 59,
        "Benefited": "Yes",
        "ELEVATION": null,
        "Section": "B19",
        "Reduction": 5.5,
        "x": 4273261.6830000002,
        "y": 5263387.9060000004,
        "MapSection": "B19",
        "Latitude": 39.052647880000002,
        "Longitude": -84.545378529999994
      }
    },
    {
      "type": "Feature",
      "id": 302,
      "geometry": {
        "type": "Point",
        "coordinates": [-84.557171513759172, 39.050380519498013]
      },
      "properties": {
        "OBJECTID": 302,
        "Receiver": "R881",
        "DU": null,
        "FrontRow": null,
        "Existing": 60.7999992,
        "Proposed": 63,
        "Impact": "No",
        "Barrier": 55.7000008,
        "Benefited": "Yes",
        "ELEVATION": null,
        "Section": "B18",
        "Reduction": 7.2999992370605469,
        "x": 4272390.085,
        "y": 5260050.5300000003,
        "MapSection": "B18",
        "Latitude": 39.050373020000002,
        "Longitude": -84.55716692
      }
    },
    {
      "type": "Feature",
      "id": 303,
      "geometry": {
        "type": "Point",
        "coordinates": [-84.546763733022303, 39.052430382014812]
      },
      "properties": {
        "OBJECTID": 303,
        "Receiver": "R882",
        "DU": null,
        "FrontRow": null,
        "Existing": 69.1999969,
        "Proposed": 70.6999969,
        "Impact": "Yes",
        "Barrier": 60.5,
        "Benefited": "Yes",
        "ELEVATION": null,
        "Section": "B19",
        "Reduction": 10.199996948242188,
        "x": 4273174.6730000004,
        "y": 5262996.8619999997,
        "MapSection": "B19",
        "Latitude": 39.052422880000002,
        "Longitude": -84.546759140000006
      }
    },
    {
      "type": "Feature",
      "id": 304,
      "geometry": {
        "type": "Point",
        "coordinates": [-84.546162223172132, 39.05249709639191]
      },
      "properties": {
        "OBJECTID": 304,
        "Receiver": "R883",
        "DU": null,
        "FrontRow": null,
        "Existing": 63,
        "Proposed": 67.1999969,
        "Impact": "Yes",
        "Barrier": 58.9000015,
        "Benefited": "Yes",
        "ELEVATION": null,
        "Section": "B19",
        "Reduction": 8.2999954223632812,
        "x": 4273201.176,
        "y": 5263167.3810000001,
        "MapSection": "B19",
        "Latitude": 39.052489600000001,
        "Longitude": -84.546157629999996
      }
    },
    {
      "type": "Feature",
      "id": 305,
      "geometry": {
        "type": "Point",
        "coordinates": [-84.546670531711669, 39.052316870721498]
      },
      "properties": {
        "OBJECTID": 305,
        "Receiver": "R884",
        "DU": null,
        "FrontRow": null,
        "Existing": 65.5999985,
        "Proposed": 69.0999985,
        "Impact": "Yes",
        "Barrier": 58,
        "Benefited": "Yes",
        "ELEVATION": null,
        "Section": "B19",
        "Reduction": 11.099998474121094,
        "x": 4273133.6689999998,
        "y": 5263023.8650000002,
        "MapSection": "B19",
        "Latitude": 39.052309370000003,
        "Longitude": -84.546665939999997
      }
    },
    {
      "type": "Feature",
      "id": 306,
      "geometry": {
        "type": "Point",
        "coordinates": [-84.556479845378675, 39.050471098609925]
      },
      "properties": {
        "OBJECTID": 306,
        "Receiver": "R885",
        "DU": null,
        "FrontRow": null,
        "Existing": 69.8000031,
        "Proposed": 72.5,
        "Impact": "Yes",
        "Barrier": 63.5999985,
        "Benefited": "Yes",
        "ELEVATION": null,
        "Section": "B18",
        "Reduction": 8.9000015258789062,
        "x": 4272425.5889999997,
        "y": 5260246.5520000001,
        "MapSection": "B18",
        "Latitude": 39.0504636,
        "Longitude": -84.556475250000005
      }
    },
    {
      "type": "Feature",
      "id": 307,
      "geometry": {
        "type": "Point",
        "coordinates": [-84.545536497243745, 39.052537478672591]
      },
      "properties": {
        "OBJECTID": 307,
        "Receiver": "R886",
        "DU": null,
        "FrontRow": null,
        "Existing": 61.5999985,
        "Proposed": 64.5999985,
        "Impact": "No",
        "Barrier": 58.5,
        "Benefited": "Yes",
        "ELEVATION": null,
        "Section": "B19",
        "Reduction": 6.0999984741210938,
        "x": 4273218.1780000003,
        "y": 5263344.9009999996,
        "MapSection": "B19",
        "Latitude": 39.052529980000003,
        "Longitude": -84.545531909999994
      }
    },
    {
      "type": "Feature",
      "id": 308,
      "geometry": {
        "type": "Point",
        "coordinates": [-84.557057379250224, 39.050254450438764]
      },
      "properties": {
        "OBJECTID": 308,
        "Receiver": "R887",
        "DU": null,
        "FrontRow": null,
        "Existing": 60.4000015,
        "Proposed": 62.7000008,
        "Impact": "No",
        "Barrier": 55.2000008,
        "Benefited": "Yes",
        "ELEVATION": null,
        "Section": "B18",
        "Reduction": 7.5,
        "x": 4272344.5800000001,
        "y": 5260083.5329999998,
        "MapSection": "B18",
        "Latitude": 39.050246950000002,
        "Longitude": -84.55705279
      }
    },
    {
      "type": "Feature",
      "id": 309,
      "geometry": {
        "type": "Point",
        "coordinates": [-84.546518555307813, 39.052243952761287]
      },
      "properties": {
        "OBJECTID": 309,
        "Receiver": "R888",
        "DU": null,
        "FrontRow": null,
        "Existing": 63.9000015,
        "Proposed": 67.1999969,
        "Impact": "Yes",
        "Barrier": 57.2000008,
        "Benefited": "Yes",
        "ELEVATION": null,
        "Section": "B19",
        "Reduction": 9.9999961853027344,
        "x": 4273107.6660000002,
        "y": 5263067.3700000001,
        "MapSection": "B19",
        "Latitude": 39.052236450000002,
        "Longitude": -84.546513959999999
      }
    },
    {
      "type": "Feature",
      "id": 310,
      "geometry": {
        "type": "Point",
        "coordinates": [-84.545787296801208, 39.052490579001891]
      },
      "properties": {
        "OBJECTID": 310,
        "Receiver": "R889",
        "DU": null,
        "FrontRow": null,
        "Existing": 61.9000015,
        "Proposed": 65.5,
        "Impact": "No",
        "Barrier": 58.9000015,
        "Benefited": "Yes",
        "ELEVATION": null,
        "Section": "B19",
        "Reduction": 6.5999984741210938,
        "x": 4273200.176,
        "y": 5263273.8930000002,
        "MapSection": "B19",
        "Latitude": 39.052483080000002,
        "Longitude": -84.545782709999997
      }
    },
    {
      "type": "Feature",
      "id": 311,
      "geometry": {
        "type": "Point",
        "coordinates": [-84.556331901281951, 39.050366657054759]
      },
      "properties": {
        "OBJECTID": 311,
        "Receiver": "R890",
        "DU": null,
        "FrontRow": null,
        "Existing": 69.1999969,
        "Proposed": 72.0999985,
        "Impact": "Yes",
        "Barrier": 62.9000015,
        "Benefited": "Yes",
        "ELEVATION": null,
        "Section": "B18",
        "Reduction": 9.1999969482421875,
        "x": 4272388.085,
        "y": 5260289.057,
        "MapSection": "B18",
        "Latitude": 39.050359159999999,
        "Longitude": -84.55632731
      }
    },
    {
      "type": "Feature",
      "id": 312,
      "geometry": {
        "type": "Point",
        "coordinates": [-84.556925027649498, 39.050165265003145]
      },
      "properties": {
        "OBJECTID": 312,
        "Receiver": "R891",
        "DU": null,
        "FrontRow": null,
        "Existing": 59.9000015,
        "Proposed": 62.0999985,
        "Impact": "No",
        "Barrier": 54.7000008,
        "Benefited": "Yes",
        "ELEVATION": null,
        "Section": "B18",
        "Reduction": 7.3999977111816406,
        "x": 4272312.5760000004,
        "y": 5260121.5379999997,
        "MapSection": "B18",
        "Latitude": 39.050157769999998,
        "Longitude": -84.556920430000005
      }
    },
    {
      "type": "Feature",
      "id": 313,
      "geometry": {
        "type": "Point",
        "coordinates": [-84.54608227554607, 39.052327427234971]
      },
      "properties": {
        "OBJECTID": 313,
        "Receiver": "R892",
        "DU": null,
        "FrontRow": null,
        "Existing": 62.0999985,
        "Proposed": 65.5,
        "Impact": "No",
        "Barrier": 58.7000008,
        "Benefited": "Yes",
        "ELEVATION": null,
        "Section": "B19",
        "Reduction": 6.7999992370605469,
        "x": 4273139.6689999998,
        "y": 5263190.8839999996,
        "MapSection": "B19",
        "Latitude": 39.052319930000003,
        "Longitude": -84.546077679999996
      }
    },
    {
      "type": "Feature",
      "id": 314,
      "geometry": {
        "type": "Point",
        "coordinates": [-84.546418199121078, 39.052137229325183]
      },
      "properties": {
        "OBJECTID": 314,
        "Receiver": "R893",
        "DU": null,
        "FrontRow": null,
        "Existing": 62.0999985,
        "Proposed": 64.8000031,
        "Impact": "No",
        "Barrier": 56.4000015,
        "Benefited": "Yes",
        "ELEVATION": null,
        "Section": "B19",
        "Reduction": 8.4000015258789062,
        "x": 4273069.1610000003,
        "y": 5263096.3729999997,
        "MapSection": "B19",
        "Latitude": 39.052129729999997,
        "Longitude": -84.546413610000002
      }
    },
    {
      "type": "Feature",
      "id": 315,
      "geometry": {
        "type": "Point",
        "coordinates": [-84.556236633630988, 39.050270978014623]
      },
      "properties": {
        "OBJECTID": 315,
        "Receiver": "R894",
        "DU": null,
        "FrontRow": null,
        "Existing": 68.6999969,
        "Proposed": 71.5999985,
        "Impact": "Yes",
        "Barrier": 62.2999992,
        "Benefited": "Yes",
        "ELEVATION": null,
        "Section": "B18",
        "Reduction": 9.2999992370605469,
        "x": 4272353.5810000002,
        "y": 5260316.5599999996,
        "MapSection": "B18",
        "Latitude": 39.050263479999998,
        "Longitude": -84.556232039999998
      }
    },
    {
      "type": "Feature",
      "id": 316,
      "geometry": {
        "type": "Point",
        "coordinates": [-84.545955582309205, 39.052216322994532]
      },
      "properties": {
        "OBJECTID": 316,
        "Receiver": "R895",
        "DU": null,
        "FrontRow": null,
        "Existing": 55.7999992,
        "Proposed": 58.5999985,
        "Impact": "No",
        "Barrier": 54,
        "Benefited": "No",
        "ELEVATION": null,
        "Section": "B19",
        "Reduction": 4.5999984741210938,
        "x": 4273099.665,
        "y": 5263227.3880000003,
        "MapSection": "B19",
        "Latitude": 39.052208819999997,
        "Longitude": -84.545950989999994
      }
    },
    {
      "type": "Feature",
      "id": 317,
      "geometry": {
        "type": "Point",
        "coordinates": [-84.556800329398897, 39.050039090362901]
      },
      "properties": {
        "OBJECTID": 317,
        "Receiver": "R896",
        "DU": null,
        "FrontRow": null,
        "Existing": 59.5999985,
        "Proposed": 61.7000008,
        "Impact": "No",
        "Barrier": 54.4000015,
        "Benefited": "Yes",
        "ELEVATION": null,
        "Section": "B18",
        "Reduction": 7.2999992370605469,
        "x": 4272267.0710000005,
        "y": 5260157.5420000004,
        "MapSection": "B18",
        "Latitude": 39.050031590000003,
        "Longitude": -84.556795739999998
      }
    },
    {
      "type": "Feature",
      "id": 318,
      "geometry": {
        "type": "Point",
        "coordinates": [-84.556160958040309, 39.050161763490891]
      },
      "properties": {
        "OBJECTID": 318,
        "Receiver": "R897",
        "DU": null,
        "FrontRow": null,
        "Existing": 68.1999969,
        "Proposed": 71.0999985,
        "Impact": "Yes",
        "Barrier": 61.7999992,
        "Benefited": "Yes",
        "ELEVATION": null,
        "Section": "B18",
        "Reduction": 9.2999992370605469,
        "x": 4272314.0760000004,
        "y": 5260338.5619999999,
        "MapSection": "B18",
        "Latitude": 39.050154259999999,
        "Longitude": -84.556156360000003
      }
    },
    {
      "type": "Feature",
      "id": 319,
      "geometry": {
        "type": "Point",
        "coordinates": [-84.546303577419181, 39.052041350420964]
      },
      "properties": {
        "OBJECTID": 319,
        "Receiver": "R898",
        "DU": null,
        "FrontRow": null,
        "Existing": 61.2000008,
        "Proposed": 63.7999992,
        "Impact": "No",
        "Barrier": 59.2999992,
        "Benefited": "No",
        "ELEVATION": null,
        "Section": "B19",
        "Reduction": 4.5,
        "x": 4273034.6579999998,
        "y": 5263129.3770000003,
        "MapSection": "B19",
        "Latitude": 39.052033850000001,
        "Longitude": -84.546298989999997
      }
    },
    {
      "type": "Feature",
      "id": 320,
      "geometry": {
        "type": "Point",
        "coordinates": [-84.546190953820073, 39.05203746947025]
      },
      "properties": {
        "OBJECTID": 320,
        "Receiver": "R899",
        "DU": null,
        "FrontRow": null,
        "Existing": 61.2000008,
        "Proposed": 63.5999985,
        "Impact": "No",
        "Barrier": 59.5999985,
        "Benefited": "No",
        "ELEVATION": null,
        "Section": "B19",
        "Reduction": 4,
        "x": 4273033.6569999997,
        "y": 5263161.3810000001,
        "MapSection": "B19",
        "Latitude": 39.05202997,
        "Longitude": -84.546186359999993
      }
    },
    {
      "type": "Feature",
      "id": 321,
      "geometry": {
        "type": "Point",
        "coordinates": [-84.54580460525554, 39.052083006167116]
      },
      "properties": {
        "OBJECTID": 321,
        "Receiver": "R900",
        "DU": null,
        "FrontRow": null,
        "Existing": 56.9000015,
        "Proposed": 59.4000015,
        "Impact": "No",
        "Barrier": 56.2000008,
        "Benefited": "No",
        "ELEVATION": null,
        "Section": "B19",
        "Reduction": 3.2000007629394531,
        "x": 4273051.659,
        "y": 5263270.8930000002,
        "MapSection": "B19",
        "Latitude": 39.052075510000002,
        "Longitude": -84.545800009999994
      }
    },
    {
      "type": "Feature",
      "id": 322,
      "geometry": {
        "type": "Point",
        "coordinates": [-84.547910476534113, 39.050694228826529]
      },
      "properties": {
        "OBJECTID": 322,
        "Receiver": "R901",
        "DU": null,
        "FrontRow": null,
        "Existing": 60.7999992,
        "Proposed": 64.4000015,
        "Impact": "No",
        "Barrier": 55.7999992,
        "Benefited": "Yes",
        "ELEVATION": null,
        "Section": "B19",
        "Reduction": 8.6000022888183594,
        "x": 4272538.102,
        "y": 5262679.3260000004,
        "MapSection": null,
        "Latitude": 39.050686730000002,
        "Longitude": -84.547905889999996
      }
    },
    {
      "type": "Feature",
      "id": 323,
      "geometry": {
        "type": "Point",
        "coordinates": [-84.532072174263405, 39.061270191573975]
      },
      "properties": {
        "OBJECTID": 323,
        "Receiver": "R902",
        "DU": null,
        "FrontRow": null,
        "Existing": 74.5,
        "Proposed": 69.3000031,
        "Impact": "Yes",
        "Barrier": 62.0999985,
        "Benefited": "Yes",
        "ELEVATION": null,
        "Section": "B23",
        "Reduction": 7.2000045776367188,
        "x": 4276448.6013000002,
        "y": 5267127.3277000003,
        "MapSection": "B23",
        "Latitude": 39.06126269,
        "Longitude": -84.532067589999997
      }
    },
    {
      "type": "Feature",
      "id": 324,
      "geometry": {
        "type": "Point",
        "coordinates": [-84.533645224769884, 39.061986434384309]
      },
      "properties": {
        "OBJECTID": 324,
        "Receiver": "R903",
        "DU": null,
        "FrontRow": null,
        "Existing": 65.0999985,
        "Proposed": 68.1999969,
        "Impact": "Yes",
        "Barrier": 67.8000031,
        "Benefited": "No",
        "ELEVATION": null,
        "Section": "B23",
        "Reduction": 0.399993896484375,
        "x": 4276703.6588000003,
        "y": 5266677.2260999996,
        "MapSection": "B23",
        "Latitude": 39.061978930000002,
        "Longitude": -84.533640640000002
      }
    },
    {
      "type": "Feature",
      "id": 325,
      "geometry": {
        "type": "Point",
        "coordinates": [-84.530375625249007, 39.062249738772465]
      },
      "properties": {
        "OBJECTID": 325,
        "Receiver": "R904",
        "DU": null,
        "FrontRow": null,
        "Existing": 54.4000015,
        "Proposed": 52,
        "Impact": "No",
        "Barrier": 52.2000008,
        "Benefited": "No",
        "ELEVATION": null,
        "Section": "B23",
        "Reduction": -0.20000076293945312,
        "x": 4276811.6831999999,
        "y": 5267604.4353999998,
        "MapSection": "B23",
        "Latitude": 39.062242240000003,
        "Longitude": -84.530371040000006
      }
    },
    {
      "type": "Feature",
      "id": 326,
      "geometry": {
        "type": "Point",
        "coordinates": [-84.548056056017558, 39.0560071088331]
      },
      "properties": {
        "OBJECTID": 326,
        "Receiver": "R1000",
        "DU": null,
        "FrontRow": null,
        "Existing": 60,
        "Proposed": 64.0999985,
        "Impact": "No",
        "Barrier": 63.4000015,
        "Benefited": "No",
        "ELEVATION": null,
        "Section": "B16",
        "Reduction": 0.6999969482421875,
        "x": 4274472.7257000003,
        "y": 5262613.0543,
        "MapSection": "B16",
        "Latitude": 39.055999610000001,
        "Longitude": -84.548051459999996
      }
    },
    {
      "type": "Feature",
      "id": 327,
      "geometry": {
        "type": "Point",
        "coordinates": [-84.547747006502092, 39.055966516144089]
      },
      "properties": {
        "OBJECTID": 327,
        "Receiver": "R1001",
        "DU": null,
        "FrontRow": null,
        "Existing": 61.0999985,
        "Proposed": 65.3000031,
        "Impact": "No",
        "Barrier": 64.6999969,
        "Benefited": "No",
        "ELEVATION": null,
        "Section": "B16",
        "Reduction": 0.600006103515625,
        "x": 4274459.0710000005,
        "y": 5262701.0122999996,
        "MapSection": "B16",
        "Latitude": 39.055959020000003,
        "Longitude": -84.547742409999998
      }
    },
    {
      "type": "Feature",
      "id": 328,
      "geometry": {
        "type": "Point",
        "coordinates": [-84.547114861522473, 39.0562888817743]
      },
      "properties": {
        "OBJECTID": 328,
        "Receiver": "R1002",
        "DU": null,
        "FrontRow": null,
        "Existing": 61.0999985,
        "Proposed": 65.6999969,
        "Impact": "No",
        "Barrier": 65.4000015,
        "Benefited": "No",
        "ELEVATION": null,
        "Section": "B16",
        "Reduction": 0.29999542236328125,
        "x": 4274578.8026999999,
        "y": 5262879.023,
        "MapSection": "B16",
        "Latitude": 39.056281380000001,
        "Longitude": -84.547110270000005
      }
    },
    {
      "type": "Feature",
      "id": 329,
      "geometry": {
        "type": "Point",
        "coordinates": [-84.546993980951527, 39.056496256534274]
      },
      "properties": {
        "OBJECTID": 329,
        "Receiver": "R1003",
        "DU": null,
        "FrontRow": null,
        "Existing": 60.5,
        "Proposed": 65.3000031,
        "Impact": "No",
        "Barrier": 65.0999985,
        "Benefited": "No",
        "ELEVATION": null,
        "Section": "B16",
        "Reduction": 0.20000457763671875,
        "x": 4274654.7792999996,
        "y": 5262912.3784999996,
        "MapSection": "B16",
        "Latitude": 39.056488760000001,
        "Longitude": -84.546989389999993
      }
    },
    {
      "type": "Feature",
      "id": 330,
      "geometry": {
        "type": "Point",
        "coordinates": [-84.546588819585466, 39.056512067157534]
      },
      "properties": {
        "OBJECTID": 330,
        "Receiver": "R1004",
        "DU": null,
        "FrontRow": null,
        "Existing": 61.2999992,
        "Proposed": 66.4000015,
        "Impact": "Yes",
        "Barrier": 66.1999969,
        "Benefited": "No",
        "ELEVATION": null,
        "Section": "B16",
        "Reduction": 0.20000457763671875,
        "x": 4274662.0217000004,
        "y": 5263027.3658999996,
        "MapSection": "B16",
        "Latitude": 39.056504570000001,
        "Longitude": -84.546584229999993
      }
    },
    {
      "type": "Feature",
      "id": 331,
      "geometry": {
        "type": "Point",
        "coordinates": [-84.546209201696442, 39.056664963220399]
      },
      "properties": {
        "OBJECTID": 331,
        "Receiver": "R1005",
        "DU": null,
        "FrontRow": null,
        "Existing": 60.9000015,
        "Proposed": 66.8000031,
        "Impact": "Yes",
        "Barrier": 66.5999985,
        "Benefited": "No",
        "ELEVATION": null,
        "Section": "B16",
        "Reduction": 0.20000457763671875,
        "x": 4274719.1030000001,
        "y": 5263134.4554000003,
        "MapSection": "B16",
        "Latitude": 39.056657459999997,
        "Longitude": -84.546204610000004
      }
    },
    {
      "type": "Feature",
      "id": 332,
      "geometry": {
        "type": "Point",
        "coordinates": [-84.546822613588688, 39.056797791862884]
      },
      "properties": {
        "OBJECTID": 332,
        "Receiver": "R1006",
        "DU": null,
        "FrontRow": null,
        "Existing": 59.4000015,
        "Proposed": 64.5999985,
        "Impact": "No",
        "Barrier": 64.4000015,
        "Benefited": "No",
        "ELEVATION": null,
        "Section": "B16",
        "Reduction": 0.1999969482421875,
        "x": 4274765.2377000004,
        "y": 5262959.6288000001,
        "MapSection": "B16",
        "Latitude": 39.056790290000002,
        "Longitude": -84.546818020000003
      }
    },
    {
      "type": "Feature",
      "id": 333,
      "geometry": {
        "type": "Point",
        "coordinates": [-84.546507204487611, 39.056917310825845]
      },
      "properties": {
        "OBJECTID": 333,
        "Receiver": "R1007",
        "DU": null,
        "FrontRow": null,
        "Existing": 59.2000008,
        "Proposed": 64.9000015,
        "Impact": "No",
        "Barrier": 64.8000031,
        "Benefited": "No",
        "ELEVATION": null,
        "Section": "B16",
        "Reduction": 0.09999847412109375,
        "x": 4274809.9263000004,
        "y": 5263048.6402000003,
        "MapSection": "B16",
        "Latitude": 39.056909810000001,
        "Longitude": -84.546502610000005
      }
    },
    {
      "type": "Feature",
      "id": 334,
      "geometry": {
        "type": "Point",
        "coordinates": [-84.54602000059802, 39.057238816707191]
      },
      "properties": {
        "OBJECTID": 334,
        "Receiver": "R1008",
        "DU": null,
        "FrontRow": null,
        "Existing": 59.5999985,
        "Proposed": 65.3000031,
        "Impact": "No",
        "Barrier": 65.1999969,
        "Benefited": "No",
        "ELEVATION": null,
        "Section": "B16",
        "Reduction": 0.100006103515625,
        "x": 4274928.8158999998,
        "y": 5263185.4896,
        "MapSection": "B16",
        "Latitude": 39.05723132,
        "Longitude": -84.546015409999995
      }
    },
    {
      "type": "Feature",
      "id": 335,
      "geometry": {
        "type": "Point",
        "coordinates": [-84.545594096894334, 39.057436401771128]
      },
      "properties": {
        "OBJECTID": 335,
        "Receiver": "R1009",
        "DU": null,
        "FrontRow": null,
        "Existing": 61,
        "Proposed": 66,
        "Impact": "Yes",
        "Barrier": 65.9000015,
        "Benefited": "No",
        "ELEVATION": null,
        "Section": "B16",
        "Reduction": 0.09999847412109375,
        "x": 4275002.3450999996,
        "y": 5263305.5120999999,
        "MapSection": "B16",
        "Latitude": 39.057428899999998,
        "Longitude": -84.545589509999999
      }
    },
    {
      "type": "Feature",
      "id": 336,
      "geometry": {
        "type": "Point",
        "coordinates": [-84.545185298408569, 39.057664952757548]
      },
      "properties": {
        "OBJECTID": 336,
        "Receiver": "R1010",
        "DU": null,
        "FrontRow": null,
        "Existing": 63,
        "Proposed": 66.5999985,
        "Impact": "Yes",
        "Barrier": 66.4000015,
        "Benefited": "No",
        "ELEVATION": null,
        "Section": "B16",
        "Reduction": 0.1999969482421875,
        "x": 4275087.0909000002,
        "y": 5263420.5307,
        "MapSection": "B16",
        "Latitude": 39.057657450000001,
        "Longitude": -84.545180709999997
      }
    },
    {
      "type": "Feature",
      "id": 337,
      "geometry": {
        "type": "Point",
        "coordinates": [-84.54476357793726, 39.057845443188484]
      },
      "properties": {
        "OBJECTID": 337,
        "Receiver": "R1011",
        "DU": null,
        "FrontRow": null,
        "Existing": 63.7999992,
        "Proposed": 67,
        "Impact": "Yes",
        "Barrier": 66.9000015,
        "Benefited": "No",
        "ELEVATION": null,
        "Section": "B16",
        "Reduction": 0.09999847412109375,
        "x": 4275154.3790999996,
        "y": 5263539.4441999998,
        "MapSection": "B16",
        "Latitude": 39.057837939999999,
        "Longitude": -84.544758990000005
      }
    },
    {
      "type": "Feature",
      "id": 338,
      "geometry": {
        "type": "Point",
        "coordinates": [-84.541988221970357, 39.059874533309305]
      },
      "properties": {
        "OBJECTID": 338,
        "Receiver": "R1012",
        "DU": null,
        "FrontRow": null,
        "Existing": 64.5999985,
        "Proposed": 66.5,
        "Impact": "Yes",
        "Barrier": 66.5,
        "Benefited": "No",
        "ELEVATION": null,
        "Section": "B16",
        "Reduction": 0,
        "x": 4275903.6449999996,
        "y": 5264318.0355000002,
        "MapSection": "B16",
        "Latitude": 39.059867029999999,
        "Longitude": -84.541983630000004
      }
    },
    {
      "type": "Feature",
      "id": 339,
      "geometry": {
        "type": "Point",
        "coordinates": [-84.544181248133938, 39.058047075743453]
      },
      "properties": {
        "OBJECTID": 339,
        "Receiver": "R1013",
        "DU": null,
        "FrontRow": null,
        "Existing": 66.5,
        "Proposed": 68.6999969,
        "Impact": "Yes",
        "Barrier": 68.6999969,
        "Benefited": "No",
        "ELEVATION": null,
        "Section": "B16",
        "Reduction": 0,
        "x": 4275229.9579999996,
        "y": 5263703.8678000001,
        "MapSection": "B16",
        "Latitude": 39.058039569999998,
        "Longitude": -84.544176660000005
      }
    },
    {
      "type": "Feature",
      "id": 340,
      "geometry": {
        "type": "Point",
        "coordinates": [-84.544136357061149, 39.058637402266015]
      },
      "properties": {
        "OBJECTID": 340,
        "Receiver": "R1015",
        "DU": null,
        "FrontRow": null,
        "Existing": 63.2999992,
        "Proposed": 65.9000015,
        "Impact": "No",
        "Barrier": 65.8000031,
        "Benefited": "No",
        "ELEVATION": null,
        "Section": "B16",
        "Reduction": 0.09999847412109375,
        "x": 4275445.1430000002,
        "y": 5263713.8377999999,
        "MapSection": "B16",
        "Latitude": 39.0586299,
        "Longitude": -84.544131770000007
      }
    },
    {
      "type": "Feature",
      "id": 341,
      "geometry": {
        "type": "Point",
        "coordinates": [-84.53585312198949, 39.060736543998402]
      },
      "properties": {
        "OBJECTID": 341,
        "Receiver": "R906",
        "DU": null,
        "FrontRow": null,
        "Existing": null,
        "Proposed": null,
        "Impact": null,
        "Barrier": null,
        "Benefited": null,
        "ELEVATION": null,
        "Section": "B23",
        "Reduction": null,
        "x": null,
        "y": null,
        "MapSection": null,
        "Latitude": 39.060729039999998,
        "Longitude": -84.535848529999996
      }
    },
    {
      "type": "Feature",
      "id": 342,
      "geometry": {
        "type": "Point",
        "coordinates": [-84.52057879073331, 39.084385047828171]
      },
      "properties": {
        "OBJECTID": 342,
        "Receiver": "B00117-F",
        "DU": 17,
        "FrontRow": "Yes",
        "Existing": 69.9000015,
        "Proposed": 67.3000031,
        "Impact": "Yes",
        "Barrier": 65.3000031,
        "Benefited": "No",
        "ELEVATION": 514.804993,
        "Section": "NSAB",
        "Reduction": 4.5999984741210938,
        "x": 5270280.1900705546,
        "y": 4284910.7799970657,
        "MapSection": null,
        "Latitude": 39.084377539999998,
        "Longitude": -84.520574210000007
      }
    },
    {
      "type": "Feature",
      "id": 343,
      "geometry": {
        "type": "Point",
        "coordinates": [-84.519823926953094, 39.084401948247894]
      },
      "properties": {
        "OBJECTID": 343,
        "Receiver": "B00204",
        "DU": 4,
        "FrontRow": "No",
        "Existing": 67.5999985,
        "Proposed": 63.5,
        "Impact": "No",
        "Barrier": 61.7999992,
        "Benefited": "No",
        "ELEVATION": 514.005981,
        "Section": "NSAB",
        "Reduction": 4.5,
        "x": 5270494.3999439776,
        "y": 4284919.7599659711,
        "MapSection": null,
        "Latitude": 39.084394439999997,
        "Longitude": -84.519819339999998
      }
    },
    {
      "type": "Feature",
      "id": 344,
      "geometry": {
        "type": "Point",
        "coordinates": [-84.519489256744549, 39.084382393479778]
      },
      "properties": {
        "OBJECTID": 344,
        "Receiver": "B00305",
        "DU": 5,
        "FrontRow": "No",
        "Existing": 66.9000015,
        "Proposed": 64.3000031,
        "Impact": "No",
        "Barrier": 59.7000008,
        "Benefited": "No",
        "ELEVATION": 514.765015,
        "Section": "NSAB",
        "Reduction": 4.6000022888183594,
        "x": 5270589.5001474768,
        "y": 4284913.8898989707,
        "MapSection": null,
        "Latitude": 39.084374889999999,
        "Longitude": -84.519484669999997
      }
    },
    {
      "type": "Feature",
      "id": 345,
      "geometry": {
        "type": "Point",
        "coordinates": [-84.521033351012093, 39.083046600495372]
      },
      "properties": {
        "OBJECTID": 345,
        "Receiver": "B00401-F",
        "DU": 1,
        "FrontRow": "Yes",
        "Existing": 71.0999985,
        "Proposed": 70.9000015,
        "Impact": "Yes",
        "Barrier": 68.3000031,
        "Benefited": "No",
        "ELEVATION": 518.278992,
        "Section": "NSAB",
        "Reduction": 4.4000015258789062,
        "x": 5270157.5699089766,
        "y": 4284421.559846893,
        "MapSection": null,
        "Latitude": 39.08303909,
        "Longitude": -84.521028770000001
      }
    },
    {
      "type": "Feature",
      "id": 346,
      "geometry": {
        "type": "Point",
        "coordinates": [-84.521184923677623, 39.082861193347021]
      },
      "properties": {
        "OBJECTID": 346,
        "Receiver": "B00501-F",
        "DU": 1,
        "FrontRow": "Yes",
        "Existing": 71.9000015,
        "Proposed": 72.0999985,
        "Impact": "Yes",
        "Barrier": 70.1999969,
        "Benefited": "No",
        "ELEVATION": 521.877991,
        "Section": "NSAB",
        "Reduction": 3.4000015258789062,
        "x": 5270115.4299013913,
        "y": 4284353.4599174708,
        "MapSection": null,
        "Latitude": 39.08285369,
        "Longitude": -84.521180340000001
      }
    },
    {
      "type": "Feature",
      "id": 347,
      "geometry": {
        "type": "Point",
        "coordinates": [-84.521178455934816, 39.082793644547252]
      },
      "properties": {
        "OBJECTID": 347,
        "Receiver": "B00601-F",
        "DU": 1,
        "FrontRow": "Yes",
        "Existing": 72,
        "Proposed": 72.1999969,
        "Impact": "Yes",
        "Barrier": 70.4000015,
        "Benefited": "No",
        "ELEVATION": 522.575012,
        "Section": "NSAB",
        "Reduction": 3.5,
        "x": 5270117.5900020599,
        "y": 4284328.8799141496,
        "MapSection": null,
        "Latitude": 39.082786140000003,
        "Longitude": -84.521173869999998
      }
    },
    {
      "type": "Feature",
      "id": 348,
      "geometry": {
        "type": "Point",
        "coordinates": [-84.521067821647335, 39.082557583353676]
      },
      "properties": {
        "OBJECTID": 348,
        "Receiver": "B00701-F",
        "DU": 1,
        "FrontRow": "Yes",
        "Existing": 71.9000015,
        "Proposed": 72.0999985,
        "Impact": "Yes",
        "Barrier": 70,
        "Benefited": "No",
        "ELEVATION": 522.088989,
        "Section": "NSAB",
        "Reduction": 4.5,
        "x": 5270150.1299632192,
        "y": 4284243.3098753095,
        "MapSection": null,
        "Latitude": 39.082550079999997,
        "Longitude": -84.521063240000004
      }
    },
    {
      "type": "Feature",
      "id": 349,
      "geometry": {
        "type": "Point",
        "coordinates": [-84.521140862602209, 39.082208292670195]
      },
      "properties": {
        "OBJECTID": 349,
        "Receiver": "B00801-F",
        "DU": 1,
        "FrontRow": "Yes",
        "Existing": 70.4000015,
        "Proposed": 72.8000031,
        "Impact": "Yes",
        "Barrier": 66.4000015,
        "Benefited": "Yes",
        "ELEVATION": 502.196014,
        "Section": "NSAB",
        "Reduction": 10.100002288818359,
        "x": 5270131.0699619651,
        "y": 4284115.810130313,
        "MapSection": null,
        "Latitude": 39.082200790000002,
        "Longitude": -84.521136279999993
      }
    },
    {
      "type": "Feature",
      "id": 350,
      "geometry": {
        "type": "Point",
        "coordinates": [-84.521147483786052, 39.082139532497806]
      },
      "properties": {
        "OBJECTID": 350,
        "Receiver": "B00901-F",
        "DU": 1,
        "FrontRow": "Yes",
        "Existing": 70,
        "Proposed": 73,
        "Impact": "Yes",
        "Barrier": 65.4000015,
        "Benefited": "Yes",
        "ELEVATION": 499.005005,
        "Section": "NSAB",
        "Reduction": 11.100002288818359,
        "x": 5270129.520096302,
        "y": 4284090.7399704754,
        "MapSection": null,
        "Latitude": 39.082132029999997,
        "Longitude": -84.521142900000001
      }
    },
    {
      "type": "Feature",
      "id": 351,
      "geometry": {
        "type": "Point",
        "coordinates": [-84.521117012186266, 39.082066686022799]
      },
      "properties": {
        "OBJECTID": 351,
        "Receiver": "B01001-F",
        "DU": 1,
        "FrontRow": "Yes",
        "Existing": 69.6999969,
        "Proposed": 72.8000031,
        "Impact": "Yes",
        "Barrier": 65.1999969,
        "Benefited": "Yes",
        "ELEVATION": 497.154999,
        "Section": "NSAB",
        "Reduction": 11.599998474121094,
        "x": 5270138.5200783014,
        "y": 4284064.32007581,
        "MapSection": null,
        "Latitude": 39.082059180000002,
        "Longitude": -84.521112430000002
      }
    },
    {
      "type": "Feature",
      "id": 352,
      "geometry": {
        "type": "Point",
        "coordinates": [-84.521151951442619, 39.081998161550608]
      },
      "properties": {
        "OBJECTID": 352,
        "Receiver": "B01101-F",
        "DU": 1,
        "FrontRow": "Yes",
        "Existing": 69.5999985,
        "Proposed": 73.0999985,
        "Impact": "Yes",
        "Barrier": 64.6999969,
        "Benefited": "Yes",
        "ELEVATION": 494.634003,
        "Section": "NSAB",
        "Reduction": 12.300003051757812,
        "x": 5270128.9298743904,
        "y": 4284039.2299028933,
        "MapSection": null,
        "Latitude": 39.081990650000002,
        "Longitude": -84.521147369999994
      }
    },
    {
      "type": "Feature",
      "id": 353,
      "geometry": {
        "type": "Point",
        "coordinates": [-84.521137368559039, 39.081925148483087]
      },
      "properties": {
        "OBJECTID": 353,
        "Receiver": "B01201-F",
        "DU": 1,
        "FrontRow": "Yes",
        "Existing": 69.5999985,
        "Proposed": 73.0999985,
        "Impact": "Yes",
        "Barrier": 64.6999969,
        "Benefited": "Yes",
        "ELEVATION": 494.153992,
        "Section": "NSAB",
        "Reduction": 12.500003814697266,
        "x": 5270133.42002289,
        "y": 4284012.6899297237,
        "MapSection": null,
        "Latitude": 39.08191764,
        "Longitude": -84.521132780000002
      }
    },
    {
      "type": "Feature",
      "id": 354,
      "geometry": {
        "type": "Point",
        "coordinates": [-84.521319430592698, 39.081667520274159]
      },
      "properties": {
        "OBJECTID": 354,
        "Receiver": "B01301-F",
        "DU": 1,
        "FrontRow": "Yes",
        "Existing": 70,
        "Proposed": 74.1999969,
        "Impact": "Yes",
        "Barrier": 64.1999969,
        "Benefited": "Yes",
        "ELEVATION": 489.992004,
        "Section": "NSAB",
        "Reduction": 15.400001525878906,
        "x": 5270082.9699925482,
        "y": 4283918.170105651,
        "MapSection": null,
        "Latitude": 39.08166001,
        "Longitude": -84.521314840000002
      }
    },
    {
      "type": "Feature",
      "id": 355,
      "geometry": {
        "type": "Point",
        "coordinates": [-84.52068728186984, 39.083022430166281]
      },
      "properties": {
        "OBJECTID": 355,
        "Receiver": "B01401",
        "DU": 1,
        "FrontRow": "No",
        "Existing": 70.5999985,
        "Proposed": 68.5999985,
        "Impact": "Yes",
        "Barrier": 66.5999985,
        "Benefited": "No",
        "ELEVATION": 521.78302,
        "Section": "NSAB",
        "Reduction": 4.6999969482421875,
        "x": 5270255.929948464,
        "y": 4284414.0500193983,
        "MapSection": null,
        "Latitude": 39.083014919999997,
        "Longitude": -84.520682699999995
      }
    },
    {
      "type": "Feature",
      "id": 356,
      "geometry": {
        "type": "Point",
        "coordinates": [-84.520562344009619, 39.08292821487909]
      },
      "properties": {
        "OBJECTID": 356,
        "Receiver": "B01501",
        "DU": 1,
        "FrontRow": "No",
        "Existing": 70.5999985,
        "Proposed": 68.8000031,
        "Impact": "Yes",
        "Barrier": 66.5999985,
        "Benefited": "No",
        "ELEVATION": 522.544983,
        "Section": "NSAB",
        "Reduction": 4.8000030517578125,
        "x": 5270291.8501522243,
        "y": 4284380.2000214756,
        "MapSection": null,
        "Latitude": 39.082920710000003,
        "Longitude": -84.520557760000003
      }
    },
    {
      "type": "Feature",
      "id": 357,
      "geometry": {
        "type": "Point",
        "coordinates": [-84.52040331243704, 39.083044277892931]
      },
      "properties": {
        "OBJECTID": 357,
        "Receiver": "B01601",
        "DU": 1,
        "FrontRow": "No",
        "Existing": 69.5999985,
        "Proposed": 68.0999985,
        "Impact": "Yes",
        "Barrier": 65.9000015,
        "Benefited": "Yes",
        "ELEVATION": 519.950012,
        "Section": "NSAB",
        "Reduction": 5,
        "x": 5270336.4399580508,
        "y": 4284423.0700144768,
        "MapSection": null,
        "Latitude": 39.08303677,
        "Longitude": -84.520398729999997
      }
    },
    {
      "type": "Feature",
      "id": 358,
      "geometry": {
        "type": "Point",
        "coordinates": [-84.520410636911649, 39.082975662818164]
      },
      "properties": {
        "OBJECTID": 358,
        "Receiver": "B01701",
        "DU": 1,
        "FrontRow": "No",
        "Existing": 69.6999969,
        "Proposed": 68.3000031,
        "Impact": "Yes",
        "Barrier": 66,
        "Benefited": "Yes",
        "ELEVATION": 520.23999,
        "Section": "NSAB",
        "Reduction": 5.2000045776367188,
        "x": 5270334.6899615526,
        "y": 4284398.0500513911,
        "MapSection": null,
        "Latitude": 39.08296816,
        "Longitude": -84.520406050000005
      }
    },
    {
      "type": "Feature",
      "id": 359,
      "geometry": {
        "type": "Point",
        "coordinates": [-84.520409105435377, 39.082907862924024]
      },
      "properties": {
        "OBJECTID": 359,
        "Receiver": "B01801",
        "DU": 1,
        "FrontRow": "No",
        "Existing": 69.9000015,
        "Proposed": 68.5,
        "Impact": "Yes",
        "Barrier": 66.1999969,
        "Benefited": "Yes",
        "ELEVATION": 521.169983,
        "Section": "NSAB",
        "Reduction": 5.1000022888183594,
        "x": 5270335.4501306415,
        "y": 4284373.3601401448,
        "MapSection": null,
        "Latitude": 39.082900359999996,
        "Longitude": -84.52040452
      }
    },
    {
      "type": "Feature",
      "id": 360,
      "geometry": {
        "type": "Point",
        "coordinates": [-84.52041173589852, 39.082841890108263]
      },
      "properties": {
        "OBJECTID": 360,
        "Receiver": "B01901",
        "DU": 1,
        "FrontRow": "No",
        "Existing": 70,
        "Proposed": 68.6999969,
        "Impact": "Yes",
        "Barrier": 66.3000031,
        "Benefited": "Yes",
        "ELEVATION": 520.97998,
        "Section": "NSAB",
        "Reduction": 5.2000007629394531,
        "x": 5270335.020013392,
        "y": 4284349.3201619834,
        "MapSection": null,
        "Latitude": 39.082834380000001,
        "Longitude": -84.520407149999997
      }
    },
    {
      "type": "Feature",
      "id": 361,
      "geometry": {
        "type": "Point",
        "coordinates": [-84.520444606584974, 39.082404003482957]
      },
      "properties": {
        "OBJECTID": 361,
        "Receiver": "B02001",
        "DU": 1,
        "FrontRow": "No",
        "Existing": 69.8000031,
        "Proposed": 69.5999985,
        "Impact": "Yes",
        "Barrier": 63.5,
        "Benefited": "Yes",
        "ELEVATION": 516.987,
        "Section": "NSAB",
        "Reduction": 6.0999984741210938,
        "x": 5270327.7900409698,
        "y": 4284189.7000743896,
        "MapSection": null,
        "Latitude": 39.082396500000002,
        "Longitude": -84.520440019999995
      }
    },
    {
      "type": "Feature",
      "id": 362,
      "geometry": {
        "type": "Point",
        "coordinates": [-84.520444230399065, 39.082263763677183]
      },
      "properties": {
        "OBJECTID": 362,
        "Receiver": "B02102",
        "DU": 2,
        "FrontRow": "No",
        "Existing": 69.8000031,
        "Proposed": 67.4000015,
        "Impact": "Yes",
        "Barrier": 65.0999985,
        "Benefited": "Yes",
        "ELEVATION": 515.791016,
        "Section": "NSAB",
        "Reduction": 6.5000038146972656,
        "x": 5270328.5698950589,
        "y": 4284138.6201240569,
        "MapSection": null,
        "Latitude": 39.082256260000001,
        "Longitude": -84.520439640000006
      }
    },
    {
      "type": "Feature",
      "id": 363,
      "geometry": {
        "type": "Point",
        "coordinates": [-84.520462522023749, 39.082192350949711]
      },
      "properties": {
        "OBJECTID": 363,
        "Receiver": "B02202",
        "DU": 2,
        "FrontRow": "No",
        "Existing": 69.8000031,
        "Proposed": 69.8000031,
        "Impact": "Yes",
        "Barrier": 63.2999992,
        "Benefited": "Yes",
        "ELEVATION": 514.870972,
        "Section": "NSAB",
        "Reduction": 6.5000038146972656,
        "x": 5270323.7198391408,
        "y": 4284112.5401237309,
        "MapSection": null,
        "Latitude": 39.082184839999996,
        "Longitude": -84.52045794
      }
    },
    {
      "type": "Feature",
      "id": 364,
      "geometry": {
        "type": "Point",
        "coordinates": [-84.520466782780943, 39.082140340803015]
      },
      "properties": {
        "OBJECTID": 364,
        "Receiver": "B02302",
        "DU": 2,
        "FrontRow": "No",
        "Existing": 69.6999969,
        "Proposed": 66.6999969,
        "Impact": "Yes",
        "Barrier": 64.4000015,
        "Benefited": "Yes",
        "ELEVATION": 514.166016,
        "Section": "NSAB",
        "Reduction": 6.5000038146972656,
        "x": 5270322.7598673105,
        "y": 4284093.5798598081,
        "MapSection": null,
        "Latitude": 39.082132829999999,
        "Longitude": -84.520462199999997
      }
    },
    {
      "type": "Feature",
      "id": 365,
      "geometry": {
        "type": "Point",
        "coordinates": [-84.520468297316356, 39.082059091881916]
      },
      "properties": {
        "OBJECTID": 365,
        "Receiver": "B02401",
        "DU": 1,
        "FrontRow": "No",
        "Existing": 69.6999969,
        "Proposed": 69.9000015,
        "Impact": "Yes",
        "Barrier": 63,
        "Benefited": "Yes",
        "ELEVATION": 513.096008,
        "Section": "NSAB",
        "Reduction": 6.9000015258789062,
        "x": 5270322.7198411375,
        "y": 4284063.9798533916,
        "MapSection": null,
        "Latitude": 39.082051579999998,
        "Longitude": -84.520463710000001
      }
    },
    {
      "type": "Feature",
      "id": 366,
      "geometry": {
        "type": "Point",
        "coordinates": [-84.52044697433908, 39.0819993249549]
      },
      "properties": {
        "OBJECTID": 366,
        "Receiver": "B02502",
        "DU": 2,
        "FrontRow": "No",
        "Existing": 69.5,
        "Proposed": 67.1999969,
        "Impact": "Yes",
        "Barrier": 64.4000015,
        "Benefited": "Yes",
        "ELEVATION": 511.902008,
        "Section": "NSAB",
        "Reduction": 6.9000015258789062,
        "x": 5270329.0600515604,
        "y": 4284042.2899361402,
        "MapSection": null,
        "Latitude": 39.081991819999999,
        "Longitude": -84.520442389999999
      }
    },
    {
      "type": "Feature",
      "id": 367,
      "geometry": {
        "type": "Point",
        "coordinates": [-84.520455009532981, 39.081930360451047]
      },
      "properties": {
        "OBJECTID": 367,
        "Receiver": "B02602",
        "DU": 2,
        "FrontRow": "No",
        "Existing": 69.3000031,
        "Proposed": 69.9000015,
        "Impact": "Yes",
        "Barrier": 62.2000008,
        "Benefited": "Yes",
        "ELEVATION": 509.290009,
        "Section": "NSAB",
        "Reduction": 7.7000007629394531,
        "x": 5270327.109924227,
        "y": 4284017.1400520653,
        "MapSection": null,
        "Latitude": 39.081922849999998,
        "Longitude": -84.520450420000003
      }
    },
    {
      "type": "Feature",
      "id": 368,
      "geometry": {
        "type": "Point",
        "coordinates": [-84.52040001904092, 39.081859759695398]
      },
      "properties": {
        "OBJECTID": 368,
        "Receiver": "B02702",
        "DU": 2,
        "FrontRow": "No",
        "Existing": 69.3000031,
        "Proposed": 67.8000031,
        "Impact": "Yes",
        "Barrier": 64.5,
        "Benefited": "Yes",
        "ELEVATION": 509.212006,
        "Section": "NSAB",
        "Reduction": 7.7000007629394531,
        "x": 5270343.0600235611,
        "y": 4283991.6299324781,
        "MapSection": null,
        "Latitude": 39.081852249999997,
        "Longitude": -84.520395429999994
      }
    },
    {
      "type": "Feature",
      "id": 369,
      "geometry": {
        "type": "Point",
        "coordinates": [-84.520446375287307, 39.081788936916617]
      },
      "properties": {
        "OBJECTID": 369,
        "Receiver": "B02802",
        "DU": 2,
        "FrontRow": "No",
        "Existing": 69.1999969,
        "Proposed": 69.8000031,
        "Impact": "Yes",
        "Barrier": 61.5999985,
        "Benefited": "Yes",
        "ELEVATION": 506.427002,
        "Section": "NSAB",
        "Reduction": 8.2000045776367188,
        "x": 5270330.239839226,
        "y": 4283965.6598400623,
        "MapSection": null,
        "Latitude": 39.081781429999999,
        "Longitude": -84.520441790000007
      }
    },
    {
      "type": "Feature",
      "id": 370,
      "geometry": {
        "type": "Point",
        "coordinates": [-84.520417066895746, 39.08173688556149]
      },
      "properties": {
        "OBJECTID": 370,
        "Receiver": "B02902",
        "DU": 2,
        "FrontRow": "No",
        "Existing": 69.0999985,
        "Proposed": 67.6999969,
        "Impact": "Yes",
        "Barrier": 63.9000015,
        "Benefited": "Yes",
        "ELEVATION": 506.502991,
        "Section": "NSAB",
        "Reduction": 8.2000045776367188,
        "x": 5270338.8100320548,
        "y": 4283946.8101402223,
        "MapSection": null,
        "Latitude": 39.081729379999999,
        "Longitude": -84.520412480000005
      }
    },
    {
      "type": "Feature",
      "id": 371,
      "geometry": {
        "type": "Point",
        "coordinates": [-84.520399679739981, 39.081671475446626]
      },
      "properties": {
        "OBJECTID": 371,
        "Receiver": "B03002",
        "DU": 2,
        "FrontRow": "No",
        "Existing": 69,
        "Proposed": 69.5999985,
        "Impact": "Yes",
        "Barrier": 61.0999985,
        "Benefited": "Yes",
        "ELEVATION": 505.006012,
        "Section": "NSAB",
        "Reduction": 8.5,
        "x": 5270344.0600215495,
        "y": 4283923.0500171483,
        "MapSection": null,
        "Latitude": 39.081663970000001,
        "Longitude": -84.520395089999994
      }
    },
    {
      "type": "Feature",
      "id": 372,
      "geometry": {
        "type": "Point",
        "coordinates": [-84.520487809544093, 39.081588288623891]
      },
      "properties": {
        "OBJECTID": 372,
        "Receiver": "B03101",
        "DU": 1,
        "FrontRow": "No",
        "Existing": 68.9000015,
        "Proposed": 66.5999985,
        "Impact": "Yes",
        "Barrier": 61.5999985,
        "Benefited": "Yes",
        "ELEVATION": 500.114014,
        "Section": "NSAB",
        "Reduction": 9.7000045776367188,
        "x": 5270319.4399920553,
        "y": 4283892.4201571494,
        "MapSection": null,
        "Latitude": 39.081580780000003,
        "Longitude": -84.520483220000003
      }
    },
    {
      "type": "Feature",
      "id": 373,
      "geometry": {
        "type": "Point",
        "coordinates": [-84.520512893782382, 39.081519278502562]
      },
      "properties": {
        "OBJECTID": 373,
        "Receiver": "B03201",
        "DU": 1,
        "FrontRow": "No",
        "Existing": 68.8000031,
        "Proposed": 68.3000031,
        "Impact": "Yes",
        "Barrier": 62.5,
        "Benefited": "Yes",
        "ELEVATION": 499.019989,
        "Section": "NSAB",
        "Reduction": 10.200000762939453,
        "x": 5270312.6499793828,
        "y": 4283867.1898926497,
        "MapSection": null,
        "Latitude": 39.081511769999999,
        "Longitude": -84.520508309999997
      }
    },
    {
      "type": "Feature",
      "id": 374,
      "geometry": {
        "type": "Point",
        "coordinates": [-84.520354826994733, 39.081588844176153]
      },
      "properties": {
        "OBJECTID": 374,
        "Receiver": "B03301",
        "DU": 1,
        "FrontRow": "No",
        "Existing": 68.8000031,
        "Proposed": 67.9000015,
        "Impact": "Yes",
        "Barrier": 62.7999992,
        "Benefited": "Yes",
        "ELEVATION": 502.886993,
        "Section": "NSAB",
        "Reduction": 8.8000030517578125,
        "x": 5270357.1899165511,
        "y": 4283893.1199588925,
        "MapSection": null,
        "Latitude": 39.08158134,
        "Longitude": -84.520350239999999
      }
    },
    {
      "type": "Feature",
      "id": 375,
      "geometry": {
        "type": "Point",
        "coordinates": [-84.520295735529544, 39.081602513798039]
      },
      "properties": {
        "OBJECTID": 375,
        "Receiver": "B03401",
        "DU": 1,
        "FrontRow": "No",
        "Existing": 68.8000031,
        "Proposed": 68.4000015,
        "Impact": "Yes",
        "Barrier": 63.2999992,
        "Benefited": "Yes",
        "ELEVATION": 504.777008,
        "Section": "NSAB",
        "Reduction": 8.3999977111816406,
        "x": 5270373.8998568803,
        "y": 4283898.320079729,
        "MapSection": null,
        "Latitude": 39.081595010000001,
        "Longitude": -84.520291150000006
      }
    },
    {
      "type": "Feature",
      "id": 376,
      "geometry": {
        "type": "Point",
        "coordinates": [-84.520407588512342, 39.081159920223406]
      },
      "properties": {
        "OBJECTID": 376,
        "Receiver": "B03501-F",
        "DU": 1,
        "FrontRow": "Yes",
        "Existing": 68.4000015,
        "Proposed": 69.8000031,
        "Impact": "Yes",
        "Barrier": 63.5999985,
        "Benefited": "Yes",
        "ELEVATION": 495.463013,
        "Section": "NSAB",
        "Reduction": 10.299999237060547,
        "x": 5270344.2699948847,
        "y": 4283736.6901536435,
        "MapSection": null,
        "Latitude": 39.081152410000001,
        "Longitude": -84.520403000000002
      }
    },
    {
      "type": "Feature",
      "id": 377,
      "geometry": {
        "type": "Point",
        "coordinates": [-84.520385160948152, 39.081084299916924]
      },
      "properties": {
        "OBJECTID": 377,
        "Receiver": "B03601-F",
        "DU": 1,
        "FrontRow": "Yes",
        "Existing": 68.3000031,
        "Proposed": 69.6999969,
        "Impact": "Yes",
        "Barrier": 63.5999985,
        "Benefited": "Yes",
        "ELEVATION": 494.928009,
        "Section": "NSAB",
        "Reduction": 10.299999237060547,
        "x": 5270350.9999683052,
        "y": 4283709.2299067229,
        "MapSection": null,
        "Latitude": 39.081076789999997,
        "Longitude": -84.520380579999994
      }
    },
    {
      "type": "Feature",
      "id": 378,
      "geometry": {
        "type": "Point",
        "coordinates": [-84.520367816112426, 39.081014278483018]
      },
      "properties": {
        "OBJECTID": 378,
        "Receiver": "B03702-F",
        "DU": 2,
        "FrontRow": "Yes",
        "Existing": 68.5,
        "Proposed": 69.6999969,
        "Impact": "Yes",
        "Barrier": 64,
        "Benefited": "Yes",
        "ELEVATION": 497.29599,
        "Section": "NSAB",
        "Reduction": 10.099998474121094,
        "x": 5270356.2601283938,
        "y": 4283683.7899969816,
        "MapSection": null,
        "Latitude": 39.081006770000002,
        "Longitude": -84.520363230000001
      }
    },
    {
      "type": "Feature",
      "id": 379,
      "geometry": {
        "type": "Point",
        "coordinates": [-84.520363761394094, 39.080943707183984]
      },
      "properties": {
        "OBJECTID": 379,
        "Receiver": "B03802-F",
        "DU": 2,
        "FrontRow": "Yes",
        "Existing": 68.3000031,
        "Proposed": 68.9000015,
        "Impact": "Yes",
        "Barrier": 58.7000008,
        "Benefited": "Yes",
        "ELEVATION": 495.882996,
        "Section": "NSAB",
        "Reduction": 10.200000762939453,
        "x": 5270357.7499548048,
        "y": 4283658.1000877321,
        "MapSection": null,
        "Latitude": 39.080936199999996,
        "Longitude": -84.52035918
      }
    },
    {
      "type": "Feature",
      "id": 380,
      "geometry": {
        "type": "Point",
        "coordinates": [-84.520365331486346, 39.080875856201061]
      },
      "properties": {
        "OBJECTID": 380,
        "Receiver": "B03902-F",
        "DU": 2,
        "FrontRow": "Yes",
        "Existing": 67.8000031,
        "Proposed": 68.5,
        "Impact": "Yes",
        "Barrier": 58.2000008,
        "Benefited": "Yes",
        "ELEVATION": 492.136993,
        "Section": "NSAB",
        "Reduction": 10.299999237060547,
        "x": 5270357.6298763007,
        "y": 4283633.3799928129,
        "MapSection": null,
        "Latitude": 39.080868350000003,
        "Longitude": -84.520360749999995
      }
    },
    {
      "type": "Feature",
      "id": 381,
      "geometry": {
        "type": "Point",
        "coordinates": [-84.520342509602102, 39.080813108623673]
      },
      "properties": {
        "OBJECTID": 381,
        "Receiver": "B04004-F",
        "DU": 4,
        "FrontRow": "Yes",
        "Existing": 67.5,
        "Proposed": 68.9000015,
        "Impact": "Yes",
        "Barrier": 63.2000008,
        "Benefited": "Yes",
        "ELEVATION": 491.083008,
        "Section": "NSAB",
        "Reduction": 10.200004577636719,
        "x": 5270364.4100464731,
        "y": 4283610.6100252271,
        "MapSection": null,
        "Latitude": 39.080805599999998,
        "Longitude": -84.520337920000003
      }
    },
    {
      "type": "Feature",
      "id": 382,
      "geometry": {
        "type": "Point",
        "coordinates": [-84.520291990190941, 39.080707302814467]
      },
      "properties": {
        "OBJECTID": 382,
        "Receiver": "B04104-F",
        "DU": 4,
        "FrontRow": "Yes",
        "Existing": 67.5,
        "Proposed": 68.6999969,
        "Impact": "Yes",
        "Barrier": 63.2999992,
        "Benefited": "Yes",
        "ELEVATION": 491.365997,
        "Section": "NSAB",
        "Reduction": 10.200004577636719,
        "x": 5270379.2600823939,
        "y": 4283572.2600363046,
        "MapSection": null,
        "Latitude": 39.080699799999998,
        "Longitude": -84.520287400000001
      }
    },
    {
      "type": "Feature",
      "id": 383,
      "geometry": {
        "type": "Point",
        "coordinates": [-84.52092630495541, 39.079988502548403]
      },
      "properties": {
        "OBJECTID": 383,
        "Receiver": "B04225-F",
        "DU": 25,
        "FrontRow": "Yes",
        "Existing": 63.7999992,
        "Proposed": 66,
        "Impact": "Yes",
        "Barrier": 62.7000008,
        "Benefited": "Yes",
        "ELEVATION": 475.945007,
        "Section": "NSAB",
        "Reduction": 8.0999984741210938,
        "x": 5270202.6298582256,
        "y": 4283308.0699478984,
        "MapSection": null,
        "Latitude": 39.079980999999997,
        "Longitude": -84.520921720000004
      }
    },
    {
      "type": "Feature",
      "id": 384,
      "geometry": {
        "type": "Point",
        "coordinates": [-84.519821205570011, 39.083690253109808]
      },
      "properties": {
        "OBJECTID": 384,
        "Receiver": "B04302",
        "DU": 2,
        "FrontRow": "No",
        "Existing": 68,
        "Proposed": 65.9000015,
        "Impact": "No",
        "Barrier": 63.7000008,
        "Benefited": "No",
        "ELEVATION": 518.310974,
        "Section": "NSAB",
        "Reduction": 4.3000030517578125,
        "x": 5270498.589896217,
        "y": 4284660.5400119722,
        "MapSection": null,
        "Latitude": 39.083682750000001,
        "Longitude": -84.51981662
      }
    },
    {
      "type": "Feature",
      "id": 385,
      "geometry": {
        "type": "Point",
        "coordinates": [-84.519753281249251, 39.083549126590619]
      },
      "properties": {
        "OBJECTID": 385,
        "Receiver": "B04402",
        "DU": 2,
        "FrontRow": "No",
        "Existing": 67.9000015,
        "Proposed": 60,
        "Impact": "No",
        "Barrier": 57.9000015,
        "Benefited": "No",
        "ELEVATION": 518.617004,
        "Section": "NSAB",
        "Reduction": 4.5,
        "x": 5270518.550158143,
        "y": 4284609.3898518085,
        "MapSection": null,
        "Latitude": 39.083541619999998,
        "Longitude": -84.519748699999994
      }
    },
    {
      "type": "Feature",
      "id": 386,
      "geometry": {
        "type": "Point",
        "coordinates": [-84.51973188435332, 39.083493806609518]
      },
      "properties": {
        "OBJECTID": 386,
        "Receiver": "B04502",
        "DU": 2,
        "FrontRow": "No",
        "Existing": 67.9000015,
        "Proposed": 60,
        "Impact": "No",
        "Barrier": 58,
        "Benefited": "No",
        "ELEVATION": 518.453979,
        "Section": "NSAB",
        "Reduction": 4.6000022888183594,
        "x": 5270524.8900404721,
        "y": 4284589.320010066,
        "MapSection": null,
        "Latitude": 39.083486299999997,
        "Longitude": -84.5197273
      }
    },
    {
      "type": "Feature",
      "id": 387,
      "geometry": {
        "type": "Point",
        "coordinates": [-84.519887585427384, 39.083391519311611]
      },
      "properties": {
        "OBJECTID": 387,
        "Receiver": "B04602",
        "DU": 2,
        "FrontRow": "No",
        "Existing": 68.1999969,
        "Proposed": 66.0999985,
        "Impact": "Yes",
        "Barrier": 63.7999992,
        "Benefited": "No",
        "ELEVATION": 518.411987,
        "Section": "NSAB",
        "Reduction": 4.7000007629394531,
        "x": 5270481.1801541299,
        "y": 4284551.4798626453,
        "MapSection": null,
        "Latitude": 39.083384010000003,
        "Longitude": -84.519882999999993
      }
    },
    {
      "type": "Feature",
      "id": 388,
      "geometry": {
        "type": "Point",
        "coordinates": [-84.519679795449306, 39.083276657507696]
      },
      "properties": {
        "OBJECTID": 388,
        "Receiver": "B04701",
        "DU": 1,
        "FrontRow": "No",
        "Existing": 68.0999985,
        "Proposed": 59.5,
        "Impact": "No",
        "Barrier": 57.4000015,
        "Benefited": "No",
        "ELEVATION": 519.669006,
        "Section": "NSAB",
        "Reduction": 4.9000015258789062,
        "x": 5270540.7200613022,
        "y": 4284510.4199053943,
        "MapSection": null,
        "Latitude": 39.08326915,
        "Longitude": -84.519675210000003
      }
    },
    {
      "type": "Feature",
      "id": 389,
      "geometry": {
        "type": "Point",
        "coordinates": [-84.519690674120923, 39.083191661460489]
      },
      "properties": {
        "OBJECTID": 389,
        "Receiver": "B04801",
        "DU": 1,
        "FrontRow": "No",
        "Existing": 68.1999969,
        "Proposed": 66.4000015,
        "Impact": "Yes",
        "Barrier": 61.5,
        "Benefited": "No",
        "ELEVATION": 519.586975,
        "Section": "NSAB",
        "Reduction": 4.9000015258789062,
        "x": 5270538.0399485528,
        "y": 4284479.419967398,
        "MapSection": null,
        "Latitude": 39.083184150000001,
        "Longitude": -84.519686089999993
      }
    },
    {
      "type": "Feature",
      "id": 390,
      "geometry": {
        "type": "Point",
        "coordinates": [-84.519688176729275, 39.083101888319661]
      },
      "properties": {
        "OBJECTID": 390,
        "Receiver": "B04901",
        "DU": 1,
        "FrontRow": "No",
        "Existing": 68.1999969,
        "Proposed": 59.5,
        "Impact": "No",
        "Barrier": 57.0999985,
        "Benefited": "No",
        "ELEVATION": 520.148987,
        "Section": "NSAB",
        "Reduction": 4.9000015258789062,
        "x": 5270539.1800381392,
        "y": 4284446.7300721407,
        "MapSection": null,
        "Latitude": 39.083094379999999,
        "Longitude": -84.51968359
      }
    },
    {
      "type": "Feature",
      "id": 391,
      "geometry": {
        "type": "Point",
        "coordinates": [-84.519672989273076, 39.08301269814983]
      },
      "properties": {
        "OBJECTID": 391,
        "Receiver": "B05001",
        "DU": 1,
        "FrontRow": "No",
        "Existing": 68.1999969,
        "Proposed": 60.0999985,
        "Impact": "No",
        "Barrier": 57.2000008,
        "Benefited": "No",
        "ELEVATION": 521.284973,
        "Section": "NSAB",
        "Reduction": 4.9000015258789062,
        "x": 5270543.9198580533,
        "y": 4284414.3000188917,
        "MapSection": null,
        "Latitude": 39.083005190000002,
        "Longitude": -84.5196684
      }
    },
    {
      "type": "Feature",
      "id": 392,
      "geometry": {
        "type": "Point",
        "coordinates": [-84.519692526861277, 39.08296968565886]
      },
      "properties": {
        "OBJECTID": 392,
        "Receiver": "B05102",
        "DU": 2,
        "FrontRow": "No",
        "Existing": 68.3000031,
        "Proposed": 60.2000008,
        "Impact": "No",
        "Barrier": 57.0999985,
        "Benefited": "Yes",
        "ELEVATION": 521.525024,
        "Section": "NSAB",
        "Reduction": 5,
        "x": 5270538.5799737275,
        "y": 4284398.5598928928,
        "MapSection": null,
        "Latitude": 39.082962180000003,
        "Longitude": -84.519687939999997
      }
    },
    {
      "type": "Feature",
      "id": 393,
      "geometry": {
        "type": "Point",
        "coordinates": [-84.519853673654254, 39.08287860173666]
      },
      "properties": {
        "OBJECTID": 393,
        "Receiver": "B05202",
        "DU": 2,
        "FrontRow": "No",
        "Existing": 68.8000031,
        "Proposed": 65.4000015,
        "Impact": "No",
        "Barrier": 62.0999985,
        "Benefited": "Yes",
        "ELEVATION": 522.780029,
        "Section": "NSAB",
        "Reduction": 5.0999984741210938,
        "x": 5270493.2700249702,
        "y": 4284364.780104816,
        "MapSection": null,
        "Latitude": 39.082871089999998,
        "Longitude": -84.519849089999994
      }
    },
    {
      "type": "Feature",
      "id": 394,
      "geometry": {
        "type": "Point",
        "coordinates": [-84.519652584748911, 39.082792497729557]
      },
      "properties": {
        "OBJECTID": 394,
        "Receiver": "B05302",
        "DU": 2,
        "FrontRow": "No",
        "Existing": 68.4000015,
        "Proposed": 62.0999985,
        "Impact": "No",
        "Barrier": 58.5999985,
        "Benefited": "Yes",
        "ELEVATION": 523.377014,
        "Section": "NSAB",
        "Reduction": 5.0999984741210938,
        "x": 5270550.7699099779,
        "y": 4284334.1699298173,
        "MapSection": null,
        "Latitude": 39.08278499,
        "Longitude": -84.519648000000004
      }
    },
    {
      "type": "Feature",
      "id": 395,
      "geometry": {
        "type": "Point",
        "coordinates": [-84.519644907155211, 39.082717441451067]
      },
      "properties": {
        "OBJECTID": 395,
        "Receiver": "B05404",
        "DU": 4,
        "FrontRow": "No",
        "Existing": 68.1999969,
        "Proposed": 62.7999992,
        "Impact": "No",
        "Barrier": 58.5999985,
        "Benefited": "Yes",
        "ELEVATION": 522.039978,
        "Section": "NSAB",
        "Reduction": 5.1999969482421875,
        "x": 5270553.3099311441,
        "y": 4284306.8599450588,
        "MapSection": null,
        "Latitude": 39.08270993,
        "Longitude": -84.519640319999993
      }
    },
    {
      "type": "Feature",
      "id": 396,
      "geometry": {
        "type": "Point",
        "coordinates": [-84.519680606083767, 39.08253114710142]
      },
      "properties": {
        "OBJECTID": 396,
        "Receiver": "B05502",
        "DU": 2,
        "FrontRow": "No",
        "Existing": 68.4000015,
        "Proposed": 63,
        "Impact": "No",
        "Barrier": 60.2999992,
        "Benefited": "Yes",
        "ELEVATION": 521.969971,
        "Section": "NSAB",
        "Reduction": 5.4000015258789062,
        "x": 5270544.0701202154,
        "y": 4284238.8699235618,
        "MapSection": null,
        "Latitude": 39.082523639999998,
        "Longitude": -84.519676020000006
      }
    },
    {
      "type": "Feature",
      "id": 397,
      "geometry": {
        "type": "Point",
        "coordinates": [-84.519663228433544, 39.082350704283876]
      },
      "properties": {
        "OBJECTID": 397,
        "Receiver": "B05602",
        "DU": 2,
        "FrontRow": "No",
        "Existing": 68.3000031,
        "Proposed": 62.2999992,
        "Impact": "No",
        "Barrier": 58.5999985,
        "Benefited": "Yes",
        "ELEVATION": 521.547974,
        "Section": "NSAB",
        "Reduction": 6.0000038146972656,
        "x": 5270549.8699773848,
        "y": 4284173.2099498957,
        "MapSection": null,
        "Latitude": 39.082343199999997,
        "Longitude": -84.519658640000003
      }
    },
    {
      "type": "Feature",
      "id": 398,
      "geometry": {
        "type": "Point",
        "coordinates": [-84.519694173139627, 39.082160215895911]
      },
      "properties": {
        "OBJECTID": 398,
        "Receiver": "B05704",
        "DU": 4,
        "FrontRow": "No",
        "Existing": 68.1999969,
        "Proposed": 67.3000031,
        "Impact": "Yes",
        "Barrier": 61.2999992,
        "Benefited": "Yes",
        "ELEVATION": 518.48999,
        "Section": "NSAB",
        "Reduction": 6.0000038146972656,
        "x": 5270541.9999143928,
        "y": 4284103.7100888938,
        "MapSection": null,
        "Latitude": 39.082152710000003,
        "Longitude": -84.519689589999999
      }
    },
    {
      "type": "Feature",
      "id": 399,
      "geometry": {
        "type": "Point",
        "coordinates": [-84.519679259700155, 39.082050602710453]
      },
      "properties": {
        "OBJECTID": 399,
        "Receiver": "B05802",
        "DU": 2,
        "FrontRow": "No",
        "Existing": 68.0999985,
        "Proposed": 61.5999985,
        "Impact": "No",
        "Barrier": 57.7000008,
        "Benefited": "Yes",
        "ELEVATION": 516.213013,
        "Section": "NSAB",
        "Reduction": 6.0999984741210938,
        "x": 5270546.7600754648,
        "y": 4284063.8400898874,
        "MapSection": null,
        "Latitude": 39.0820431,
        "Longitude": -84.519674670000001
      }
    },
    {
      "type": "Feature",
      "id": 400,
      "geometry": {
        "type": "Point",
        "coordinates": [-84.519662343274661, 39.081892841287853]
      },
      "properties": {
        "OBJECTID": 400,
        "Receiver": "B05903",
        "DU": 3,
        "FrontRow": "No",
        "Existing": 68,
        "Proposed": 61.4000015,
        "Impact": "No",
        "Barrier": 57.2000008,
        "Benefited": "Yes",
        "ELEVATION": 513.359985,
        "Section": "NSAB",
        "Reduction": 6.4999961853027344,
        "x": 5270552.3201037198,
        "y": 4284006.4399422258,
        "MapSection": null,
        "Latitude": 39.081885329999999,
        "Longitude": -84.519657760000001
      }
    },
    {
      "type": "Feature",
      "id": 401,
      "geometry": {
        "type": "Point",
        "coordinates": [-84.519709632469755, 39.08176895933795]
      },
      "properties": {
        "OBJECTID": 401,
        "Receiver": "B06002",
        "DU": 2,
        "FrontRow": "No",
        "Existing": 68.0999985,
        "Proposed": 61.4000015,
        "Impact": "No",
        "Barrier": 56.9000015,
        "Benefited": "Yes",
        "ELEVATION": 512.221008,
        "Section": "NSAB",
        "Reduction": 7,
        "x": 5270539.4900768846,
        "y": 4283961.1398359835,
        "MapSection": null,
        "Latitude": 39.081761450000002,
        "Longitude": -84.519705049999999
      }
    },
    {
      "type": "Feature",
      "id": 402,
      "geometry": {
        "type": "Point",
        "coordinates": [-84.519772306912088, 39.081658057300366]
      },
      "properties": {
        "OBJECTID": 402,
        "Receiver": "B06104",
        "DU": 4,
        "FrontRow": "No",
        "Existing": 68.0999985,
        "Proposed": 67.4000015,
        "Impact": "Yes",
        "Barrier": 60.4000015,
        "Benefited": "Yes",
        "ELEVATION": 509.63501,
        "Section": "NSAB",
        "Reduction": 7,
        "x": 5270522.2299408019,
        "y": 4283920.5099959821,
        "MapSection": null,
        "Latitude": 39.081650549999999,
        "Longitude": -84.519767720000004
      }
    },
    {
      "type": "Feature",
      "id": 403,
      "geometry": {
        "type": "Point",
        "coordinates": [-84.519739394690916, 39.081421393524423]
      },
      "properties": {
        "OBJECTID": 403,
        "Receiver": "B06204",
        "DU": 4,
        "FrontRow": "No",
        "Existing": 68.0999985,
        "Proposed": 62.2000008,
        "Impact": "No",
        "Barrier": 58.0999985,
        "Benefited": "Yes",
        "ELEVATION": 508.351013,
        "Section": "NSAB",
        "Reduction": 7,
        "x": 5270532.7099067271,
        "y": 4283834.4301156402,
        "MapSection": null,
        "Latitude": 39.08141389,
        "Longitude": -84.519734810000003
      }
    },
    {
      "type": "Feature",
      "id": 404,
      "geometry": {
        "type": "Point",
        "coordinates": [-84.519782647864858, 39.081354904020863]
      },
      "properties": {
        "OBJECTID": 404,
        "Receiver": "B06302",
        "DU": 2,
        "FrontRow": "No",
        "Existing": 68.1999969,
        "Proposed": 67.5999985,
        "Impact": "Yes",
        "Barrier": 60.2000008,
        "Benefited": "Yes",
        "ELEVATION": 507.988007,
        "Section": "NSAB",
        "Reduction": 7.3999977111816406,
        "x": 5270520.7499568909,
        "y": 4283810.0499150604,
        "MapSection": null,
        "Latitude": 39.081347399999999,
        "Longitude": -84.519778059999993
      }
    },
    {
      "type": "Feature",
      "id": 405,
      "geometry": {
        "type": "Point",
        "coordinates": [-84.519788260302235, 39.081275069881009]
      },
      "properties": {
        "OBJECTID": 405,
        "Receiver": "B06402",
        "DU": 2,
        "FrontRow": "No",
        "Existing": 68.1999969,
        "Proposed": 61.7999992,
        "Impact": "No",
        "Barrier": 56.7999992,
        "Benefited": "Yes",
        "ELEVATION": 508.424988,
        "Section": "NSAB",
        "Reduction": 7.3999977111816406,
        "x": 5270519.5399855524,
        "y": 4283780.9499076456,
        "MapSection": null,
        "Latitude": 39.081267560000001,
        "Longitude": -84.519783680000003
      }
    },
    {
      "type": "Feature",
      "id": 406,
      "geometry": {
        "type": "Point",
        "coordinates": [-84.519771724968209, 39.081080222171352]
      },
      "properties": {
        "OBJECTID": 406,
        "Receiver": "B06501",
        "DU": 1,
        "FrontRow": "No",
        "Existing": 68.1999969,
        "Proposed": 61.9000015,
        "Impact": "No",
        "Barrier": 57.0999985,
        "Benefited": "Yes",
        "ELEVATION": 509.076996,
        "Section": "NSAB",
        "Reduction": 7.5000038146972656,
        "x": 5270525.1698955595,
        "y": 4283710.0399444699,
        "MapSection": null,
        "Latitude": 39.081072720000002,
        "Longitude": -84.519767139999999
      }
    },
    {
      "type": "Feature",
      "id": 407,
      "geometry": {
        "type": "Point",
        "coordinates": [-84.519702038255829, 39.081008043288499]
      },
      "properties": {
        "OBJECTID": 407,
        "Receiver": "B06602",
        "DU": 2,
        "FrontRow": "No",
        "Existing": 68.0999985,
        "Proposed": 62.4000015,
        "Impact": "No",
        "Barrier": 57.4000015,
        "Benefited": "Yes",
        "ELEVATION": 510.235992,
        "Section": "NSAB",
        "Reduction": 7.2999992370605469,
        "x": 5270545.300104633,
        "y": 4283684.0101408958,
        "MapSection": null,
        "Latitude": 39.081000539999998,
        "Longitude": -84.519697449999995
      }
    },
    {
      "type": "Feature",
      "id": 408,
      "geometry": {
        "type": "Point",
        "coordinates": [-84.519834572351414, 39.080931929044262]
      },
      "properties": {
        "OBJECTID": 408,
        "Receiver": "B06705",
        "DU": 5,
        "FrontRow": "No",
        "Existing": 68.4000015,
        "Proposed": 68,
        "Impact": "Yes",
        "Barrier": 61.5999985,
        "Benefited": "Yes",
        "ELEVATION": 508.770996,
        "Section": "NSAB",
        "Reduction": 7.7000007629394531,
        "x": 5270508.0400085598,
        "y": 4283655.7900529802,
        "MapSection": null,
        "Latitude": 39.080924420000002,
        "Longitude": -84.519829990000005
      }
    },
    {
      "type": "Feature",
      "id": 409,
      "geometry": {
        "type": "Point",
        "coordinates": [-84.519860085656944, 39.080750114522985]
      },
      "properties": {
        "OBJECTID": 409,
        "Receiver": "B06802",
        "DU": 2,
        "FrontRow": "No",
        "Existing": 68.5,
        "Proposed": 68.3000031,
        "Impact": "Yes",
        "Barrier": 62,
        "Benefited": "Yes",
        "ELEVATION": 509.67099,
        "Section": "NSAB",
        "Reduction": 7.8000030517578125,
        "x": 5270501.6699425578,
        "y": 4283589.4699756503,
        "MapSection": null,
        "Latitude": 39.080742610000001,
        "Longitude": -84.519855500000006
      }
    },
    {
      "type": "Feature",
      "id": 410,
      "geometry": {
        "type": "Point",
        "coordinates": [-84.519643080411257, 39.080668157687967]
      },
      "properties": {
        "OBJECTID": 410,
        "Receiver": "B06901",
        "DU": 1,
        "FrontRow": "No",
        "Existing": 68.1999969,
        "Proposed": 64.1999969,
        "Impact": "No",
        "Barrier": 59.2000008,
        "Benefited": "Yes",
        "ELEVATION": 513.374023,
        "Section": "NSAB",
        "Reduction": 7.2000045776367188,
        "x": 5270563.6701466441,
        "y": 4283560.4300074726,
        "MapSection": null,
        "Latitude": 39.080660649999999,
        "Longitude": -84.519638499999999
      }
    },
    {
      "type": "Feature",
      "id": 411,
      "geometry": {
        "type": "Point",
        "coordinates": [-84.519672271409277, 39.080539696843871]
      },
      "properties": {
        "OBJECTID": 411,
        "Receiver": "B07004",
        "DU": 4,
        "FrontRow": "No",
        "Existing": 68.3000031,
        "Proposed": 68,
        "Impact": "Yes",
        "Barrier": 60.7000008,
        "Benefited": "Yes",
        "ELEVATION": 513.271973,
        "Section": "NSAB",
        "Reduction": 7.2999992370605469,
        "x": 5270555.9998863935,
        "y": 4283513.5298388153,
        "MapSection": null,
        "Latitude": 39.08053219,
        "Longitude": -84.519667690000006
      }
    },
    {
      "type": "Feature",
      "id": 412,
      "geometry": {
        "type": "Point",
        "coordinates": [-84.519732530661415, 39.080425722782842]
      },
      "properties": {
        "OBJECTID": 412,
        "Receiver": "B07103",
        "DU": 3,
        "FrontRow": "No",
        "Existing": 68.4000015,
        "Proposed": 63.5,
        "Impact": "No",
        "Barrier": 58.5,
        "Benefited": "Yes",
        "ELEVATION": 511.686005,
        "Section": "NSAB",
        "Reduction": 7.2999992370605469,
        "x": 5270539.4398801327,
        "y": 4283471.7900929004,
        "MapSection": null,
        "Latitude": 39.080418219999999,
        "Longitude": -84.519727950000004
      }
    },
    {
      "type": "Feature",
      "id": 413,
      "geometry": {
        "type": "Point",
        "coordinates": [-84.519726786238806, 39.0803842347825]
      },
      "properties": {
        "OBJECTID": 413,
        "Receiver": "B07202",
        "DU": 2,
        "FrontRow": "No",
        "Existing": 68.4000015,
        "Proposed": 68.0999985,
        "Impact": "Yes",
        "Barrier": 60.7999992,
        "Benefited": "Yes",
        "ELEVATION": 511.309998,
        "Section": "NSAB",
        "Reduction": 7.2999992370605469,
        "x": 5270541.2699289769,
        "y": 4283456.6998999715,
        "MapSection": null,
        "Latitude": 39.080376729999998,
        "Longitude": -84.519722200000004
      }
    },
    {
      "type": "Feature",
      "id": 414,
      "geometry": {
        "type": "Point",
        "coordinates": [-84.519672633669629, 39.080293381253796]
      },
      "properties": {
        "OBJECTID": 414,
        "Receiver": "B07302",
        "DU": 2,
        "FrontRow": "No",
        "Existing": 68.4000015,
        "Proposed": 64.3000031,
        "Impact": "No",
        "Barrier": 59.4000015,
        "Benefited": "Yes",
        "ELEVATION": 512.724976,
        "Section": "NSAB",
        "Reduction": 7.2000007629394531,
        "x": 5270557.0799367279,
        "y": 4283423.8098738939,
        "MapSection": null,
        "Latitude": 39.080285869999997,
        "Longitude": -84.519668050000007
      }
    },
    {
      "type": "Feature",
      "id": 415,
      "geometry": {
        "type": "Point",
        "coordinates": [-84.51984090803181, 39.080099142606883]
      },
      "properties": {
        "OBJECTID": 415,
        "Receiver": "B07402",
        "DU": 2,
        "FrontRow": "No",
        "Existing": 68.9000015,
        "Proposed": 68.8000031,
        "Impact": "Yes",
        "Barrier": 62.5,
        "Benefited": "Yes",
        "ELEVATION": 511.998993,
        "Section": "NSAB",
        "Reduction": 7.3999977111816406,
        "x": 5270510.2401353866,
        "y": 4283352.4300953895,
        "MapSection": null,
        "Latitude": 39.080091639999999,
        "Longitude": -84.519836319999996
      }
    },
    {
      "type": "Feature",
      "id": 416,
      "geometry": {
        "type": "Point",
        "coordinates": [-84.519623147222688, 39.080005811637591]
      },
      "properties": {
        "OBJECTID": 416,
        "Receiver": "B07502",
        "DU": 2,
        "FrontRow": "No",
        "Existing": 68.8000031,
        "Proposed": 66.1999969,
        "Impact": "Yes",
        "Barrier": 61.2999992,
        "Benefited": "Yes",
        "ELEVATION": 516.387024,
        "Section": "NSAB",
        "Reduction": 7,
        "x": 5270572.5100239664,
        "y": 4283319.2500436455,
        "MapSection": null,
        "Latitude": 39.0799983,
        "Longitude": -84.519618559999998
      }
    },
    {
      "type": "Feature",
      "id": 417,
      "geometry": {
        "type": "Point",
        "coordinates": [-84.519673750941564, 39.079910818470864]
      },
      "properties": {
        "OBJECTID": 417,
        "Receiver": "B07601",
        "DU": 1,
        "FrontRow": "No",
        "Existing": 69,
        "Proposed": 66.0999985,
        "Impact": "Yes",
        "Barrier": 60.7000008,
        "Benefited": "Yes",
        "ELEVATION": 515.705994,
        "Section": "NSAB",
        "Reduction": 7.0999984741210938,
        "x": 5270558.5999467969,
        "y": 4283284.4600869715,
        "MapSection": null,
        "Latitude": 39.079903309999999,
        "Longitude": -84.51966917
      }
    },
    {
      "type": "Feature",
      "id": 418,
      "geometry": {
        "type": "Point",
        "coordinates": [-84.519774035677159, 39.079427528386546]
      },
      "properties": {
        "OBJECTID": 418,
        "Receiver": "B07701-F",
        "DU": 1,
        "FrontRow": "Yes",
        "Existing": 67.6999969,
        "Proposed": 69.9000015,
        "Impact": "Yes",
        "Barrier": 67,
        "Benefited": "Yes",
        "ELEVATION": 517.755005,
        "Section": "NSAB",
        "Reduction": 7.6000022888183594,
        "x": 5270532.4500647187,
        "y": 4283108.0500067323,
        "MapSection": null,
        "Latitude": 39.079420020000001,
        "Longitude": -84.519769449999998
      }
    },
    {
      "type": "Feature",
      "id": 419,
      "geometry": {
        "type": "Point",
        "coordinates": [-84.519865613958032, 39.079315247824823]
      },
      "properties": {
        "OBJECTID": 419,
        "Receiver": "B07801-F",
        "DU": 1,
        "FrontRow": "Yes",
        "Existing": 67.1999969,
        "Proposed": 69.5999985,
        "Impact": "Yes",
        "Barrier": 66.5,
        "Benefited": "Yes",
        "ELEVATION": 510.984985,
        "Section": "NSAB",
        "Reduction": 8.5,
        "x": 5270506.9901418835,
        "y": 4283066.8099317253,
        "MapSection": null,
        "Latitude": 39.079307739999997,
        "Longitude": -84.519861030000001
      }
    },
    {
      "type": "Feature",
      "id": 420,
      "geometry": {
        "type": "Point",
        "coordinates": [-84.519824840869404, 39.079237298698999]
      },
      "properties": {
        "OBJECTID": 420,
        "Receiver": "B07901-F",
        "DU": 1,
        "FrontRow": "Yes",
        "Existing": 67.8000031,
        "Proposed": 69.5,
        "Impact": "Yes",
        "Barrier": 66.4000015,
        "Benefited": "Yes",
        "ELEVATION": 510.127991,
        "Section": "NSAB",
        "Reduction": 8.4999961853027344,
        "x": 5270518.9399211407,
        "y": 4283038.5701588094,
        "MapSection": null,
        "Latitude": 39.079229789999999,
        "Longitude": -84.519820260000003
      }
    },
    {
      "type": "Feature",
      "id": 421,
      "geometry": {
        "type": "Point",
        "coordinates": [-84.519798957220402, 39.0791557131856]
      },
      "properties": {
        "OBJECTID": 421,
        "Receiver": "B08001-F",
        "DU": 1,
        "FrontRow": "Yes",
        "Existing": 68,
        "Proposed": 68.9000015,
        "Impact": "Yes",
        "Barrier": 66.3000031,
        "Benefited": "Yes",
        "ELEVATION": 508.524994,
        "Section": "NSAB",
        "Reduction": 8.0999984741210938,
        "x": 5270526.6800631434,
        "y": 4283008.9501393139,
        "MapSection": null,
        "Latitude": 39.07914821,
        "Longitude": -84.51979437
      }
    },
    {
      "type": "Feature",
      "id": 422,
      "geometry": {
        "type": "Point",
        "coordinates": [-84.519710443590995, 39.079103490954303]
      },
      "properties": {
        "OBJECTID": 422,
        "Receiver": "B08101-F",
        "DU": 1,
        "FrontRow": "Yes",
        "Existing": 67.5,
        "Proposed": 67.5999985,
        "Impact": "Yes",
        "Barrier": 65.4000015,
        "Benefited": "Yes",
        "ELEVATION": 501.692993,
        "Section": "NSAB",
        "Reduction": 7.5000038146972656,
        "x": 5270552.0599336326,
        "y": 4282990.2598879784,
        "MapSection": null,
        "Latitude": 39.079095979999998,
        "Longitude": -84.519705860000002
      }
    },
    {
      "type": "Feature",
      "id": 423,
      "geometry": {
        "type": "Point",
        "coordinates": [-84.519633323620283, 39.078979456274745]
      },
      "properties": {
        "OBJECTID": 423,
        "Receiver": "B08201-F",
        "DU": 1,
        "FrontRow": "Yes",
        "Existing": 66.9000015,
        "Proposed": 67.5999985,
        "Impact": "Yes",
        "Barrier": 65.5,
        "Benefited": "Yes",
        "ELEVATION": 500.927002,
        "Section": "NSAB",
        "Reduction": 7.3000030517578125,
        "x": 5270574.550046131,
        "y": 4282945.3698858917,
        "MapSection": null,
        "Latitude": 39.078971950000003,
        "Longitude": -84.519628740000002
      }
    },
    {
      "type": "Feature",
      "id": 424,
      "geometry": {
        "type": "Point",
        "coordinates": [-84.519579044245774, 39.078873282630113]
      },
      "properties": {
        "OBJECTID": 424,
        "Receiver": "B08301-F",
        "DU": 1,
        "FrontRow": "Yes",
        "Existing": 66.9000015,
        "Proposed": 67.5999985,
        "Impact": "Yes",
        "Barrier": 65.6999969,
        "Benefited": "Yes",
        "ELEVATION": 499.640991,
        "Section": "NSAB",
        "Reduction": 7.4000015258789062,
        "x": 5270590.4699618071,
        "y": 4282906.9001465589,
        "MapSection": null,
        "Latitude": 39.078865780000001,
        "Longitude": -84.519574460000001
      }
    },
    {
      "type": "Feature",
      "id": 425,
      "geometry": {
        "type": "Point",
        "coordinates": [-84.519449148064751, 39.07867087254899]
      },
      "properties": {
        "OBJECTID": 425,
        "Receiver": "B08401-F",
        "DU": 1,
        "FrontRow": "Yes",
        "Existing": 67,
        "Proposed": 67.8000031,
        "Impact": "Yes",
        "Barrier": 66.0999985,
        "Benefited": "Yes",
        "ELEVATION": 499.873993,
        "Section": "NSAB",
        "Reduction": 7.1999969482421875,
        "x": 5270628.3199517131,
        "y": 4282833.6601355672,
        "MapSection": null,
        "Latitude": 39.078663370000001,
        "Longitude": -84.519444559999997
      }
    },
    {
      "type": "Feature",
      "id": 426,
      "geometry": {
        "type": "Point",
        "coordinates": [-84.519399118544968, 39.078573774087673]
      },
      "properties": {
        "OBJECTID": 426,
        "Receiver": "B08501-F",
        "DU": 1,
        "FrontRow": "Yes",
        "Existing": 66.9000015,
        "Proposed": 68,
        "Impact": "Yes",
        "Barrier": 66.5,
        "Benefited": "Yes",
        "ELEVATION": 500.959991,
        "Section": "NSAB",
        "Reduction": 6.9000015258789062,
        "x": 5270642.9898698926,
        "y": 4282798.4800878167,
        "MapSection": null,
        "Latitude": 39.078566270000003,
        "Longitude": -84.51939453
      }
    },
    {
      "type": "Feature",
      "id": 427,
      "geometry": {
        "type": "Point",
        "coordinates": [-84.519331285634792, 39.078515065400126]
      },
      "properties": {
        "OBJECTID": 427,
        "Receiver": "B08601-F",
        "DU": 1,
        "FrontRow": "Yes",
        "Existing": 66.6999969,
        "Proposed": 68.6999969,
        "Impact": "Yes",
        "Barrier": 67.3000031,
        "Benefited": "Yes",
        "ELEVATION": 507.931,
        "Section": "NSAB",
        "Reduction": 6.2000007629394531,
        "x": 5270662.5298570544,
        "y": 4282777.3498807251,
        "MapSection": null,
        "Latitude": 39.078507559999998,
        "Longitude": -84.519326699999993
      }
    },
    {
      "type": "Feature",
      "id": 428,
      "geometry": {
        "type": "Point",
        "coordinates": [-84.519315019264383, 39.078447992062102]
      },
      "properties": {
        "OBJECTID": 428,
        "Receiver": "B08701-F",
        "DU": 1,
        "FrontRow": "Yes",
        "Existing": 66.9000015,
        "Proposed": 69,
        "Impact": "Yes",
        "Barrier": 67.5999985,
        "Benefited": "Yes",
        "ELEVATION": 509.584991,
        "Section": "NSAB",
        "Reduction": 6.0999984741210938,
        "x": 5270667.4701358825,
        "y": 4282752.9798507243,
        "MapSection": null,
        "Latitude": 39.078440489999998,
        "Longitude": -84.519310430000004
      }
    },
    {
      "type": "Feature",
      "id": 429,
      "geometry": {
        "type": "Point",
        "coordinates": [-84.519150429922306, 39.078212307825481]
      },
      "properties": {
        "OBJECTID": 429,
        "Receiver": "B08801-F",
        "DU": 1,
        "FrontRow": "Yes",
        "Existing": 66.6999969,
        "Proposed": 69.1999969,
        "Impact": "Yes",
        "Barrier": 67.8000031,
        "Benefited": "Yes",
        "ELEVATION": 511.704987,
        "Section": "NSAB",
        "Reduction": 5.0999984741210938,
        "x": 5270715.3299483061,
        "y": 4282667.7500343174,
        "MapSection": null,
        "Latitude": 39.078204800000002,
        "Longitude": -84.519145850000001
      }
    },
    {
      "type": "Feature",
      "id": 430,
      "geometry": {
        "type": "Point",
        "coordinates": [-84.519048057901131, 39.078071567564329]
      },
      "properties": {
        "OBJECTID": 430,
        "Receiver": "B08901-F",
        "DU": 1,
        "FrontRow": "Yes",
        "Existing": 68.3000031,
        "Proposed": 69.0999985,
        "Impact": "Yes",
        "Barrier": 67.5999985,
        "Benefited": "No",
        "ELEVATION": 510.016998,
        "Section": "NSAB",
        "Reduction": 4.4000015258789062,
        "x": 5270745.0700463057,
        "y": 4282616.8698867261,
        "MapSection": null,
        "Latitude": 39.078064060000003,
        "Longitude": -84.51904347
      }
    },
    {
      "type": "Feature",
      "id": 431,
      "geometry": {
        "type": "Point",
        "coordinates": [-84.517581713386463, 39.076604451992608]
      },
      "properties": {
        "OBJECTID": 431,
        "Receiver": "B09001-F",
        "DU": 1,
        "FrontRow": "Yes",
        "Existing": 67.9000015,
        "Proposed": 0,
        "Impact": "No",
        "Barrier": 0,
        "Benefited": "No",
        "ELEVATION": 518.849976,
        "Section": "NSAB",
        "Reduction": 0,
        "x": 5271168.4300919771,
        "y": 4282087.9798683971,
        "MapSection": null,
        "Latitude": 39.076596950000003,
        "Longitude": -84.517577130000006
      }
    },
    {
      "type": "Feature",
      "id": 432,
      "geometry": {
        "type": "Point",
        "coordinates": [-84.517463026109866, 39.076582997046621]
      },
      "properties": {
        "OBJECTID": 432,
        "Receiver": "B09101",
        "DU": 1,
        "FrontRow": "No",
        "Existing": 67,
        "Proposed": 0,
        "Impact": "No",
        "Barrier": 0,
        "Benefited": "No",
        "ELEVATION": 519.054993,
        "Section": "NSAB",
        "Reduction": 0,
        "x": 5271202.229893133,
        "y": 4282080.6101324707,
        "MapSection": null,
        "Latitude": 39.076575490000003,
        "Longitude": -84.517458439999999
      }
    },
    {
      "type": "Feature",
      "id": 433,
      "geometry": {
        "type": "Point",
        "coordinates": [-84.517393311414494, 39.076558613521883]
      },
      "properties": {
        "OBJECTID": 433,
        "Receiver": "B09201",
        "DU": 1,
        "FrontRow": "No",
        "Existing": 67.1999969,
        "Proposed": 0,
        "Impact": "No",
        "Barrier": 0,
        "Benefited": "No",
        "ELEVATION": 519.098999,
        "Section": "NSAB",
        "Reduction": 0,
        "x": 5271222.1399583071,
        "y": 4282071.9900709838,
        "MapSection": null,
        "Latitude": 39.076551109999997,
        "Longitude": -84.517388729999993
      }
    },
    {
      "type": "Feature",
      "id": 434,
      "geometry": {
        "type": "Point",
        "coordinates": [-84.519444430325606, 39.083694425739338]
      },
      "properties": {
        "OBJECTID": 434,
        "Receiver": "B09302",
        "DU": 2,
        "FrontRow": "No",
        "Existing": 67,
        "Proposed": 63.0999985,
        "Impact": "No",
        "Barrier": 61,
        "Benefited": "No",
        "ELEVATION": 521.655029,
        "Section": "NSAB",
        "Reduction": 4.2999992370605469,
        "x": 5270605.5299710482,
        "y": 4284663.4701242298,
        "MapSection": null,
        "Latitude": 39.083686919999998,
        "Longitude": -84.519439849999998
      }
    },
    {
      "type": "Feature",
      "id": 435,
      "geometry": {
        "type": "Point",
        "coordinates": [-84.51927665986112, 39.083687594225054]
      },
      "properties": {
        "OBJECTID": 435,
        "Receiver": "B09402",
        "DU": 2,
        "FrontRow": "No",
        "Existing": 67.1999969,
        "Proposed": 62.4000015,
        "Impact": "No",
        "Barrier": 60.4000015,
        "Benefited": "No",
        "ELEVATION": 520.619019,
        "Section": "NSAB",
        "Reduction": 4.3999977111816406,
        "x": 5270653.1899807155,
        "y": 4284661.6098917276,
        "MapSection": null,
        "Latitude": 39.083680090000001,
        "Longitude": -84.51927207
      }
    },
    {
      "type": "Feature",
      "id": 436,
      "geometry": {
        "type": "Point",
        "coordinates": [-84.519457304621753, 39.083025114825993]
      },
      "properties": {
        "OBJECTID": 436,
        "Receiver": "B09502",
        "DU": 2,
        "FrontRow": "No",
        "Existing": 67.8000031,
        "Proposed": 62.4000015,
        "Impact": "No",
        "Barrier": 59.7000008,
        "Benefited": "No",
        "ELEVATION": 522.362976,
        "Section": "NSAB",
        "Reduction": 4.9000015258789062,
        "x": 5270605.0900112987,
        "y": 4284419.6300607324,
        "MapSection": null,
        "Latitude": 39.083017609999999,
        "Longitude": -84.519452720000004
      }
    },
    {
      "type": "Feature",
      "id": 437,
      "geometry": {
        "type": "Point",
        "coordinates": [-84.519540593733737, 39.082942949045695]
      },
      "properties": {
        "OBJECTID": 437,
        "Receiver": "B09602",
        "DU": 2,
        "FrontRow": "No",
        "Existing": 67.6999969,
        "Proposed": 61.7999992,
        "Impact": "No",
        "Barrier": 58.9000015,
        "Benefited": "Yes",
        "ELEVATION": 521.719971,
        "Section": "NSAB",
        "Reduction": 5,
        "x": 5270581.8400578052,
        "y": 4284389.3899637312,
        "MapSection": null,
        "Latitude": 39.08293544,
        "Longitude": -84.519536009999996
      }
    },
    {
      "type": "Feature",
      "id": 438,
      "geometry": {
        "type": "Point",
        "coordinates": [-84.51933489863022, 39.083089526891058]
      },
      "properties": {
        "OBJECTID": 438,
        "Receiver": "B09702",
        "DU": 2,
        "FrontRow": "No",
        "Existing": 67.5999985,
        "Proposed": 62.2999992,
        "Impact": "No",
        "Barrier": 59.7000008,
        "Benefited": "No",
        "ELEVATION": 521.963013,
        "Section": "NSAB",
        "Reduction": 4.9000015258789062,
        "x": 5270639.5299030542,
        "y": 4284443.5499603897,
        "MapSection": null,
        "Latitude": 39.083082019999999,
        "Longitude": -84.519330310000001
      }
    },
    {
      "type": "Feature",
      "id": 439,
      "geometry": {
        "type": "Point",
        "coordinates": [-84.519122865866862, 39.08311927625364]
      },
      "properties": {
        "OBJECTID": 439,
        "Receiver": "B09801",
        "DU": 1,
        "FrontRow": "No",
        "Existing": 67.3000031,
        "Proposed": 61.9000015,
        "Impact": "No",
        "Barrier": 59.4000015,
        "Benefited": "No",
        "ELEVATION": 521.234985,
        "Section": "NSAB",
        "Reduction": 4.9000015258789062,
        "x": 5270699.5799798071,
        "y": 4284455.1798583865,
        "MapSection": null,
        "Latitude": 39.083111770000002,
        "Longitude": -84.519118280000001
      }
    },
    {
      "type": "Feature",
      "id": 440,
      "geometry": {
        "type": "Point",
        "coordinates": [-84.519086964277847, 39.083071823489519]
      },
      "properties": {
        "OBJECTID": 440,
        "Receiver": "B09901",
        "DU": 1,
        "FrontRow": "No",
        "Existing": 67.4000015,
        "Proposed": 62.2000008,
        "Impact": "No",
        "Barrier": 59.5,
        "Benefited": "No",
        "ELEVATION": 522.06897,
        "Section": "NSAB",
        "Reduction": 4.7999954223632812,
        "x": 5270709.9999064654,
        "y": 4284438.0299583077,
        "MapSection": null,
        "Latitude": 39.083064319999998,
        "Longitude": -84.51908238
      }
    },
    {
      "type": "Feature",
      "id": 441,
      "geometry": {
        "type": "Point",
        "coordinates": [-84.519120749319569, 39.083002876124553]
      },
      "properties": {
        "OBJECTID": 441,
        "Receiver": "B10001",
        "DU": 1,
        "FrontRow": "No",
        "Existing": 67.3000031,
        "Proposed": 64.9000015,
        "Impact": "No",
        "Barrier": 60,
        "Benefited": "No",
        "ELEVATION": 521.989014,
        "Section": "NSAB",
        "Reduction": 4.9000015258789062,
        "x": 5270700.7400824726,
        "y": 4284412.7898513079,
        "MapSection": null,
        "Latitude": 39.082995369999999,
        "Longitude": -84.519116159999996
      }
    },
    {
      "type": "Feature",
      "id": 442,
      "geometry": {
        "type": "Point",
        "coordinates": [-84.519075744587909, 39.082947971733525]
      },
      "properties": {
        "OBJECTID": 442,
        "Receiver": "B10101",
        "DU": 1,
        "FrontRow": "No",
        "Existing": 67.3000031,
        "Proposed": 62.0999985,
        "Impact": "No",
        "Barrier": 59.2000008,
        "Benefited": "No",
        "ELEVATION": 522.19397,
        "Section": "NSAB",
        "Reduction": 4.9000015258789062,
        "x": 5270713.780082643,
        "y": 4284392.9598384798,
        "MapSection": null,
        "Latitude": 39.082940460000003,
        "Longitude": -84.519071159999996
      }
    },
    {
      "type": "Feature",
      "id": 443,
      "geometry": {
        "type": "Point",
        "coordinates": [-84.518998054784973, 39.082886582017004]
      },
      "properties": {
        "OBJECTID": 443,
        "Receiver": "B10201",
        "DU": 1,
        "FrontRow": "No",
        "Existing": 67.3000031,
        "Proposed": 62,
        "Impact": "No",
        "Barrier": 59.0999985,
        "Benefited": "Yes",
        "ELEVATION": 522.424988,
        "Section": "NSAB",
        "Reduction": 5,
        "x": 5270736.1301035583,
        "y": 4284370.8900007308,
        "MapSection": null,
        "Latitude": 39.082879069999997,
        "Longitude": -84.518993469999998
      }
    },
    {
      "type": "Feature",
      "id": 444,
      "geometry": {
        "type": "Point",
        "coordinates": [-84.519058828587561, 39.082811076529012]
      },
      "properties": {
        "OBJECTID": 444,
        "Receiver": "B10301",
        "DU": 1,
        "FrontRow": "No",
        "Existing": 67.4000015,
        "Proposed": 64.9000015,
        "Impact": "No",
        "Barrier": 59.9000015,
        "Benefited": "Yes",
        "ELEVATION": 523.205994,
        "Section": "NSAB",
        "Reduction": 5,
        "x": 5270719.240045473,
        "y": 4284343.1600693166,
        "MapSection": null,
        "Latitude": 39.082803570000003,
        "Longitude": -84.519054240000003
      }
    },
    {
      "type": "Feature",
      "id": 445,
      "geometry": {
        "type": "Point",
        "coordinates": [-84.518954856313613, 39.082710431312904]
      },
      "properties": {
        "OBJECTID": 445,
        "Receiver": "B10405",
        "DU": 5,
        "FrontRow": "No",
        "Existing": 67.4000015,
        "Proposed": 62.7000008,
        "Impact": "No",
        "Barrier": 59.7000008,
        "Benefited": "Yes",
        "ELEVATION": 523.29303,
        "Section": "NSAB",
        "Reduction": 5,
        "x": 5270749.239985466,
        "y": 4284306.8901287317,
        "MapSection": null,
        "Latitude": 39.082702920000003,
        "Longitude": -84.518950270000005
      }
    },
    {
      "type": "Feature",
      "id": 446,
      "geometry": {
        "type": "Point",
        "coordinates": [-84.519491089160113, 39.082298309908985]
      },
      "properties": {
        "OBJECTID": 446,
        "Receiver": "B10502",
        "DU": 2,
        "FrontRow": "No",
        "Existing": 67.5,
        "Proposed": 65.1999969,
        "Impact": "No",
        "Barrier": 61.7999992,
        "Benefited": "Yes",
        "ELEVATION": 527.005981,
        "Section": "NSAB",
        "Reduction": 5.3000030517578125,
        "x": 5270598.989957884,
        "y": 4284154.7700261474,
        "MapSection": null,
        "Latitude": 39.082290800000003,
        "Longitude": -84.519486499999999
      }
    },
    {
      "type": "Feature",
      "id": 447,
      "geometry": {
        "type": "Point",
        "coordinates": [-84.519339186147619, 39.082288594360598]
      },
      "properties": {
        "OBJECTID": 447,
        "Receiver": "B10601",
        "DU": 1,
        "FrontRow": "No",
        "Existing": 67.8000031,
        "Proposed": 64.8000031,
        "Impact": "No",
        "Barrier": 61.4000015,
        "Benefited": "Yes",
        "ELEVATION": 526.424988,
        "Section": "NSAB",
        "Reduction": 5.5,
        "x": 5270642.1601471305,
        "y": 4284151.7998877317,
        "MapSection": null,
        "Latitude": 39.082281090000002,
        "Longitude": -84.519334599999993
      }
    },
    {
      "type": "Feature",
      "id": 448,
      "geometry": {
        "type": "Point",
        "coordinates": [-84.519061545556042, 39.082521490196363]
      },
      "properties": {
        "OBJECTID": 448,
        "Receiver": "B10701",
        "DU": 1,
        "FrontRow": "No",
        "Existing": 67,
        "Proposed": 63.2000008,
        "Impact": "No",
        "Barrier": 59.9000015,
        "Benefited": "Yes",
        "ELEVATION": 523.797974,
        "Section": "NSAB",
        "Reduction": 5.4000015258789062,
        "x": 5270719.8601229638,
        "y": 4284237.6701228172,
        "MapSection": null,
        "Latitude": 39.082513980000002,
        "Longitude": -84.51905696
      }
    },
    {
      "type": "Feature",
      "id": 449,
      "geometry": {
        "type": "Point",
        "coordinates": [-84.519110435787155, 39.082438366646954]
      },
      "properties": {
        "OBJECTID": 449,
        "Receiver": "B10801",
        "DU": 1,
        "FrontRow": "No",
        "Existing": 67.0999985,
        "Proposed": 65.5,
        "Impact": "No",
        "Barrier": 60.0999985,
        "Benefited": "Yes",
        "ELEVATION": 523.948975,
        "Section": "NSAB",
        "Reduction": 5.4000015258789062,
        "x": 5270706.3801630586,
        "y": 4284207.2098818868,
        "MapSection": null,
        "Latitude": 39.082430860000002,
        "Longitude": -84.519105850000003
      }
    },
    {
      "type": "Feature",
      "id": 450,
      "geometry": {
        "type": "Point",
        "coordinates": [-84.519021373026604, 39.082380895258396]
      },
      "properties": {
        "OBJECTID": 450,
        "Receiver": "B10901",
        "DU": 1,
        "FrontRow": "No",
        "Existing": 67,
        "Proposed": 63.4000015,
        "Impact": "No",
        "Barrier": 59.7000008,
        "Benefited": "Yes",
        "ELEVATION": 523.505981,
        "Section": "NSAB",
        "Reduction": 5.3999977111816406,
        "x": 5270731.940151304,
        "y": 4284186.6098574698,
        "MapSection": null,
        "Latitude": 39.082373390000001,
        "Longitude": -84.519016789999995
      }
    },
    {
      "type": "Feature",
      "id": 451,
      "geometry": {
        "type": "Point",
        "coordinates": [-84.51913071078225, 39.082131225448748]
      },
      "properties": {
        "OBJECTID": 451,
        "Receiver": "B11004",
        "DU": 1,
        "FrontRow": "No",
        "Existing": 66.9000015,
        "Proposed": 64,
        "Impact": "No",
        "Barrier": 60.4000015,
        "Benefited": "Yes",
        "ELEVATION": 522.674011,
        "Section": "NSAB",
        "Reduction": 5.5999984741210938,
        "x": 5270702.0999878943,
        "y": 4284095.2599745542,
        "MapSection": null,
        "Latitude": 39.082123719999998,
        "Longitude": -84.519126130000004
      }
    },
    {
      "type": "Feature",
      "id": 452,
      "geometry": {
        "type": "Point",
        "coordinates": [-84.519422620656925, 39.081937626183198]
      },
      "properties": {
        "OBJECTID": 452,
        "Receiver": "B11102",
        "DU": 2,
        "FrontRow": "No",
        "Existing": 67,
        "Proposed": 67.1999969,
        "Impact": "Yes",
        "Barrier": 63,
        "Benefited": "Yes",
        "ELEVATION": 521.78302,
        "Section": "NSAB",
        "Reduction": 6.4999961853027344,
        "x": 5270620.1598630548,
        "y": 4284023.6498815566,
        "MapSection": null,
        "Latitude": 39.081930120000003,
        "Longitude": -84.519418040000005
      }
    },
    {
      "type": "Feature",
      "id": 453,
      "geometry": {
        "type": "Point",
        "coordinates": [-84.519545776579477, 39.081824600469538]
      },
      "properties": {
        "OBJECTID": 453,
        "Receiver": "B11201",
        "DU": 1,
        "FrontRow": "No",
        "Existing": 66.9000015,
        "Proposed": 67.1999969,
        "Impact": "Yes",
        "Barrier": 63,
        "Benefited": "Yes",
        "ELEVATION": 513.997009,
        "Section": "NSAB",
        "Reduction": 6.4999961853027344,
        "x": 5270585.7399843931,
        "y": 4283982.0200435668,
        "MapSection": null,
        "Latitude": 39.081817090000001,
        "Longitude": -84.519541189999998
      }
    },
    {
      "type": "Feature",
      "id": 454,
      "geometry": {
        "type": "Point",
        "coordinates": [-84.51945872811163, 39.081825078545606]
      },
      "properties": {
        "OBJECTID": 454,
        "Receiver": "B11301",
        "DU": 1,
        "FrontRow": "No",
        "Existing": 67,
        "Proposed": 67.1999969,
        "Impact": "Yes",
        "Barrier": 63,
        "Benefited": "Yes",
        "ELEVATION": 515.265015,
        "Section": "NSAB",
        "Reduction": 6.4999961853027344,
        "x": 5270610.4499087185,
        "y": 4283982.5200425535,
        "MapSection": null,
        "Latitude": 39.081817569999998,
        "Longitude": -84.519454139999993
      }
    },
    {
      "type": "Feature",
      "id": 455,
      "geometry": {
        "type": "Point",
        "coordinates": [-84.519359788652679, 39.081787190364402]
      },
      "properties": {
        "OBJECTID": 455,
        "Receiver": "B11401",
        "DU": 1,
        "FrontRow": "No",
        "Existing": 67.0999985,
        "Proposed": 67.1999969,
        "Impact": "Yes",
        "Barrier": 63,
        "Benefited": "Yes",
        "ELEVATION": 515.187012,
        "Section": "NSAB",
        "Reduction": 6.4999961853027344,
        "x": 5270638.7198653072,
        "y": 4283969.0899513066,
        "MapSection": null,
        "Latitude": 39.081779679999997,
        "Longitude": -84.519355200000007
      }
    },
    {
      "type": "Feature",
      "id": 456,
      "geometry": {
        "type": "Point",
        "coordinates": [-84.519377557965925, 39.081274061165935]
      },
      "properties": {
        "OBJECTID": 456,
        "Receiver": "B11502",
        "DU": 2,
        "FrontRow": "No",
        "Existing": 67.1999969,
        "Proposed": 65.4000015,
        "Impact": "No",
        "Barrier": 59.2999992,
        "Benefited": "Yes",
        "ELEVATION": 513.273987,
        "Section": "NSAB",
        "Reduction": 6.5999984741210938,
        "x": 5270636.1401460469,
        "y": 4283782.1198528111,
        "MapSection": null,
        "Latitude": 39.081266550000002,
        "Longitude": -84.519372970000006
      }
    },
    {
      "type": "Feature",
      "id": 457,
      "geometry": {
        "type": "Point",
        "coordinates": [-84.519330634212821, 39.081141112474349]
      },
      "properties": {
        "OBJECTID": 457,
        "Receiver": "B11601",
        "DU": 1,
        "FrontRow": "No",
        "Existing": 67.3000031,
        "Proposed": 59.2999992,
        "Impact": "No",
        "Barrier": 54.5999985,
        "Benefited": "Yes",
        "ELEVATION": 513.375977,
        "Section": "NSAB",
        "Reduction": 6.5999984741210938,
        "x": 5270650.1000918895,
        "y": 4283733.869949311,
        "MapSection": null,
        "Latitude": 39.081133610000002,
        "Longitude": -84.519326050000004
      }
    },
    {
      "type": "Feature",
      "id": 458,
      "geometry": {
        "type": "Point",
        "coordinates": [-84.519296238267387, 39.080992231657994]
      },
      "properties": {
        "OBJECTID": 458,
        "Receiver": "B11701",
        "DU": 1,
        "FrontRow": "No",
        "Existing": 68.1999969,
        "Proposed": 59.5,
        "Impact": "No",
        "Barrier": 54.7999992,
        "Benefited": "Yes",
        "ELEVATION": 514.263977,
        "Section": "NSAB",
        "Reduction": 6.5999984741210938,
        "x": 5270660.5800577998,
        "y": 4283679.7699918896,
        "MapSection": null,
        "Latitude": 39.080984719999996,
        "Longitude": -84.51929165
      }
    },
    {
      "type": "Feature",
      "id": 459,
      "geometry": {
        "type": "Point",
        "coordinates": [-84.519298377103098, 39.080930371861406]
      },
      "properties": {
        "OBJECTID": 459,
        "Receiver": "B11801",
        "DU": 1,
        "FrontRow": "No",
        "Existing": 68.3000031,
        "Proposed": 66.6999969,
        "Impact": "Yes",
        "Barrier": 60.2000008,
        "Benefited": "Yes",
        "ELEVATION": 515.041016,
        "Section": "NSAB",
        "Reduction": 6.4999961853027344,
        "x": 5270660.2700190544,
        "y": 4283657.230010733,
        "MapSection": null,
        "Latitude": 39.080922870000002,
        "Longitude": -84.519293790000006
      }
    },
    {
      "type": "Feature",
      "id": 460,
      "geometry": {
        "type": "Point",
        "coordinates": [-84.519290068216435, 39.080853113015742]
      },
      "properties": {
        "OBJECTID": 460,
        "Receiver": "B11901",
        "DU": 1,
        "FrontRow": "No",
        "Existing": 68.1999969,
        "Proposed": 60.2000008,
        "Impact": "No",
        "Barrier": 57.5,
        "Benefited": "Yes",
        "ELEVATION": 516.763,
        "Section": "NSAB",
        "Reduction": 6.4999961853027344,
        "x": 5270663.0000004768,
        "y": 4283629.1201588064,
        "MapSection": null,
        "Latitude": 39.080845609999997,
        "Longitude": -84.519285479999994
      }
    },
    {
      "type": "Feature",
      "id": 461,
      "geometry": {
        "type": "Point",
        "coordinates": [-84.519282577746779, 39.08078574536232]
      },
      "properties": {
        "OBJECTID": 461,
        "Receiver": "B12001",
        "DU": 1,
        "FrontRow": "No",
        "Existing": 68.3000031,
        "Proposed": 66.6999969,
        "Impact": "Yes",
        "Barrier": 60.2000008,
        "Benefited": "Yes",
        "ELEVATION": 516.575989,
        "Section": "NSAB",
        "Reduction": 6.4999961853027344,
        "x": 5270665.450126797,
        "y": 4283604.6100372225,
        "MapSection": null,
        "Latitude": 39.080778240000001,
        "Longitude": -84.519277990000006
      }
    },
    {
      "type": "Feature",
      "id": 462,
      "geometry": {
        "type": "Point",
        "coordinates": [-84.519280722065972, 39.080730954841769]
      },
      "properties": {
        "OBJECTID": 462,
        "Receiver": "B12101",
        "DU": 1,
        "FrontRow": "No",
        "Existing": 68.5999985,
        "Proposed": 60.5,
        "Impact": "No",
        "Barrier": 57.9000015,
        "Benefited": "Yes",
        "ELEVATION": 517.478027,
        "Section": "NSAB",
        "Reduction": 6.4999961853027344,
        "x": 5270666.2401514649,
        "y": 4283584.6599458903,
        "MapSection": null,
        "Latitude": 39.080723450000001,
        "Longitude": -84.519276140000002
      }
    },
    {
      "type": "Feature",
      "id": 463,
      "geometry": {
        "type": "Point",
        "coordinates": [-84.519354641541042, 39.080461345938453]
      },
      "properties": {
        "OBJECTID": 463,
        "Receiver": "B12201",
        "DU": 1,
        "FrontRow": "No",
        "Existing": 68.6999969,
        "Proposed": 60.7000008,
        "Impact": "No",
        "Barrier": 57.9000015,
        "Benefited": "Yes",
        "ELEVATION": 517.245972,
        "Section": "NSAB",
        "Reduction": 6.5999984741210938,
        "x": 5270646.5499021411,
        "y": 4283486.1801559776,
        "MapSection": null,
        "Latitude": 39.080453839999997,
        "Longitude": -84.519350059999994
      }
    },
    {
      "type": "Feature",
      "id": 464,
      "geometry": {
        "type": "Point",
        "coordinates": [-84.519106411923389, 39.081358688568976]
      },
      "properties": {
        "OBJECTID": 464,
        "Receiver": "B12301",
        "DU": 1,
        "FrontRow": "No",
        "Existing": 68,
        "Proposed": 63,
        "Impact": "No",
        "Barrier": 60.2999992,
        "Benefited": "Yes",
        "ELEVATION": 519.107971,
        "Section": "NSAB",
        "Reduction": 6.0999984741210938,
        "x": 5270712.7098748088,
        "y": 4283813.9600122273,
        "MapSection": null,
        "Latitude": 39.081351179999999,
        "Longitude": -84.519101829999997
      }
    },
    {
      "type": "Feature",
      "id": 465,
      "geometry": {
        "type": "Point",
        "coordinates": [-84.519153304070429, 39.081285346131885]
      },
      "properties": {
        "OBJECTID": 465,
        "Receiver": "B12401",
        "DU": 1,
        "FrontRow": "No",
        "Existing": 68.3000031,
        "Proposed": 66.0999985,
        "Impact": "Yes",
        "Barrier": 59.9000015,
        "Benefited": "Yes",
        "ELEVATION": 518.622986,
        "Section": "NSAB",
        "Reduction": 6.1999969482421875,
        "x": 5270699.7499269694,
        "y": 4283787.0699741393,
        "MapSection": null,
        "Latitude": 39.081277839999998,
        "Longitude": -84.519148720000004
      }
    },
    {
      "type": "Feature",
      "id": 466,
      "geometry": {
        "type": "Point",
        "coordinates": [-84.519101180979703, 39.081216064957523]
      },
      "properties": {
        "OBJECTID": 466,
        "Receiver": "B12501",
        "DU": 1,
        "FrontRow": "No",
        "Existing": 68.5,
        "Proposed": 62.7000008,
        "Impact": "No",
        "Barrier": 59.9000015,
        "Benefited": "Yes",
        "ELEVATION": 519.052979,
        "Section": "NSAB",
        "Reduction": 6.1999969482421875,
        "x": 5270714.8801460564,
        "y": 4283762.0299979746,
        "MapSection": null,
        "Latitude": 39.08120856,
        "Longitude": -84.519096599999997
      }
    },
    {
      "type": "Feature",
      "id": 467,
      "geometry": {
        "type": "Point",
        "coordinates": [-84.519096888756394, 39.081142937606657]
      },
      "properties": {
        "OBJECTID": 467,
        "Receiver": "B12601",
        "DU": 1,
        "FrontRow": "No",
        "Existing": 66.6999969,
        "Proposed": 61.7000008,
        "Impact": "No",
        "Barrier": 59,
        "Benefited": "Yes",
        "ELEVATION": 517.630981,
        "Section": "NSAB",
        "Reduction": 6.2000007629394531,
        "x": 5270716.4500247985,
        "y": 4283735.409972474,
        "MapSection": null,
        "Latitude": 39.081135430000003,
        "Longitude": -84.519092299999997
      }
    },
    {
      "type": "Feature",
      "id": 468,
      "geometry": {
        "type": "Point",
        "coordinates": [-84.519121330566932, 39.081076584594733]
      },
      "properties": {
        "OBJECTID": 468,
        "Receiver": "B12701",
        "DU": 1,
        "FrontRow": "No",
        "Existing": 66.9000015,
        "Proposed": 61.0999985,
        "Impact": "No",
        "Barrier": 58.2999992,
        "Benefited": "Yes",
        "ELEVATION": 516.75,
        "Section": "NSAB",
        "Reduction": 6.2999992370605469,
        "x": 5270709.8299593031,
        "y": 4283711.1498503983,
        "MapSection": null,
        "Latitude": 39.081069079999999,
        "Longitude": -84.519116749999995
      }
    },
    {
      "type": "Feature",
      "id": 469,
      "geometry": {
        "type": "Point",
        "coordinates": [-84.519086265423226, 39.080985982007398]
      },
      "properties": {
        "OBJECTID": 469,
        "Receiver": "B12801",
        "DU": 1,
        "FrontRow": "No",
        "Existing": 66.9000015,
        "Proposed": 61.9000015,
        "Impact": "No",
        "Barrier": 59.2000008,
        "Benefited": "Yes",
        "ELEVATION": 517.945984,
        "Section": "NSAB",
        "Reduction": 6.1999969482421875,
        "x": 5270720.2200303823,
        "y": 4283678.2798373997,
        "MapSection": null,
        "Latitude": 39.080978479999999,
        "Longitude": -84.519081679999999
      }
    },
    {
      "type": "Feature",
      "id": 470,
      "geometry": {
        "type": "Point",
        "coordinates": [-84.519093174139627, 39.080929498154312]
      },
      "properties": {
        "OBJECTID": 470,
        "Receiver": "B12901",
        "DU": 1,
        "FrontRow": "No",
        "Existing": 67.5,
        "Proposed": 62,
        "Impact": "No",
        "Barrier": 59.2999992,
        "Benefited": "Yes",
        "ELEVATION": 518.281006,
        "Section": "NSAB",
        "Reduction": 6.2999954223632812,
        "x": 5270718.5300731361,
        "y": 4283657.6801410615,
        "MapSection": null,
        "Latitude": 39.08092199,
        "Longitude": -84.519088589999996
      }
    },
    {
      "type": "Feature",
      "id": 471,
      "geometry": {
        "type": "Point",
        "coordinates": [-84.519087226225082, 39.08085846777707]
      },
      "properties": {
        "OBJECTID": 471,
        "Receiver": "B13001",
        "DU": 1,
        "FrontRow": "No",
        "Existing": 67.1999969,
        "Proposed": 62.5,
        "Impact": "No",
        "Barrier": 59.7999992,
        "Benefited": "Yes",
        "ELEVATION": 519.133972,
        "Section": "NSAB",
        "Reduction": 6.1999969482421875,
        "x": 5270720.5599247217,
        "y": 4283631.8301271498,
        "MapSection": null,
        "Latitude": 39.080850959999999,
        "Longitude": -84.519082639999993
      }
    },
    {
      "type": "Feature",
      "id": 472,
      "geometry": {
        "type": "Point",
        "coordinates": [-84.519096453807521, 39.080798190476628]
      },
      "properties": {
        "OBJECTID": 472,
        "Receiver": "B13101",
        "DU": 1,
        "FrontRow": "No",
        "Existing": 67,
        "Proposed": 66.3000031,
        "Impact": "Yes",
        "Barrier": 60.0999985,
        "Benefited": "Yes",
        "ELEVATION": 519.814026,
        "Section": "NSAB",
        "Reduction": 6.2000045776367188,
        "x": 5270718.2298768908,
        "y": 4283609.8400136381,
        "MapSection": null,
        "Latitude": 39.08079068,
        "Longitude": -84.519091869999997
      }
    },
    {
      "type": "Feature",
      "id": 473,
      "geometry": {
        "type": "Point",
        "coordinates": [-84.519093590581136, 39.080734247207815]
      },
      "properties": {
        "OBJECTID": 473,
        "Receiver": "B13201",
        "DU": 1,
        "FrontRow": "No",
        "Existing": 66.9000015,
        "Proposed": 63.9000015,
        "Impact": "No",
        "Barrier": 61.0999985,
        "Benefited": "Yes",
        "ELEVATION": 521.10199,
        "Section": "NSAB",
        "Reduction": 6.2000007629394531,
        "x": 5270719.3499533832,
        "y": 4283586.5598764718,
        "MapSection": null,
        "Latitude": 39.080726740000003,
        "Longitude": -84.519089010000002
      }
    },
    {
      "type": "Feature",
      "id": 474,
      "geometry": {
        "type": "Point",
        "coordinates": [-84.519106046677251, 39.080639301659957]
      },
      "properties": {
        "OBJECTID": 474,
        "Receiver": "B13301",
        "DU": 1,
        "FrontRow": "No",
        "Existing": 66.5999985,
        "Proposed": 66.9000015,
        "Impact": "Yes",
        "Barrier": 60.5,
        "Benefited": "Yes",
        "ELEVATION": 524.633972,
        "Section": "NSAB",
        "Reduction": 6.4000015258789062,
        "x": 5270716.2699070573,
        "y": 4283551.9300244749,
        "MapSection": null,
        "Latitude": 39.080631789999998,
        "Longitude": -84.519101460000002
      }
    },
    {
      "type": "Feature",
      "id": 475,
      "geometry": {
        "type": "Point",
        "coordinates": [-84.519092312120222, 39.080574615208036]
      },
      "properties": {
        "OBJECTID": 475,
        "Receiver": "B13401",
        "DU": 1,
        "FrontRow": "No",
        "Existing": 66.1999969,
        "Proposed": 65.5999985,
        "Impact": "No",
        "Barrier": 62.4000015,
        "Benefited": "Yes",
        "ELEVATION": 525.028992,
        "Section": "NSAB",
        "Reduction": 6.4000015258789062,
        "x": 5270720.4798723906,
        "y": 4283528.4199008942,
        "MapSection": null,
        "Latitude": 39.080567109999997,
        "Longitude": -84.519087729999995
      }
    },
    {
      "type": "Feature",
      "id": 476,
      "geometry": {
        "type": "Point",
        "coordinates": [-84.519099698510558, 39.080439918854289]
      },
      "properties": {
        "OBJECTID": 476,
        "Receiver": "B13501",
        "DU": 1,
        "FrontRow": "No",
        "Existing": 65.9000015,
        "Proposed": 65.1999969,
        "Impact": "No",
        "Barrier": 61.9000015,
        "Benefited": "Yes",
        "ELEVATION": 523.112976,
        "Section": "NSAB",
        "Reduction": 6.4000015258789062,
        "x": 5270719.0300721377,
        "y": 4283479.330104053,
        "MapSection": null,
        "Latitude": 39.08043241,
        "Longitude": -84.519095109999995
      }
    },
    {
      "type": "Feature",
      "id": 477,
      "geometry": {
        "type": "Point",
        "coordinates": [-84.519164603891895, 39.080369945647575]
      },
      "properties": {
        "OBJECTID": 477,
        "Receiver": "B13604",
        "DU": 4,
        "FrontRow": "No",
        "Existing": 67.4000015,
        "Proposed": 67.0999985,
        "Impact": "Yes",
        "Barrier": 60.7000008,
        "Benefited": "Yes",
        "ELEVATION": 522.482971,
        "Section": "NSAB",
        "Reduction": 6.3999977111816406,
        "x": 5270700.939885214,
        "y": 4283453.5998405665,
        "MapSection": null,
        "Latitude": 39.080362440000002,
        "Longitude": -84.519160020000001
      }
    },
    {
      "type": "Feature",
      "id": 478,
      "geometry": {
        "type": "Point",
        "coordinates": [-84.519186058010277, 39.08027190760383]
      },
      "properties": {
        "OBJECTID": 478,
        "Receiver": "B13702",
        "DU": 2,
        "FrontRow": "No",
        "Existing": 68,
        "Proposed": 64.6999969,
        "Impact": "No",
        "Barrier": 61.9000015,
        "Benefited": "Yes",
        "ELEVATION": 522.955994,
        "Section": "NSAB",
        "Reduction": 6.4000015258789062,
        "x": 5270695.3201458007,
        "y": 4283417.8098858893,
        "MapSection": null,
        "Latitude": 39.080264399999997,
        "Longitude": -84.519181470000007
      }
    },
    {
      "type": "Feature",
      "id": 479,
      "geometry": {
        "type": "Point",
        "coordinates": [-84.51918425472941, 39.080207811283699]
      },
      "properties": {
        "OBJECTID": 479,
        "Receiver": "B13802",
        "DU": 2,
        "FrontRow": "No",
        "Existing": 69.1999969,
        "Proposed": 65.3000031,
        "Impact": "No",
        "Barrier": 62.2000008,
        "Benefited": "Yes",
        "ELEVATION": 523.551025,
        "Section": "NSAB",
        "Reduction": 6.4000015258789062,
        "x": 5270696.1400260478,
        "y": 4283394.4700375646,
        "MapSection": null,
        "Latitude": 39.080200300000001,
        "Longitude": -84.51917967
      }
    },
    {
      "type": "Feature",
      "id": 480,
      "geometry": {
        "type": "Point",
        "coordinates": [-84.519200948685096, 39.080141323631054]
      },
      "properties": {
        "OBJECTID": 480,
        "Receiver": "B13902",
        "DU": 2,
        "FrontRow": "Yes",
        "Existing": 69,
        "Proposed": 64.0999985,
        "Impact": "No",
        "Barrier": 61.2000008,
        "Benefited": "Yes",
        "ELEVATION": 520.184998,
        "Section": "NSAB",
        "Reduction": 6.3999977111816406,
        "x": 5270691.7200873941,
        "y": 4283370.189902395,
        "MapSection": null,
        "Latitude": 39.08013382,
        "Longitude": -84.519196359999995
      }
    },
    {
      "type": "Feature",
      "id": 481,
      "geometry": {
        "type": "Point",
        "coordinates": [-84.519295653138215, 39.079975594943505]
      },
      "properties": {
        "OBJECTID": 481,
        "Receiver": "B14001",
        "DU": 1,
        "FrontRow": "Yes",
        "Existing": 69.3000031,
        "Proposed": 66.9000015,
        "Impact": "Yes",
        "Barrier": 63.4000015,
        "Benefited": "Yes",
        "ELEVATION": 519.171997,
        "Section": "NSAB",
        "Reduction": 6.2999992370605469,
        "x": 5270665.6299164742,
        "y": 4283309.4698794782,
        "MapSection": null,
        "Latitude": 39.079968090000001,
        "Longitude": -84.519291069999994
      }
    },
    {
      "type": "Feature",
      "id": 482,
      "geometry": {
        "type": "Point",
        "coordinates": [-84.519039978379254, 39.080012116631586]
      },
      "properties": {
        "OBJECTID": 482,
        "Receiver": "B14102",
        "DU": 2,
        "FrontRow": "Yes",
        "Existing": 69.3000031,
        "Proposed": 66.0999985,
        "Impact": "Yes",
        "Barrier": 62.7000008,
        "Benefited": "Yes",
        "ELEVATION": 523.567993,
        "Section": "NSAB",
        "Reduction": 6.2999954223632812,
        "x": 5270738.0398766398,
        "y": 4283323.7300215662,
        "MapSection": null,
        "Latitude": 39.080004610000003,
        "Longitude": -84.519035389999999
      }
    },
    {
      "type": "Feature",
      "id": 483,
      "geometry": {
        "type": "Point",
        "coordinates": [-84.518518262419903, 39.080751420145816]
      },
      "properties": {
        "OBJECTID": 483,
        "Receiver": "B14210",
        "DU": 10,
        "FrontRow": "Yes",
        "Existing": 69.4000015,
        "Proposed": 62.5999985,
        "Impact": "No",
        "Barrier": 59.4000015,
        "Benefited": "Yes",
        "ELEVATION": 527.262024,
        "Section": "NSAB",
        "Reduction": 5.6999969482421875,
        "x": 5270882.5999549776,
        "y": 4283594.9699646384,
        "MapSection": null,
        "Latitude": 39.080743910000002,
        "Longitude": -84.518513679999998
      }
    },
    {
      "type": "Feature",
      "id": 484,
      "geometry": {
        "type": "Point",
        "coordinates": [-84.518510558691702, 39.080463675471059]
      },
      "properties": {
        "OBJECTID": 484,
        "Receiver": "B14301",
        "DU": 1,
        "FrontRow": "No",
        "Existing": 65.8000031,
        "Proposed": 62.5999985,
        "Impact": "No",
        "Barrier": 59.4000015,
        "Benefited": "Yes",
        "ELEVATION": 527.257996,
        "Section": "NSAB",
        "Reduction": 5.7999992370605469,
        "x": 5270886.1701578051,
        "y": 4283490.1899904758,
        "MapSection": null,
        "Latitude": 39.080456169999998,
        "Longitude": -84.518505970000007
      }
    },
    {
      "type": "Feature",
      "id": 485,
      "geometry": {
        "type": "Point",
        "coordinates": [-84.518517070498476, 39.080420282330628]
      },
      "properties": {
        "OBJECTID": 485,
        "Receiver": "B14401",
        "DU": 1,
        "FrontRow": "No",
        "Existing": 65.5999985,
        "Proposed": 65.5999985,
        "Impact": "No",
        "Barrier": 59.7999992,
        "Benefited": "Yes",
        "ELEVATION": 527.218018,
        "Section": "NSAB",
        "Reduction": 5.7999992370605469,
        "x": 5270884.5300692171,
        "y": 4283474.3599696457,
        "MapSection": null,
        "Latitude": 39.080412780000003,
        "Longitude": -84.518512490000006
      }
    },
    {
      "type": "Feature",
      "id": 486,
      "geometry": {
        "type": "Point",
        "coordinates": [-84.518643340982692, 39.080098307099306]
      },
      "properties": {
        "OBJECTID": 486,
        "Receiver": "B14501",
        "DU": 1,
        "FrontRow": "No",
        "Existing": 65.1999969,
        "Proposed": 63.7999992,
        "Impact": "No",
        "Barrier": 60.7000008,
        "Benefited": "Yes",
        "ELEVATION": 527.060974,
        "Section": "NSAB",
        "Reduction": 5.9000015258789062,
        "x": 5270850.2299409658,
        "y": 4283356.6098770648,
        "MapSection": null,
        "Latitude": 39.080090800000001,
        "Longitude": -84.518638760000002
      }
    },
    {
      "type": "Feature",
      "id": 487,
      "geometry": {
        "type": "Point",
        "coordinates": [-84.518563270470025, 39.080219298016566]
      },
      "properties": {
        "OBJECTID": 487,
        "Receiver": "B14601",
        "DU": 1,
        "FrontRow": "Yes",
        "Existing": 71.1999969,
        "Proposed": 66,
        "Impact": "Yes",
        "Barrier": 60.0999985,
        "Benefited": "Yes",
        "ELEVATION": 527.801025,
        "Section": "NSAB",
        "Reduction": 5.9000015258789062,
        "x": 5270872.3801591396,
        "y": 4283400.979867056,
        "MapSection": null,
        "Latitude": 39.08021179,
        "Longitude": -84.518558690000006
      }
    },
    {
      "type": "Feature",
      "id": 488,
      "geometry": {
        "type": "Point",
        "coordinates": [-84.518493708219225, 39.080208616860773]
      },
      "properties": {
        "OBJECTID": 488,
        "Receiver": "B14701",
        "DU": 1,
        "FrontRow": "Yes",
        "Existing": 71.4000015,
        "Proposed": 61.0999985,
        "Impact": "No",
        "Barrier": 58.2000008,
        "Benefited": "Yes",
        "ELEVATION": 528.218994,
        "Section": "NSAB",
        "Reduction": 5.8000030517578125,
        "x": 5270892.1799883097,
        "y": 4283397.3499530554,
        "MapSection": null,
        "Latitude": 39.080201109999997,
        "Longitude": -84.518489119999998
      }
    },
    {
      "type": "Feature",
      "id": 489,
      "geometry": {
        "type": "Point",
        "coordinates": [-84.518437208011662, 39.08024196880838]
      },
      "properties": {
        "OBJECTID": 489,
        "Receiver": "B14801",
        "DU": 1,
        "FrontRow": "Yes",
        "Existing": 70.6999969,
        "Proposed": 61.2999992,
        "Impact": "No",
        "Barrier": 58.5,
        "Benefited": "Yes",
        "ELEVATION": 528.804993,
        "Section": "NSAB",
        "Reduction": 5.6999969482421875,
        "x": 5270908.059877798,
        "y": 4283409.709836483,
        "MapSection": null,
        "Latitude": 39.08023446,
        "Longitude": -84.518432619999999
      }
    },
    {
      "type": "Feature",
      "id": 490,
      "geometry": {
        "type": "Point",
        "coordinates": [-84.518393996401514, 39.080341321358453]
      },
      "properties": {
        "OBJECTID": 490,
        "Receiver": "B15002",
        "DU": 2,
        "FrontRow": "Yes",
        "Existing": 70.4000015,
        "Proposed": 62.0999985,
        "Impact": "No",
        "Barrier": 59,
        "Benefited": "Yes",
        "ELEVATION": 529.599976,
        "Section": "NSAB",
        "Reduction": 5.8000030517578125,
        "x": 5270919.8498804718,
        "y": 4283446.0601574779,
        "MapSection": null,
        "Latitude": 39.080333809999999,
        "Longitude": -84.518389409999997
      }
    },
    {
      "type": "Feature",
      "id": 491,
      "geometry": {
        "type": "Point",
        "coordinates": [-84.518287782396612, 39.080337894914933]
      },
      "properties": {
        "OBJECTID": 491,
        "Receiver": "B15102",
        "DU": 2,
        "FrontRow": "No",
        "Existing": 60.5,
        "Proposed": 61.7000008,
        "Impact": "No",
        "Barrier": 58.9000015,
        "Benefited": "Yes",
        "ELEVATION": 530.721985,
        "Section": "NSAB",
        "Reduction": 5.7999954223632812,
        "x": 5270950.0200957209,
        "y": 4283445.2100935578,
        "MapSection": null,
        "Latitude": 39.08033039,
        "Longitude": -84.518283199999999
      }
    },
    {
      "type": "Feature",
      "id": 492,
      "geometry": {
        "type": "Point",
        "coordinates": [-84.518179002340446, 39.080346713493668]
      },
      "properties": {
        "OBJECTID": 492,
        "Receiver": "B15202",
        "DU": 2,
        "FrontRow": "No",
        "Existing": 61.9000015,
        "Proposed": 61.5,
        "Impact": "No",
        "Barrier": 58.7000008,
        "Benefited": "Yes",
        "ELEVATION": 531.224976,
        "Section": "NSAB",
        "Reduction": 5.7000007629394531,
        "x": 5270980.859929055,
        "y": 4283448.8298369795,
        "MapSection": null,
        "Latitude": 39.080339209999998,
        "Longitude": -84.518174419999994
      }
    },
    {
      "type": "Feature",
      "id": 493,
      "geometry": {
        "type": "Point",
        "coordinates": [-84.519384410596246, 39.079501329072279]
      },
      "properties": {
        "OBJECTID": 493,
        "Receiver": "B15301",
        "DU": 1,
        "FrontRow": "No",
        "Existing": 67,
        "Proposed": 67.4000015,
        "Impact": "Yes",
        "Barrier": 64.4000015,
        "Benefited": "Yes",
        "ELEVATION": 514.505981,
        "Section": "NSAB",
        "Reduction": 6.7999992370605469,
        "x": 5270642.7100148052,
        "y": 4283136.3898450583,
        "MapSection": null,
        "Latitude": 39.079493820000003,
        "Longitude": -84.519379830000005
      }
    },
    {
      "type": "Feature",
      "id": 494,
      "geometry": {
        "type": "Point",
        "coordinates": [-84.519320278541329, 39.079515276068236]
      },
      "properties": {
        "OBJECTID": 494,
        "Receiver": "B15401",
        "DU": 1,
        "FrontRow": "No",
        "Existing": 65.5,
        "Proposed": 62.7000008,
        "Impact": "No",
        "Barrier": 60.2999992,
        "Benefited": "Yes",
        "ELEVATION": 516.307007,
        "Section": "NSAB",
        "Reduction": 6.8999977111816406,
        "x": 5270660.8500703871,
        "y": 4283141.7100443989,
        "MapSection": null,
        "Latitude": 39.079507769999999,
        "Longitude": -84.519315689999999
      }
    },
    {
      "type": "Feature",
      "id": 495,
      "geometry": {
        "type": "Point",
        "coordinates": [-84.519363951706197, 39.079348994783182]
      },
      "properties": {
        "OBJECTID": 495,
        "Receiver": "B15501",
        "DU": 1,
        "FrontRow": "Yes",
        "Existing": 69.9000015,
        "Proposed": 66.9000015,
        "Impact": "Yes",
        "Barrier": 64.0999985,
        "Benefited": "Yes",
        "ELEVATION": 511.863007,
        "Section": "NSAB",
        "Reduction": 7.2000007629394531,
        "x": 5270649.2500279695,
        "y": 4283080.9798508883,
        "MapSection": null,
        "Latitude": 39.079341489999997,
        "Longitude": -84.519359370000004
      }
    },
    {
      "type": "Feature",
      "id": 496,
      "geometry": {
        "type": "Point",
        "coordinates": [-84.519093007305699, 39.079293003437513]
      },
      "properties": {
        "OBJECTID": 496,
        "Receiver": "B15601",
        "DU": 1,
        "FrontRow": "Yes",
        "Existing": 68.8000031,
        "Proposed": 61.5,
        "Impact": "No",
        "Barrier": 59.2999992,
        "Benefited": "Yes",
        "ELEVATION": 510.997009,
        "Section": "NSAB",
        "Reduction": 6.8999977111816406,
        "x": 5270726.4401623011,
        "y": 4283061.5999683887,
        "MapSection": null,
        "Latitude": 39.079285499999997,
        "Longitude": -84.519088420000003
      }
    },
    {
      "type": "Feature",
      "id": 497,
      "geometry": {
        "type": "Point",
        "coordinates": [-84.51899275445875, 39.079266357763267]
      },
      "properties": {
        "OBJECTID": 497,
        "Receiver": "B15701",
        "DU": 1,
        "FrontRow": "Yes",
        "Existing": 69.6999969,
        "Proposed": 61.4000015,
        "Impact": "No",
        "Barrier": 59.4000015,
        "Benefited": "Yes",
        "ELEVATION": 510.311005,
        "Section": "NSAB",
        "Reduction": 6.7000007629394531,
        "x": 5270755.0300001353,
        "y": 4283052.2699345648,
        "MapSection": null,
        "Latitude": 39.079258850000002,
        "Longitude": -84.51898817
      }
    },
    {
      "type": "Feature",
      "id": 498,
      "geometry": {
        "type": "Point",
        "coordinates": [-84.518971988672362, 39.079202944638482]
      },
      "properties": {
        "OBJECTID": 498,
        "Receiver": "B15801",
        "DU": 1,
        "FrontRow": "Yes",
        "Existing": 68.9000015,
        "Proposed": 61.2999992,
        "Impact": "No",
        "Barrier": 59.2999992,
        "Benefited": "Yes",
        "ELEVATION": 509.757996,
        "Section": "NSAB",
        "Reduction": 6.7000007629394531,
        "x": 5270761.230118975,
        "y": 4283029.2499674708,
        "MapSection": null,
        "Latitude": 39.079195439999999,
        "Longitude": -84.518967399999994
      }
    },
    {
      "type": "Feature",
      "id": 499,
      "geometry": {
        "type": "Point",
        "coordinates": [-84.518968870777272, 39.07915412642555]
      },
      "properties": {
        "OBJECTID": 499,
        "Receiver": "B15901",
        "DU": 1,
        "FrontRow": "No",
        "Existing": 62.5,
        "Proposed": 67,
        "Impact": "Yes",
        "Barrier": 60.2999992,
        "Benefited": "Yes",
        "ELEVATION": 510.384003,
        "Section": "NSAB",
        "Reduction": 6.7000007629394531,
        "x": 5270762.3498673886,
        "y": 4283011.4799898863,
        "MapSection": null,
        "Latitude": 39.079146620000003,
        "Longitude": -84.51896429
      }
    },
    {
      "type": "Feature",
      "id": 500,
      "geometry": {
        "type": "Point",
        "coordinates": [-84.518967719209584, 39.079097284023597]
      },
      "properties": {
        "OBJECTID": 500,
        "Receiver": "B16001",
        "DU": 1,
        "FrontRow": "Yes",
        "Existing": 69.1999969,
        "Proposed": 61.2999992,
        "Impact": "No",
        "Barrier": 59.2000008,
        "Benefited": "Yes",
        "ELEVATION": 509.703003,
        "Section": "NSAB",
        "Reduction": 6.6000022888183594,
        "x": 5270762.9499318004,
        "y": 4282990.7799000591,
        "MapSection": null,
        "Latitude": 39.079089779999997,
        "Longitude": -84.518963130000003
      }
    },
    {
      "type": "Feature",
      "id": 501,
      "geometry": {
        "type": "Point",
        "coordinates": [-84.518748746099092, 39.078836468241562]
      },
      "properties": {
        "OBJECTID": 501,
        "Receiver": "B16101",
        "DU": 1,
        "FrontRow": "No",
        "Existing": 68,
        "Proposed": 66,
        "Impact": "Yes",
        "Barrier": 63.7999992,
        "Benefited": "Yes",
        "ELEVATION": 510.329987,
        "Section": "NSAB",
        "Reduction": 5.8999977111816406,
        "x": 5270826.3700805604,
        "y": 4282896.5999703109,
        "MapSection": null,
        "Latitude": 39.078828960000003,
        "Longitude": -84.518744159999997
      }
    },
    {
      "type": "Feature",
      "id": 502,
      "geometry": {
        "type": "Point",
        "coordinates": [-84.518848520725356, 39.078679138092127]
      },
      "properties": {
        "OBJECTID": 502,
        "Receiver": "B16202",
        "DU": 2,
        "FrontRow": "No",
        "Existing": 63.0999985,
        "Proposed": 66.8000031,
        "Impact": "Yes",
        "Barrier": 64.8000031,
        "Benefited": "Yes",
        "ELEVATION": 509.372009,
        "Section": "NSAB",
        "Reduction": 5.7000007629394531,
        "x": 5270798.7999257147,
        "y": 4282838.919967562,
        "MapSection": null,
        "Latitude": 39.078671630000002,
        "Longitude": -84.518843939999996
      }
    },
    {
      "type": "Feature",
      "id": 503,
      "geometry": {
        "type": "Point",
        "coordinates": [-84.518690632450671, 39.078563606414193]
      },
      "properties": {
        "OBJECTID": 503,
        "Receiver": "B16301",
        "DU": 1,
        "FrontRow": "No",
        "Existing": 62.5999985,
        "Proposed": 62.5999985,
        "Impact": "No",
        "Barrier": 60.4000015,
        "Benefited": "Yes",
        "ELEVATION": 510.187012,
        "Section": "NSAB",
        "Reduction": 5.3000030517578125,
        "x": 5270844.180084303,
        "y": 4282797.4298930615,
        "MapSection": null,
        "Latitude": 39.0785561,
        "Longitude": -84.518686049999999
      }
    },
    {
      "type": "Feature",
      "id": 504,
      "geometry": {
        "type": "Point",
        "coordinates": [-84.518508073059323, 39.078411581722094]
      },
      "properties": {
        "OBJECTID": 504,
        "Receiver": "B16401",
        "DU": 1,
        "FrontRow": "No",
        "Existing": 64.8000031,
        "Proposed": 64.5999985,
        "Impact": "No",
        "Barrier": 62.2999992,
        "Benefited": "Yes",
        "ELEVATION": 513.156982,
        "Section": "NSAB",
        "Reduction": 5,
        "x": 5270896.7400185466,
        "y": 4282742.7400418073,
        "MapSection": null,
        "Latitude": 39.078404079999999,
        "Longitude": -84.518503490000001
      }
    },
    {
      "type": "Feature",
      "id": 505,
      "geometry": {
        "type": "Point",
        "coordinates": [-84.518364924797098, 39.078272288652606]
      },
      "properties": {
        "OBJECTID": 505,
        "Receiver": "B16501",
        "DU": 1,
        "FrontRow": "No",
        "Existing": 65.3000031,
        "Proposed": 64.8000031,
        "Impact": "No",
        "Barrier": 63.0999985,
        "Benefited": "No",
        "ELEVATION": 513.648987,
        "Section": "NSAB",
        "Reduction": 4.6000022888183594,
        "x": 5270938.0499753058,
        "y": 4282692.5400109738,
        "MapSection": null,
        "Latitude": 39.078264779999998,
        "Longitude": -84.518360340000001
      }
    },
    {
      "type": "Feature",
      "id": 506,
      "geometry": {
        "type": "Point",
        "coordinates": [-84.51837735811489, 39.078189092824154]
      },
      "properties": {
        "OBJECTID": 506,
        "Receiver": "B16601",
        "DU": 1,
        "FrontRow": "No",
        "Existing": 63.4000015,
        "Proposed": 66.9000015,
        "Impact": "Yes",
        "Barrier": 62.2999992,
        "Benefited": "No",
        "ELEVATION": 512.122009,
        "Section": "NSAB",
        "Reduction": 4.6000022888183594,
        "x": 5270934.9200603068,
        "y": 4282662.1900060624,
        "MapSection": null,
        "Latitude": 39.07818159,
        "Longitude": -84.518372769999999
      }
    },
    {
      "type": "Feature",
      "id": 507,
      "geometry": {
        "type": "Point",
        "coordinates": [-84.518371964505462, 39.078118617443806]
      },
      "properties": {
        "OBJECTID": 507,
        "Receiver": "B16701",
        "DU": 1,
        "FrontRow": "No",
        "Existing": 63,
        "Proposed": 62.9000015,
        "Impact": "No",
        "Barrier": 60.7999992,
        "Benefited": "No",
        "ELEVATION": 511.681,
        "Section": "NSAB",
        "Reduction": 4.2999954223632812,
        "x": 5270936.7901353091,
        "y": 4282636.5401229709,
        "MapSection": null,
        "Latitude": 39.078111110000002,
        "Longitude": -84.518367380000001
      }
    },
    {
      "type": "Feature",
      "id": 508,
      "geometry": {
        "type": "Point",
        "coordinates": [-84.518194379312519, 39.078167964443857]
      },
      "properties": {
        "OBJECTID": 508,
        "Receiver": "B16801",
        "DU": 1,
        "FrontRow": "No",
        "Existing": 63.5,
        "Proposed": 66,
        "Impact": "Yes",
        "Barrier": 63.7999992,
        "Benefited": "No",
        "ELEVATION": 516.073975,
        "Section": "NSAB",
        "Reduction": 4.2999954223632812,
        "x": 5270986.9701530486,
        "y": 4282655.1798494756,
        "MapSection": null,
        "Latitude": 39.078160459999999,
        "Longitude": -84.518189789999994
      }
    },
    {
      "type": "Feature",
      "id": 509,
      "geometry": {
        "type": "Point",
        "coordinates": [-84.519153784783938, 39.07960012720438]
      },
      "properties": {
        "OBJECTID": 509,
        "Receiver": "B16904",
        "DU": 4,
        "FrontRow": "No",
        "Existing": 63.2999992,
        "Proposed": 65.8000031,
        "Impact": "No",
        "Barrier": 62.9000015,
        "Benefited": "Yes",
        "ELEVATION": 519.617004,
        "Section": "NSAB",
        "Reduction": 6.2999992370605469,
        "x": 5270707.7098848075,
        "y": 4283173.2398369759,
        "MapSection": null,
        "Latitude": 39.07959262,
        "Longitude": -84.519149200000001
      }
    },
    {
      "type": "Feature",
      "id": 510,
      "geometry": {
        "type": "Point",
        "coordinates": [-84.518906036726023, 39.079567957690188]
      },
      "properties": {
        "OBJECTID": 510,
        "Receiver": "B17001",
        "DU": 1,
        "FrontRow": "No",
        "Existing": 66.8000031,
        "Proposed": 65.9000015,
        "Impact": "No",
        "Barrier": 63.2999992,
        "Benefited": "Yes",
        "ELEVATION": 521.86499,
        "Section": "NSAB",
        "Reduction": 6,
        "x": 5270778.1999012977,
        "y": 4283162.4501603991,
        "MapSection": null,
        "Latitude": 39.079560450000002,
        "Longitude": -84.518901450000001
      }
    },
    {
      "type": "Feature",
      "id": 511,
      "geometry": {
        "type": "Point",
        "coordinates": [-84.518803533845258, 39.079590926061293]
      },
      "properties": {
        "OBJECTID": 511,
        "Receiver": "B17101",
        "DU": 1,
        "FrontRow": "No",
        "Existing": 66,
        "Proposed": 66.0999985,
        "Impact": "Yes",
        "Barrier": 63.4000015,
        "Benefited": "Yes",
        "ELEVATION": 523.629028,
        "Section": "NSAB",
        "Reduction": 6.0999984741210938,
        "x": 5270807.1900008023,
        "y": 4283171.2001428902,
        "MapSection": null,
        "Latitude": 39.079583419999999,
        "Longitude": -84.518798950000004
      }
    },
    {
      "type": "Feature",
      "id": 512,
      "geometry": {
        "type": "Point",
        "coordinates": [-84.518710925017942, 39.079657812925269]
      },
      "properties": {
        "OBJECTID": 512,
        "Receiver": "B17201",
        "DU": 1,
        "FrontRow": "No",
        "Existing": 64.8000031,
        "Proposed": 65.9000015,
        "Impact": "No",
        "Barrier": 62.9000015,
        "Benefited": "Yes",
        "ELEVATION": 525.085999,
        "Section": "NSAB",
        "Reduction": 6.2000007629394531,
        "x": 5270833.1600932181,
        "y": 4283195.9100672305,
        "MapSection": null,
        "Latitude": 39.079650309999998,
        "Longitude": -84.518706339999994
      }
    },
    {
      "type": "Feature",
      "id": 513,
      "geometry": {
        "type": "Point",
        "coordinates": [-84.518564363035239, 39.079686669993698]
      },
      "properties": {
        "OBJECTID": 513,
        "Receiver": "B17302",
        "DU": 2,
        "FrontRow": "No",
        "Existing": 64.9000015,
        "Proposed": 65.3000031,
        "Impact": "No",
        "Barrier": 62.5,
        "Benefited": "Yes",
        "ELEVATION": 525.156982,
        "Section": "NSAB",
        "Reduction": 6,
        "x": 5270874.6301546395,
        "y": 4283206.9700844735,
        "MapSection": null,
        "Latitude": 39.079679159999998,
        "Longitude": -84.518559780000004
      }
    },
    {
      "type": "Feature",
      "id": 514,
      "geometry": {
        "type": "Point",
        "coordinates": [-84.518358212020047, 39.079704590643608]
      },
      "properties": {
        "OBJECTID": 514,
        "Receiver": "B17403",
        "DU": 3,
        "FrontRow": "No",
        "Existing": 66.9000015,
        "Proposed": 64.9000015,
        "Impact": "No",
        "Barrier": 62.0999985,
        "Benefited": "Yes",
        "ELEVATION": 525.434021,
        "Section": "NSAB",
        "Reduction": 5.8000030517578125,
        "x": 5270933.0699983835,
        "y": 4283214.2699386477,
        "MapSection": null,
        "Latitude": 39.079697080000003,
        "Longitude": -84.518353629999993
      }
    },
    {
      "type": "Feature",
      "id": 515,
      "geometry": {
        "type": "Point",
        "coordinates": [-84.51844396447045, 39.07956210655373]
      },
      "properties": {
        "OBJECTID": 515,
        "Receiver": "B17501",
        "DU": 1,
        "FrontRow": "No",
        "Existing": 66.4000015,
        "Proposed": 66,
        "Impact": "Yes",
        "Barrier": 60.2999992,
        "Benefited": "Yes",
        "ELEVATION": 523.138977,
        "Section": "NSAB",
        "Reduction": 5.7000007629394531,
        "x": 5270909.4099407196,
        "y": 4283162.0498987287,
        "MapSection": null,
        "Latitude": 39.079554600000002,
        "Longitude": -84.518439380000004
      }
    },
    {
      "type": "Feature",
      "id": 516,
      "geometry": {
        "type": "Point",
        "coordinates": [-84.518363789542377, 39.079510409566034]
      },
      "properties": {
        "OBJECTID": 516,
        "Receiver": "B17601",
        "DU": 1,
        "FrontRow": "No",
        "Existing": 66.5999985,
        "Proposed": 64.3000031,
        "Impact": "No",
        "Barrier": 62.2000008,
        "Benefited": "Yes",
        "ELEVATION": 521.060974,
        "Section": "NSAB",
        "Reduction": 5.5,
        "x": 5270932.4200652987,
        "y": 4283143.5200801492,
        "MapSection": null,
        "Latitude": 39.079502900000001,
        "Longitude": -84.518359200000006
      }
    },
    {
      "type": "Feature",
      "id": 517,
      "geometry": {
        "type": "Point",
        "coordinates": [-84.518382443524231, 39.079376047955591]
      },
      "properties": {
        "OBJECTID": 517,
        "Receiver": "B17701",
        "DU": 1,
        "FrontRow": "No",
        "Existing": 65,
        "Proposed": 65.6999969,
        "Impact": "No",
        "Barrier": 60,
        "Benefited": "Yes",
        "ELEVATION": 517.491028,
        "Section": "NSAB",
        "Reduction": 5.6999969482421875,
        "x": 5270927.7701402158,
        "y": 4283094.5100075603,
        "MapSection": null,
        "Latitude": 39.079368539999997,
        "Longitude": -84.518377860000001
      }
    },
    {
      "type": "Feature",
      "id": 518,
      "geometry": {
        "type": "Point",
        "coordinates": [-84.518302588448307, 39.079324244320631]
      },
      "properties": {
        "OBJECTID": 518,
        "Receiver": "B17801",
        "DU": 1,
        "FrontRow": "No",
        "Existing": 66.4000015,
        "Proposed": 63.9000015,
        "Impact": "No",
        "Barrier": 61.7999992,
        "Benefited": "Yes",
        "ELEVATION": 516.189026,
        "Section": "NSAB",
        "Reduction": 5.5999984741210938,
        "x": 5270950.6900418848,
        "y": 4283075.9401628077,
        "MapSection": null,
        "Latitude": 39.079316740000003,
        "Longitude": -84.518298000000001
      }
    },
    {
      "type": "Feature",
      "id": 519,
      "geometry": {
        "type": "Point",
        "coordinates": [-84.51827824070439, 39.079254012636312]
      },
      "properties": {
        "OBJECTID": 519,
        "Receiver": "B17901",
        "DU": 1,
        "FrontRow": "No",
        "Existing": 66.6999969,
        "Proposed": 63.9000015,
        "Impact": "No",
        "Barrier": 61.7000008,
        "Benefited": "Yes",
        "ELEVATION": 515.088013,
        "Section": "NSAB",
        "Reduction": 5.7999992370605469,
        "x": 5270957.940027386,
        "y": 4283050.4500563145,
        "MapSection": null,
        "Latitude": 39.079246509999997,
        "Longitude": -84.518273660000006
      }
    },
    {
      "type": "Feature",
      "id": 520,
      "geometry": {
        "type": "Point",
        "coordinates": [-84.518276758534867, 39.079171003362738]
      },
      "properties": {
        "OBJECTID": 520,
        "Receiver": "B18001",
        "DU": 1,
        "FrontRow": "No",
        "Existing": 66.8000031,
        "Proposed": 65.6999969,
        "Impact": "No",
        "Barrier": 60,
        "Benefited": "Yes",
        "ELEVATION": 516.547974,
        "Section": "NSAB",
        "Reduction": 5.6999969482421875,
        "x": 5270958.7599076331,
        "y": 4283020.2201298922,
        "MapSection": null,
        "Latitude": 39.0791635,
        "Longitude": -84.518272170000003
      }
    },
    {
      "type": "Feature",
      "id": 521,
      "geometry": {
        "type": "Point",
        "coordinates": [-84.518023584094067, 39.079758746640138]
      },
      "properties": {
        "OBJECTID": 521,
        "Receiver": "B18101",
        "DU": 1,
        "FrontRow": "No",
        "Existing": 67.4000015,
        "Proposed": 63.4000015,
        "Impact": "No",
        "Barrier": 60.5999985,
        "Benefited": "Yes",
        "ELEVATION": 527.89502,
        "Section": "NSAB",
        "Reduction": 5.5999984741210938,
        "x": 5271027.8099663854,
        "y": 4283235.2498835623,
        "MapSection": null,
        "Latitude": 39.07975124,
        "Longitude": -84.518018999999995
      }
    },
    {
      "type": "Feature",
      "id": 522,
      "geometry": {
        "type": "Point",
        "coordinates": [-84.518009621433748, 39.079967530476388]
      },
      "properties": {
        "OBJECTID": 522,
        "Receiver": "B18201",
        "DU": 1,
        "FrontRow": "No",
        "Existing": 67.8000031,
        "Proposed": 64.1999969,
        "Impact": "No",
        "Barrier": 61.2000008,
        "Benefited": "Yes",
        "ELEVATION": 530.697998,
        "Section": "NSAB",
        "Reduction": 5.5999984741210938,
        "x": 5271030.7699342221,
        "y": 4283311.3501250595,
        "MapSection": null,
        "Latitude": 39.079960020000001,
        "Longitude": -84.518005040000006
      }
    },
    {
      "type": "Feature",
      "id": 523,
      "geometry": {
        "type": "Point",
        "coordinates": [-84.517859693219734, 39.079833218458589]
      },
      "properties": {
        "OBJECTID": 523,
        "Receiver": "B18301",
        "DU": 1,
        "FrontRow": "No",
        "Existing": 64.4000015,
        "Proposed": 63.5,
        "Impact": "No",
        "Barrier": 60.5999985,
        "Benefited": "Yes",
        "ELEVATION": 528.981995,
        "Section": "NSAB",
        "Reduction": 5.3999977111816406,
        "x": 5271073.9801496416,
        "y": 4283262.9899855554,
        "MapSection": null,
        "Latitude": 39.079825710000001,
        "Longitude": -84.517855109999999
      }
    },
    {
      "type": "Feature",
      "id": 524,
      "geometry": {
        "type": "Point",
        "coordinates": [-84.518424773069242, 39.078656852603601]
      },
      "properties": {
        "OBJECTID": 524,
        "Receiver": "B18402",
        "DU": 2,
        "FrontRow": "No",
        "Existing": 66.0999985,
        "Proposed": 66.6999969,
        "Impact": "Yes",
        "Barrier": 61.5,
        "Benefited": "Yes",
        "ELEVATION": 516.53302,
        "Section": "NSAB",
        "Reduction": 5.1999969482421875,
        "x": 5270919.2101179659,
        "y": 4282832.3901249766,
        "MapSection": null,
        "Latitude": 39.078649349999999,
        "Longitude": -84.518420190000001
      }
    },
    {
      "type": "Feature",
      "id": 525,
      "geometry": {
        "type": "Point",
        "coordinates": [-84.518166351288727, 39.079009753927281]
      },
      "properties": {
        "OBJECTID": 525,
        "Receiver": "B18501",
        "DU": 1,
        "FrontRow": "No",
        "Existing": 66.8000031,
        "Proposed": 65.9000015,
        "Impact": "No",
        "Barrier": 63.5999985,
        "Benefited": "Yes",
        "ELEVATION": 523.880005,
        "Section": "NSAB",
        "Reduction": 5.2999992370605469,
        "x": 5270990.8799221367,
        "y": 4282961.9000365585,
        "MapSection": null,
        "Latitude": 39.079002250000002,
        "Longitude": -84.518161770000006
      }
    },
    {
      "type": "Feature",
      "id": 526,
      "geometry": {
        "type": "Point",
        "coordinates": [-84.518188559913014, 39.078942143151771]
      },
      "properties": {
        "OBJECTID": 526,
        "Receiver": "B18601",
        "DU": 1,
        "FrontRow": "No",
        "Existing": 64.6999969,
        "Proposed": 66.4000015,
        "Impact": "Yes",
        "Barrier": 60.9000015,
        "Benefited": "Yes",
        "ELEVATION": 525.096008,
        "Section": "NSAB",
        "Reduction": 5.5,
        "x": 5270984.899947226,
        "y": 4282937.1901122332,
        "MapSection": null,
        "Latitude": 39.07893464,
        "Longitude": -84.518183980000003
      }
    },
    {
      "type": "Feature",
      "id": 527,
      "geometry": {
        "type": "Point",
        "coordinates": [-84.518144611215888, 39.078868744552395]
      },
      "properties": {
        "OBJECTID": 527,
        "Receiver": "B18701",
        "DU": 1,
        "FrontRow": "No",
        "Existing": 67.5999985,
        "Proposed": 66.1999969,
        "Impact": "Yes",
        "Barrier": 63.9000015,
        "Benefited": "Yes",
        "ELEVATION": 524.218994,
        "Section": "NSAB",
        "Reduction": 5.2999954223632812,
        "x": 5270997.7299740613,
        "y": 4282910.6199553907,
        "MapSection": null,
        "Latitude": 39.078861240000002,
        "Longitude": -84.518140029999998
      }
    },
    {
      "type": "Feature",
      "id": 528,
      "geometry": {
        "type": "Point",
        "coordinates": [-84.518151396821068, 39.07880086519863]
      },
      "properties": {
        "OBJECTID": 528,
        "Receiver": "B18801",
        "DU": 1,
        "FrontRow": "No",
        "Existing": 64.6999969,
        "Proposed": 66.3000031,
        "Impact": "Yes",
        "Barrier": 64,
        "Benefited": "Yes",
        "ELEVATION": 524.241028,
        "Section": "NSAB",
        "Reduction": 5.0000038146972656,
        "x": 5270996.1299116313,
        "y": 4282885.8700048923,
        "MapSection": null,
        "Latitude": 39.078793359999999,
        "Longitude": -84.518146810000005
      }
    },
    {
      "type": "Feature",
      "id": 529,
      "geometry": {
        "type": "Point",
        "coordinates": [-84.51812488776612, 39.078731352521679]
      },
      "properties": {
        "OBJECTID": 529,
        "Receiver": "B18901",
        "DU": 1,
        "FrontRow": "No",
        "Existing": 66.9000015,
        "Proposed": 66.1999969,
        "Impact": "Yes",
        "Barrier": 61.2000008,
        "Benefited": "Yes",
        "ELEVATION": 523.536011,
        "Section": "NSAB",
        "Reduction": 4.9999961853027344,
        "x": 5271003.9901321381,
        "y": 4282860.6499109715,
        "MapSection": null,
        "Latitude": 39.078723850000003,
        "Longitude": -84.518120300000007
      }
    },
    {
      "type": "Feature",
      "id": 530,
      "geometry": {
        "type": "Point",
        "coordinates": [-84.518111386981516, 39.078661260307626]
      },
      "properties": {
        "OBJECTID": 530,
        "Receiver": "B19001",
        "DU": 1,
        "FrontRow": "No",
        "Existing": 67.1999969,
        "Proposed": 66.1999969,
        "Impact": "Yes",
        "Barrier": 64.0999985,
        "Benefited": "No",
        "ELEVATION": 522.992981,
        "Section": "NSAB",
        "Reduction": 4.8999977111816406,
        "x": 5271008.1600712985,
        "y": 4282835.1699750572,
        "MapSection": null,
        "Latitude": 39.078653750000001,
        "Longitude": -84.518106799999998
      }
    },
    {
      "type": "Feature",
      "id": 531,
      "geometry": {
        "type": "Point",
        "coordinates": [-84.518051125393768, 39.078590275296662]
      },
      "properties": {
        "OBJECTID": 531,
        "Receiver": "B19101",
        "DU": 1,
        "FrontRow": "No",
        "Existing": 65.0999985,
        "Proposed": 66,
        "Impact": "Yes",
        "Barrier": 61.2999992,
        "Benefited": "No",
        "ELEVATION": 521.40802,
        "Section": "NSAB",
        "Reduction": 4.7000007629394531,
        "x": 5271025.6098395586,
        "y": 4282809.5401050597,
        "MapSection": null,
        "Latitude": 39.078582769999997,
        "Longitude": -84.51804654
      }
    },
    {
      "type": "Feature",
      "id": 532,
      "geometry": {
        "type": "Point",
        "coordinates": [-84.51798018591478, 39.078459191825722]
      },
      "properties": {
        "OBJECTID": 532,
        "Receiver": "B19201",
        "DU": 1,
        "FrontRow": "No",
        "Existing": 64.5999985,
        "Proposed": 65.8000031,
        "Impact": "No",
        "Barrier": 63.7999992,
        "Benefited": "No",
        "ELEVATION": 520.518982,
        "Section": "NSAB",
        "Reduction": 4.5,
        "x": 5271046.3801392168,
        "y": 4282762.0598850548,
        "MapSection": null,
        "Latitude": 39.078451690000001,
        "Longitude": -84.5179756
      }
    },
    {
      "type": "Feature",
      "id": 533,
      "geometry": {
        "type": "Point",
        "coordinates": [-84.51795236474058, 39.078363255318713]
      },
      "properties": {
        "OBJECTID": 533,
        "Receiver": "B19301",
        "DU": 1,
        "FrontRow": "No",
        "Existing": 64.6999969,
        "Proposed": 65.8000031,
        "Impact": "No",
        "Barrier": 63.7999992,
        "Benefited": "No",
        "ELEVATION": 520.479004,
        "Section": "NSAB",
        "Reduction": 4.4000015258789062,
        "x": 5271054.7400306314,
        "y": 4282727.2200597227,
        "MapSection": null,
        "Latitude": 39.07835575,
        "Longitude": -84.51794778
      }
    },
    {
      "type": "Feature",
      "id": 534,
      "geometry": {
        "type": "Point",
        "coordinates": [-84.517936658115616, 39.078238313894708]
      },
      "properties": {
        "OBJECTID": 534,
        "Receiver": "B19402",
        "DU": 2,
        "FrontRow": "No",
        "Existing": 63.0999985,
        "Proposed": 65.6999969,
        "Impact": "No",
        "Barrier": 63.5999985,
        "Benefited": "No",
        "ELEVATION": 519.572021,
        "Section": "NSAB",
        "Reduction": 4.2000007629394531,
        "x": 5271059.8000598848,
        "y": 4282681.7700193971,
        "MapSection": null,
        "Latitude": 39.078230810000001,
        "Longitude": -84.517932070000001
      }
    },
    {
      "type": "Feature",
      "id": 535,
      "geometry": {
        "type": "Point",
        "coordinates": [-84.517500613839374, 39.079085347818918]
      },
      "properties": {
        "OBJECTID": 535,
        "Receiver": "B19502",
        "DU": 2,
        "FrontRow": "No",
        "Existing": 60.0999985,
        "Proposed": 64.4000015,
        "Impact": "No",
        "Barrier": 61.5999985,
        "Benefited": "Yes",
        "ELEVATION": 530.223022,
        "Section": "NSAB",
        "Reduction": 5.4000015258789062,
        "x": 5271179.5199647993,
        "y": 4282991.9301602244,
        "MapSection": null,
        "Latitude": 39.079077839999997,
        "Longitude": -84.517496030000004
      }
    },
    {
      "type": "Feature",
      "id": 536,
      "geometry": {
        "type": "Point",
        "coordinates": [-84.517477421400429, 39.079015594424703]
      },
      "properties": {
        "OBJECTID": 536,
        "Receiver": "B19602",
        "DU": 2,
        "FrontRow": "No",
        "Existing": 62.7999992,
        "Proposed": 64.1999969,
        "Impact": "No",
        "Barrier": 61.5,
        "Benefited": "Yes",
        "ELEVATION": 528.991028,
        "Section": "NSAB",
        "Reduction": 5.4000015258789062,
        "x": 5271186.439898476,
        "y": 4282966.6100008935,
        "MapSection": null,
        "Latitude": 39.079008090000002,
        "Longitude": -84.517472839999996
      }
    },
    {
      "type": "Feature",
      "id": 537,
      "geometry": {
        "type": "Point",
        "coordinates": [-84.517444291186635, 39.078950241456731]
      },
      "properties": {
        "OBJECTID": 537,
        "Receiver": "B19702",
        "DU": 2,
        "FrontRow": "No",
        "Existing": 59.0999985,
        "Proposed": 64.3000031,
        "Impact": "No",
        "Barrier": 61.7000008,
        "Benefited": "Yes",
        "ELEVATION": 529.836975,
        "Section": "NSAB",
        "Reduction": 5.3000030517578125,
        "x": 5271196.1600233912,
        "y": 4282942.9299301505,
        "MapSection": null,
        "Latitude": 39.078942730000001,
        "Longitude": -84.517439710000005
      }
    },
    {
      "type": "Feature",
      "id": 538,
      "geometry": {
        "type": "Point",
        "coordinates": [-84.517489082458738, 39.078857468141855]
      },
      "properties": {
        "OBJECTID": 538,
        "Receiver": "B19801",
        "DU": 1,
        "FrontRow": "No",
        "Existing": 60.5,
        "Proposed": 63.7999992,
        "Impact": "No",
        "Barrier": 61.2999992,
        "Benefited": "Yes",
        "ELEVATION": 526.906006,
        "Section": "NSAB",
        "Reduction": 5.1000022888183594,
        "x": 5271183.8900348097,
        "y": 4282908.9700243175,
        "MapSection": null,
        "Latitude": 39.078849959999999,
        "Longitude": -84.517484499999995
      }
    },
    {
      "type": "Feature",
      "id": 539,
      "geometry": {
        "type": "Point",
        "coordinates": [-84.517451995368035, 39.078792870679294]
      },
      "properties": {
        "OBJECTID": 539,
        "Receiver": "B19901",
        "DU": 1,
        "FrontRow": "No",
        "Existing": 61.9000015,
        "Proposed": 63.7999992,
        "Impact": "No",
        "Barrier": 61.2999992,
        "Benefited": "Yes",
        "ELEVATION": 526.872986,
        "Section": "NSAB",
        "Reduction": 5.1000022888183594,
        "x": 5271194.7299081385,
        "y": 4282885.579979226,
        "MapSection": null,
        "Latitude": 39.078785359999998,
        "Longitude": -84.517447410000003
      }
    },
    {
      "type": "Feature",
      "id": 540,
      "geometry": {
        "type": "Point",
        "coordinates": [-84.517419349074245, 39.078707288704265]
      },
      "properties": {
        "OBJECTID": 540,
        "Receiver": "B20002",
        "DU": 2,
        "FrontRow": "No",
        "Existing": 60.5999985,
        "Proposed": 63.7999992,
        "Impact": "No",
        "Barrier": 61.2999992,
        "Benefited": "No",
        "ELEVATION": 526.43103,
        "Section": "NSAB",
        "Reduction": 4.8999977111816406,
        "x": 5271204.4100068808,
        "y": 4282854.5298444778,
        "MapSection": null,
        "Latitude": 39.078699780000001,
        "Longitude": -84.517414759999994
      }
    },
    {
      "type": "Feature",
      "id": 541,
      "geometry": {
        "type": "Point",
        "coordinates": [-84.517357992533945, 39.078887992634257]
      },
      "properties": {
        "OBJECTID": 541,
        "Receiver": "B20104",
        "DU": 4,
        "FrontRow": "No",
        "Existing": 61.5,
        "Proposed": 64.5,
        "Impact": "No",
        "Barrier": 61.9000015,
        "Benefited": "Yes",
        "ELEVATION": 532.254028,
        "Section": "NSAB",
        "Reduction": 5.0999984741210938,
        "x": 5271220.9598425478,
        "y": 4282920.5799092203,
        "MapSection": null,
        "Latitude": 39.078880490000003,
        "Longitude": -84.517353409999998
      }
    },
    {
      "type": "Feature",
      "id": 542,
      "geometry": {
        "type": "Point",
        "coordinates": [-84.516106958674669, 39.078148912734953]
      },
      "properties": {
        "OBJECTID": 542,
        "Receiver": "B20201",
        "DU": 1,
        "FrontRow": "No",
        "Existing": 63,
        "Proposed": 61.2999992,
        "Impact": "No",
        "Barrier": 57.7999992,
        "Benefited": "No",
        "ELEVATION": 526.211975,
        "Section": "NSAB",
        "Reduction": 0,
        "x": 5271579.6900962144,
        "y": 4282656.0699395537,
        "MapSection": null,
        "Latitude": 39.078141410000001,
        "Longitude": -84.516102369999999
      }
    },
    {
      "type": "Feature",
      "id": 543,
      "geometry": {
        "type": "Point",
        "coordinates": [-84.516068102169797, 39.078051654135187]
      },
      "properties": {
        "OBJECTID": 543,
        "Receiver": "B20301",
        "DU": 1,
        "FrontRow": "No",
        "Existing": 63.2999992,
        "Proposed": 61.2999992,
        "Impact": "No",
        "Barrier": 57.7999992,
        "Benefited": "No",
        "ELEVATION": 522.575989,
        "Section": "NSAB",
        "Reduction": 0,
        "x": 5271591.1900732219,
        "y": 4282620.790154472,
        "MapSection": null,
        "Latitude": 39.078044149999997,
        "Longitude": -84.516063520000003
      }
    },
    {
      "type": "Feature",
      "id": 544,
      "geometry": {
        "type": "Point",
        "coordinates": [-84.516076710657302, 39.077974046845036]
      },
      "properties": {
        "OBJECTID": 544,
        "Receiver": "B20401",
        "DU": 1,
        "FrontRow": "No",
        "Existing": 66.0999985,
        "Proposed": 61.2999992,
        "Impact": "No",
        "Barrier": 57.7999992,
        "Benefited": "No",
        "ELEVATION": 519.892029,
        "Section": "NSAB",
        "Reduction": 0,
        "x": 5271589.1198673844,
        "y": 4282592.4900142252,
        "MapSection": null,
        "Latitude": 39.077966539999998,
        "Longitude": -84.516072129999998
      }
    },
    {
      "type": "Feature",
      "id": 545,
      "geometry": {
        "type": "Point",
        "coordinates": [-84.516756946271485, 39.077477022945985]
      },
      "properties": {
        "OBJECTID": 545,
        "Receiver": "B20506",
        "DU": 6,
        "FrontRow": "No",
        "Existing": 61.5999985,
        "Proposed": 63,
        "Impact": "No",
        "Barrier": 59.9000015,
        "Benefited": "No",
        "ELEVATION": 511.889008,
        "Section": "NSAB",
        "Reduction": 0,
        "x": 5271398.3899338841,
        "y": 4282408.9001583159,
        "MapSection": null,
        "Latitude": 39.077469520000001,
        "Longitude": -84.516752359999998
      }
    },
    {
      "type": "Feature",
      "id": 546,
      "geometry": {
        "type": "Point",
        "coordinates": [-84.51665350435654, 39.07736229608453]
      },
      "properties": {
        "OBJECTID": 546,
        "Receiver": "B20602",
        "DU": 2,
        "FrontRow": "No",
        "Existing": 60.5999985,
        "Proposed": 62.9000015,
        "Impact": "No",
        "Barrier": 60,
        "Benefited": "No",
        "ELEVATION": 513.698975,
        "Section": "NSAB",
        "Reduction": 0,
        "x": 5271428.3101496398,
        "y": 4282367.4999786466,
        "MapSection": null,
        "Latitude": 39.077354790000001,
        "Longitude": -84.516648919999994
      }
    },
    {
      "type": "Feature",
      "id": 547,
      "geometry": {
        "type": "Point",
        "coordinates": [-84.516642926659642, 39.07727782027326]
      },
      "properties": {
        "OBJECTID": 547,
        "Receiver": "B20701",
        "DU": 1,
        "FrontRow": "No",
        "Existing": 60.7999992,
        "Proposed": 63,
        "Impact": "No",
        "Barrier": 60.0999985,
        "Benefited": "No",
        "ELEVATION": 514.567993,
        "Section": "NSAB",
        "Reduction": 0,
        "x": 5271431.7199197263,
        "y": 4282336.7700532228,
        "MapSection": null,
        "Latitude": 39.077270310000003,
        "Longitude": -84.51663834
      }
    },
    {
      "type": "Feature",
      "id": 548,
      "geometry": {
        "type": "Point",
        "coordinates": [-84.516864228735145, 39.077138737598695]
      },
      "properties": {
        "OBJECTID": 548,
        "Receiver": "B20801",
        "DU": 1,
        "FrontRow": "No",
        "Existing": 60.0999985,
        "Proposed": 63.7999992,
        "Impact": "No",
        "Barrier": 61.0999985,
        "Benefited": "No",
        "ELEVATION": 514.877014,
        "Section": "NSAB",
        "Reduction": 0,
        "x": 5271369.5599390566,
        "y": 4282285.2799987197,
        "MapSection": null,
        "Latitude": 39.077131229999999,
        "Longitude": -84.516859640000007
      }
    },
    {
      "type": "Feature",
      "id": 549,
      "geometry": {
        "type": "Point",
        "coordinates": [-84.516572848268297, 39.077393229379965]
      },
      "properties": {
        "OBJECTID": 549,
        "Receiver": "B20902",
        "DU": 2,
        "FrontRow": "No",
        "Existing": 62.2999992,
        "Proposed": 62.7999992,
        "Impact": "No",
        "Barrier": 59.7999992,
        "Benefited": "No",
        "ELEVATION": 515.205994,
        "Section": "NSAB",
        "Reduction": 0,
        "x": 5271451.0601041317,
        "y": 4282379.0698373914,
        "MapSection": null,
        "Latitude": 39.077385720000002,
        "Longitude": -84.51656826
      }
    },
    {
      "type": "Feature",
      "id": 550,
      "geometry": {
        "type": "Point",
        "coordinates": [-84.51645526247988, 39.077418923586215]
      },
      "properties": {
        "OBJECTID": 550,
        "Receiver": "B21002",
        "DU": 2,
        "FrontRow": "No",
        "Existing": 63.4000015,
        "Proposed": 62.4000015,
        "Impact": "No",
        "Barrier": 59.5,
        "Benefited": "No",
        "ELEVATION": 515.487,
        "Section": "NSAB",
        "Reduction": 0,
        "x": 5271484.3198801428,
        "y": 4282388.8700146377,
        "MapSection": null,
        "Latitude": 39.077411419999997,
        "Longitude": -84.516450680000005
      }
    },
    {
      "type": "Feature",
      "id": 551,
      "geometry": {
        "type": "Point",
        "coordinates": [-84.516377993802422, 39.077422437414604]
      },
      "properties": {
        "OBJECTID": 551,
        "Receiver": "B21102",
        "DU": 2,
        "FrontRow": "No",
        "Existing": 63.5,
        "Proposed": 62.2999992,
        "Impact": "No",
        "Barrier": 59.4000015,
        "Benefited": "No",
        "ELEVATION": 516.513977,
        "Section": "NSAB",
        "Reduction": 0,
        "x": 5271506.2401118875,
        "y": 4282390.4398933947,
        "MapSection": null,
        "Latitude": 39.077414930000003,
        "Longitude": -84.51637341
      }
    },
    {
      "type": "Feature",
      "id": 552,
      "geometry": {
        "type": "Point",
        "coordinates": [-84.516287678308004, 39.077437265921979]
      },
      "properties": {
        "OBJECTID": 552,
        "Receiver": "B21202",
        "DU": 2,
        "FrontRow": "No",
        "Existing": 63.0999985,
        "Proposed": 62,
        "Impact": "No",
        "Barrier": 59,
        "Benefited": "No",
        "ELEVATION": 516.674988,
        "Section": "NSAB",
        "Reduction": 0,
        "x": 5271531.8099426329,
        "y": 4282396.1800393909,
        "MapSection": null,
        "Latitude": 39.077429760000001,
        "Longitude": -84.516283090000002
      }
    },
    {
      "type": "Feature",
      "id": 553,
      "geometry": {
        "type": "Point",
        "coordinates": [-84.51616981825741, 39.077454116361615]
      },
      "properties": {
        "OBJECTID": 553,
        "Receiver": "B21303",
        "DU": 3,
        "FrontRow": "No",
        "Existing": 63,
        "Proposed": 61.7999992,
        "Impact": "No",
        "Barrier": 58.7000008,
        "Benefited": "No",
        "ELEVATION": 517.77301,
        "Section": "NSAB",
        "Reduction": 0,
        "x": 5271565.190125227,
        "y": 4282402.7600787282,
        "MapSection": null,
        "Latitude": 39.077446610000003,
        "Longitude": -84.516165229999999
      }
    },
    {
      "type": "Feature",
      "id": 554,
      "geometry": {
        "type": "Point",
        "coordinates": [-84.516606546448415, 39.076959689647985]
      },
      "properties": {
        "OBJECTID": 554,
        "Receiver": "B21401",
        "DU": 1,
        "FrontRow": "No",
        "Existing": 62.7000008,
        "Proposed": 63.2999992,
        "Impact": "No",
        "Barrier": 60.7999992,
        "Benefited": "No",
        "ELEVATION": 518.91803,
        "Section": "NSAB",
        "Reduction": 0,
        "x": 5271443.5801322162,
        "y": 4282221.0301272273,
        "MapSection": null,
        "Latitude": 39.076952179999999,
        "Longitude": -84.516601960000003
      }
    },
    {
      "type": "Feature",
      "id": 555,
      "geometry": {
        "type": "Point",
        "coordinates": [-84.516520459468296, 39.076837371728445]
      },
      "properties": {
        "OBJECTID": 555,
        "Receiver": "B21502",
        "DU": 2,
        "FrontRow": "No",
        "Existing": 62.7999992,
        "Proposed": 63.2000008,
        "Impact": "No",
        "Barrier": 60.7999992,
        "Benefited": "No",
        "ELEVATION": 521.033997,
        "Section": "NSAB",
        "Reduction": 0,
        "x": 5271468.609937802,
        "y": 4282176.7999007255,
        "MapSection": null,
        "Latitude": 39.076829869999997,
        "Longitude": -84.51651588
      }
    },
    {
      "type": "Feature",
      "id": 556,
      "geometry": {
        "type": "Point",
        "coordinates": [-84.516419237850528, 39.076859719849594]
      },
      "properties": {
        "OBJECTID": 556,
        "Receiver": "B21602",
        "DU": 2,
        "FrontRow": "No",
        "Existing": 62.5999985,
        "Proposed": 62.9000015,
        "Impact": "No",
        "Barrier": 60.4000015,
        "Benefited": "No",
        "ELEVATION": 521.297974,
        "Section": "NSAB",
        "Reduction": 0,
        "x": 5271497.2401298881,
        "y": 4282185.3198968172,
        "MapSection": null,
        "Latitude": 39.076852209999998,
        "Longitude": -84.516414650000002
      }
    },
    {
      "type": "Feature",
      "id": 557,
      "geometry": {
        "type": "Point",
        "coordinates": [-84.516715699958567, 39.0767022217942]
      },
      "properties": {
        "OBJECTID": 557,
        "Receiver": "B21701",
        "DU": 1,
        "FrontRow": "No",
        "Existing": 69.3000031,
        "Proposed": 63.9000015,
        "Impact": "No",
        "Barrier": 61.5999985,
        "Benefited": "No",
        "ELEVATION": 520.656982,
        "Section": "NSAB",
        "Reduction": 0,
        "x": 5271413.8298636377,
        "y": 4282126.8400269002,
        "MapSection": null,
        "Latitude": 39.076694719999999,
        "Longitude": -84.516711119999997
      }
    },
    {
      "type": "Feature",
      "id": 558,
      "geometry": {
        "type": "Point",
        "coordinates": [-84.516653480279786, 39.076711519480327]
      },
      "properties": {
        "OBJECTID": 558,
        "Receiver": "B21801",
        "DU": 1,
        "FrontRow": "No",
        "Existing": 68.5,
        "Proposed": 64,
        "Impact": "No",
        "Barrier": 61.5999985,
        "Benefited": "No",
        "ELEVATION": 523.502014,
        "Section": "NSAB",
        "Reduction": 0,
        "x": 5271431.4499071389,
        "y": 4282130.4600984007,
        "MapSection": null,
        "Latitude": 39.07670401,
        "Longitude": -84.516648900000007
      }
    },
    {
      "type": "Feature",
      "id": 559,
      "geometry": {
        "type": "Point",
        "coordinates": [-84.516556144594503, 39.076727016264371]
      },
      "properties": {
        "OBJECTID": 559,
        "Receiver": "B21901",
        "DU": 1,
        "FrontRow": "No",
        "Existing": 68,
        "Proposed": 63.7999992,
        "Impact": "No",
        "Barrier": 61.2000008,
        "Benefited": "No",
        "ELEVATION": 524.161011,
        "Section": "NSAB",
        "Reduction": 0,
        "x": 5271459.0098913908,
        "y": 4282136.4699288905,
        "MapSection": null,
        "Latitude": 39.076719509999997,
        "Longitude": -84.516551559999996
      }
    },
    {
      "type": "Feature",
      "id": 560,
      "geometry": {
        "type": "Point",
        "coordinates": [-84.516442914758429, 39.076747154596248]
      },
      "properties": {
        "OBJECTID": 560,
        "Receiver": "B22003",
        "DU": 3,
        "FrontRow": "No",
        "Existing": 66,
        "Proposed": 63.5,
        "Impact": "No",
        "Barrier": 60.9000015,
        "Benefited": "No",
        "ELEVATION": 525.771973,
        "Section": "NSAB",
        "Reduction": 0,
        "x": 5271491.0600241423,
        "y": 4282144.2300839722,
        "MapSection": null,
        "Latitude": 39.07673965,
        "Longitude": -84.51643833
      }
    },
    {
      "type": "Feature",
      "id": 561,
      "geometry": {
        "type": "Point",
        "coordinates": [-84.516329453257583, 39.076797572073829]
      },
      "properties": {
        "OBJECTID": 561,
        "Receiver": "B22104",
        "DU": 4,
        "FrontRow": "No",
        "Existing": 66,
        "Proposed": 63.2000008,
        "Impact": "No",
        "Barrier": 60.4000015,
        "Benefited": "No",
        "ELEVATION": 526.304016,
        "Section": "NSAB",
        "Reduction": 0,
        "x": 5271523.0301045477,
        "y": 4282163.020072639,
        "MapSection": null,
        "Latitude": 39.076790070000001,
        "Longitude": -84.516324870000005
      }
    },
    {
      "type": "Feature",
      "id": 562,
      "geometry": {
        "type": "Point",
        "coordinates": [-84.518286279857307, 39.078086657187171]
      },
      "properties": {
        "OBJECTID": 562,
        "Receiver": "B22201",
        "DU": 1,
        "FrontRow": "No",
        "Existing": 65.3000031,
        "Proposed": 66.9000015,
        "Impact": "Yes",
        "Barrier": 62.5,
        "Benefited": "No",
        "ELEVATION": 512.159973,
        "Section": "NSAB",
        "Reduction": 4.4000015258789062,
        "x": 5270961.2700732201,
        "y": 4282625.2199356407,
        "MapSection": null,
        "Latitude": 39.078079150000001,
        "Longitude": -84.518281700000003
      }
    },
    {
      "type": "Feature",
      "id": 563,
      "geometry": {
        "type": "Point",
        "coordinates": [-84.519269803633563, 39.083087320247024]
      },
      "properties": {
        "OBJECTID": 563,
        "Receiver": "B22302",
        "DU": 2,
        "FrontRow": "No",
        "Existing": 65,
        "Proposed": 62.4000015,
        "Impact": "No",
        "Barrier": 59.7999992,
        "Benefited": "No",
        "ELEVATION": 522.523987,
        "Section": "NSAB",
        "Reduction": 4.9000015258789062,
        "x": 5270658.0200235546,
        "y": 4284442.989922151,
        "MapSection": null,
        "Latitude": 39.083079810000001,
        "Longitude": -84.519265219999994
      }
    },
    {
      "type": "Feature",
      "id": 564,
      "geometry": {
        "type": "Point",
        "coordinates": [-84.51922367392261, 39.080070259226638]
      },
      "properties": {
        "OBJECTID": 564,
        "Receiver": "B22402",
        "DU": 2,
        "FrontRow": "No",
        "Existing": 64.5,
        "Proposed": 64.9000015,
        "Impact": "No",
        "Barrier": 61.9000015,
        "Benefited": "Yes",
        "ELEVATION": 519.630005,
        "Section": "NSAB",
        "Reduction": 6.3999977111816406,
        "x": 5270685.6098633856,
        "y": 4283344.2201380581,
        "MapSection": null,
        "Latitude": 39.080062750000003,
        "Longitude": -84.519219090000007
      }
    },
    {
      "type": "Feature",
      "id": 565,
      "geometry": {
        "type": "Point",
        "coordinates": [-84.51857391358088, 39.078454758042298]
      },
      "properties": {
        "OBJECTID": 565,
        "Receiver": "B22502",
        "DU": 2,
        "FrontRow": "No",
        "Existing": 61.5999985,
        "Proposed": 63.0999985,
        "Impact": "No",
        "Barrier": 61.2999992,
        "Benefited": "Yes",
        "ELEVATION": 513.059998,
        "Section": "NSAB",
        "Reduction": 5.0999984741210938,
        "x": 5270877.8401219696,
        "y": 4282758.2199977338,
        "MapSection": null,
        "Latitude": 39.078447250000004,
        "Longitude": -84.518569330000005
      }
    },
    {
      "type": "Feature",
      "id": 566,
      "geometry": {
        "type": "Point",
        "coordinates": [-84.519724112437302, 39.079838472497009]
      },
      "properties": {
        "OBJECTID": 566,
        "Receiver": "B22605",
        "DU": 5,
        "FrontRow": "No",
        "Existing": 62.5,
        "Proposed": 68.9000015,
        "Impact": "Yes",
        "Barrier": 61.7999992,
        "Benefited": "Yes",
        "ELEVATION": 515.617981,
        "Section": "NSAB",
        "Reduction": 7.1000022888183594,
        "x": 5270544.6498434693,
        "y": 4283257.9201138169,
        "MapSection": null,
        "Latitude": 39.079830970000003,
        "Longitude": -84.519719530000003
      }
    },
    {
      "type": "Feature",
      "id": 567,
      "geometry": {
        "type": "Point",
        "coordinates": [-84.518256036551904, 39.075748036628134]
      },
      "properties": {
        "OBJECTID": 567,
        "Receiver": "C00101-F",
        "DU": 1,
        "FrontRow": "Yes",
        "Existing": 71.4000015,
        "Proposed": 71.5,
        "Impact": "Yes",
        "Barrier": 68.9000015,
        "Benefited": "No",
        "ELEVATION": 518.846985,
        "Section": "NSAC1",
        "Reduction": 4.2999954223632812,
        "x": 5270981.1000860482,
        "y": 4281773.5100248903,
        "MapSection": null,
        "Latitude": 39.075740529999997,
        "Longitude": -84.518251449999994
      }
    },
    {
      "type": "Feature",
      "id": 568,
      "geometry": {
        "type": "Point",
        "coordinates": [-84.5180359316699, 39.075758647770321]
      },
      "properties": {
        "OBJECTID": 568,
        "Receiver": "C00201",
        "DU": 1,
        "FrontRow": "No",
        "Existing": 69.9000015,
        "Proposed": 69.5999985,
        "Impact": "Yes",
        "Barrier": 66,
        "Benefited": "No",
        "ELEVATION": 521.455017,
        "Section": "NSAC1",
        "Reduction": 3.5999984741210938,
        "x": 5271043.5399218053,
        "y": 4281778.1999761462,
        "MapSection": null,
        "Latitude": 39.075751140000001,
        "Longitude": -84.518031350000001
      }
    },
    {
      "type": "Feature",
      "id": 569,
      "geometry": {
        "type": "Point",
        "coordinates": [-84.517842974768143, 39.07583828345409]
      },
      "properties": {
        "OBJECTID": 569,
        "Receiver": "C00302",
        "DU": 2,
        "FrontRow": "No",
        "Existing": 69.4000015,
        "Proposed": 69.1999969,
        "Impact": "Yes",
        "Barrier": 66.0999985,
        "Benefited": "No",
        "ELEVATION": 526.570984,
        "Section": "NSAC1",
        "Reduction": 3.0999984741210938,
        "x": 5271097.940075472,
        "y": 4281807.9299035668,
        "MapSection": null,
        "Latitude": 39.075830779999997,
        "Longitude": -84.517838389999994
      }
    },
    {
      "type": "Feature",
      "id": 570,
      "geometry": {
        "type": "Point",
        "coordinates": [-84.51767799429291, 39.075800922726145]
      },
      "properties": {
        "OBJECTID": 570,
        "Receiver": "C00401",
        "DU": 1,
        "FrontRow": "No",
        "Existing": 67.4000015,
        "Proposed": 68.4000015,
        "Impact": "Yes",
        "Barrier": 65.3000031,
        "Benefited": "No",
        "ELEVATION": 525.942993,
        "Section": "NSAC1",
        "Reduction": 3.0999984741210938,
        "x": 5271144.9599945545,
        "y": 4281794.9401001483,
        "MapSection": null,
        "Latitude": 39.075793419999997,
        "Longitude": -84.51767341
      }
    },
    {
      "type": "Feature",
      "id": 571,
      "geometry": {
        "type": "Point",
        "coordinates": [-84.51738685303188, 39.075898380344313]
      },
      "properties": {
        "OBJECTID": 571,
        "Receiver": "C00501",
        "DU": 1,
        "FrontRow": "No",
        "Existing": 67.1999969,
        "Proposed": 67.5,
        "Impact": "Yes",
        "Barrier": 64.8000031,
        "Benefited": "No",
        "ELEVATION": 528.72699,
        "Section": "NSAC1",
        "Reduction": 2.6999969482421875,
        "x": 5271227.1501188874,
        "y": 4281831.5299219787,
        "MapSection": null,
        "Latitude": 39.075890870000002,
        "Longitude": -84.517382269999999
      }
    },
    {
      "type": "Feature",
      "id": 572,
      "geometry": {
        "type": "Point",
        "coordinates": [-84.517981939332898, 39.075496425497107]
      },
      "properties": {
        "OBJECTID": 572,
        "Receiver": "C00601-F",
        "DU": 1,
        "FrontRow": "Yes",
        "Existing": 70.6999969,
        "Proposed": 69.8000031,
        "Impact": "Yes",
        "Barrier": 64.8000031,
        "Benefited": "Yes",
        "ELEVATION": 522.901001,
        "Section": "NSAC1",
        "Reduction": 5,
        "x": 5271060.1301117241,
        "y": 4281682.8901273906,
        "MapSection": null,
        "Latitude": 39.075488919999998,
        "Longitude": -84.517977360000003
      }
    },
    {
      "type": "Feature",
      "id": 573,
      "geometry": {
        "type": "Point",
        "coordinates": [-84.517558332246864, 39.075437897268444]
      },
      "properties": {
        "OBJECTID": 573,
        "Receiver": "C00701",
        "DU": 1,
        "FrontRow": "No",
        "Existing": 67.5999985,
        "Proposed": 68.5,
        "Impact": "Yes",
        "Barrier": 64.0999985,
        "Benefited": "No",
        "ELEVATION": 530.132996,
        "Section": "NSAC1",
        "Reduction": 4.4000015258789062,
        "x": 5271180.6800674647,
        "y": 4281663.1598518938,
        "MapSection": null,
        "Latitude": 39.075430390000001,
        "Longitude": -84.517553750000005
      }
    },
    {
      "type": "Feature",
      "id": 574,
      "geometry": {
        "type": "Point",
        "coordinates": [-84.517457042124207, 39.075437485898554]
      },
      "properties": {
        "OBJECTID": 574,
        "Receiver": "C00801",
        "DU": 1,
        "FrontRow": "No",
        "Existing": 67.4000015,
        "Proposed": 68.0999985,
        "Impact": "Yes",
        "Barrier": 63.9000015,
        "Benefited": "No",
        "ELEVATION": 531.362976,
        "Section": "NSAC1",
        "Reduction": 4.1999969482421875,
        "x": 5271209.4398524761,
        "y": 4281663.3898383081,
        "MapSection": null,
        "Latitude": 39.075429980000003,
        "Longitude": -84.517452460000001
      }
    },
    {
      "type": "Feature",
      "id": 575,
      "geometry": {
        "type": "Point",
        "coordinates": [-84.517283026040175, 39.07545529679976]
      },
      "properties": {
        "OBJECTID": 575,
        "Receiver": "C00901",
        "DU": 1,
        "FrontRow": "No",
        "Existing": 66.1999969,
        "Proposed": 67.4000015,
        "Impact": "Yes",
        "Barrier": 63.5999985,
        "Benefited": "No",
        "ELEVATION": 532.822021,
        "Section": "NSAC1",
        "Reduction": 3.8000030517578125,
        "x": 5271258.7599638104,
        "y": 4281670.529915899,
        "MapSection": null,
        "Latitude": 39.075447789999998,
        "Longitude": -84.517278439999998
      }
    },
    {
      "type": "Feature",
      "id": 576,
      "geometry": {
        "type": "Point",
        "coordinates": [-84.517186089663113, 39.07547434077226]
      },
      "properties": {
        "OBJECTID": 576,
        "Receiver": "C01001",
        "DU": 1,
        "FrontRow": "No",
        "Existing": 65.5,
        "Proposed": 67,
        "Impact": "Yes",
        "Barrier": 63.4000015,
        "Benefited": "No",
        "ELEVATION": 533.721008,
        "Section": "NSAC1",
        "Reduction": 3.5999984741210938,
        "x": 5271286.1900270581,
        "y": 4281677.8300981373,
        "MapSection": null,
        "Latitude": 39.075466830000003,
        "Longitude": -84.51718151
      }
    },
    {
      "type": "Feature",
      "id": 577,
      "geometry": {
        "type": "Point",
        "coordinates": [-84.518206116953635, 39.075116375850051]
      },
      "properties": {
        "OBJECTID": 577,
        "Receiver": "C01201-F",
        "DU": 1,
        "FrontRow": "Yes",
        "Existing": 73.6999969,
        "Proposed": 72.8000031,
        "Impact": "Yes",
        "Barrier": 64.6999969,
        "Benefited": "Yes",
        "ELEVATION": 527.598022,
        "Section": "NSAC1",
        "Reduction": 8.100006103515625,
        "x": 5270998.310025394,
        "y": 4281543.6200647205,
        "MapSection": null,
        "Latitude": 39.075108870000001,
        "Longitude": -84.518201529999999
      }
    },
    {
      "type": "Feature",
      "id": 578,
      "geometry": {
        "type": "Point",
        "coordinates": [-84.518139944144309, 39.075161652937929]
      },
      "properties": {
        "OBJECTID": 578,
        "Receiver": "C01301",
        "DU": 1,
        "FrontRow": "No",
        "Existing": 73.0999985,
        "Proposed": 72.3000031,
        "Impact": "Yes",
        "Barrier": 65.1999969,
        "Benefited": "Yes",
        "ELEVATION": 529.788025,
        "Section": "NSAC1",
        "Reduction": 7.100006103515625,
        "x": 5271016.8798701316,
        "y": 4281560.3598606437,
        "MapSection": null,
        "Latitude": 39.075154150000003,
        "Longitude": -84.518135360000002
      }
    },
    {
      "type": "Feature",
      "id": 579,
      "geometry": {
        "type": "Point",
        "coordinates": [-84.518063921601396, 39.075162491074238]
      },
      "properties": {
        "OBJECTID": 579,
        "Receiver": "C01401",
        "DU": 1,
        "FrontRow": "No",
        "Existing": 72.1999969,
        "Proposed": 71.9000015,
        "Impact": "Yes",
        "Barrier": 65.6999969,
        "Benefited": "Yes",
        "ELEVATION": 532.129028,
        "Section": "NSAC1",
        "Reduction": 6.2000045776367188,
        "x": 5271038.4598794729,
        "y": 4281560.9500825554,
        "MapSection": null,
        "Latitude": 39.075154990000001,
        "Longitude": -84.518059339999994
      }
    },
    {
      "type": "Feature",
      "id": 580,
      "geometry": {
        "type": "Point",
        "coordinates": [-84.517988966342031, 39.075247953866935]
      },
      "properties": {
        "OBJECTID": 580,
        "Receiver": "C01501",
        "DU": 1,
        "FrontRow": "No",
        "Existing": 71.9000015,
        "Proposed": 71.3000031,
        "Impact": "Yes",
        "Barrier": 65.9000015,
        "Benefited": "Yes",
        "ELEVATION": 533.651978,
        "Section": "NSAC1",
        "Reduction": 5.4000015258789062,
        "x": 5271059.3299164772,
        "y": 4281592.3601247221,
        "MapSection": null,
        "Latitude": 39.075240450000003,
        "Longitude": -84.517984380000001
      }
    },
    {
      "type": "Feature",
      "id": 581,
      "geometry": {
        "type": "Point",
        "coordinates": [-84.517906266350749, 39.07528531896434]
      },
      "properties": {
        "OBJECTID": 581,
        "Receiver": "C01601",
        "DU": 1,
        "FrontRow": "No",
        "Existing": 71,
        "Proposed": 70.6999969,
        "Impact": "Yes",
        "Barrier": 65.5,
        "Benefited": "Yes",
        "ELEVATION": 533.116028,
        "Section": "NSAC1",
        "Reduction": 5.1999969482421875,
        "x": 5271082.6300667226,
        "y": 4281606.2800443918,
        "MapSection": null,
        "Latitude": 39.075277810000003,
        "Longitude": -84.517901679999994
      }
    },
    {
      "type": "Feature",
      "id": 582,
      "geometry": {
        "type": "Point",
        "coordinates": [-84.51781563480445, 39.075281530862377]
      },
      "properties": {
        "OBJECTID": 582,
        "Receiver": "C01701",
        "DU": 1,
        "FrontRow": "No",
        "Existing": 70.3000031,
        "Proposed": 70.3000031,
        "Impact": "Yes",
        "Barrier": 65.3000031,
        "Benefited": "Yes",
        "ELEVATION": 535.539978,
        "Section": "NSAC1",
        "Reduction": 5,
        "x": 5271108.3800152242,
        "y": 4281605.2400202304,
        "MapSection": null,
        "Latitude": 39.075274030000003,
        "Longitude": -84.517811050000006
      }
    },
    {
      "type": "Feature",
      "id": 583,
      "geometry": {
        "type": "Point",
        "coordinates": [-84.517869158545736, 39.074392369699098]
      },
      "properties": {
        "OBJECTID": 583,
        "Receiver": "C01801-F",
        "DU": 1,
        "FrontRow": "Yes",
        "Existing": 71.4000015,
        "Proposed": 71.0999985,
        "Impact": "Yes",
        "Barrier": 59,
        "Benefited": "Yes",
        "ELEVATION": 525.539001,
        "Section": "NSAC1",
        "Reduction": 12.099998474121094,
        "x": 5271097.4600895494,
        "y": 4281281.1701303124,
        "MapSection": null,
        "Latitude": 39.074384860000002,
        "Longitude": -84.51786457
      }
    },
    {
      "type": "Feature",
      "id": 584,
      "geometry": {
        "type": "Point",
        "coordinates": [-84.517776484835295, 39.07457365712574]
      },
      "properties": {
        "OBJECTID": 584,
        "Receiver": "C01901-V",
        "DU": 1,
        "FrontRow": "No",
        "Existing": 70.6999969,
        "Proposed": 70.4000015,
        "Impact": "Yes",
        "Barrier": 60.7999992,
        "Benefited": "Yes",
        "ELEVATION": 527.453003,
        "Section": "NSAC1",
        "Reduction": 9.6000022888183594,
        "x": 5271122.8999993056,
        "y": 4281347.5499188155,
        "MapSection": null,
        "Latitude": 39.074566150000003,
        "Longitude": -84.5177719
      }
    },
    {
      "type": "Feature",
      "id": 585,
      "geometry": {
        "type": "Point",
        "coordinates": [-84.517627214808584, 39.074496868153595]
      },
      "properties": {
        "OBJECTID": 585,
        "Receiver": "C02001",
        "DU": 1,
        "FrontRow": "No",
        "Existing": 70.1999969,
        "Proposed": 70.0999985,
        "Impact": "Yes",
        "Barrier": 62.2000008,
        "Benefited": "Yes",
        "ELEVATION": 533.093994,
        "Section": "NSAC1",
        "Reduction": 7.8999977111816406,
        "x": 5271165.6499138027,
        "y": 4281320.1398686469,
        "MapSection": null,
        "Latitude": 39.074489360000001,
        "Longitude": -84.517622630000005
      }
    },
    {
      "type": "Feature",
      "id": 586,
      "geometry": {
        "type": "Point",
        "coordinates": [-84.517502794848397, 39.074456382979839]
      },
      "properties": {
        "OBJECTID": 586,
        "Receiver": "C02101",
        "DU": 1,
        "FrontRow": "No",
        "Existing": 69.6999969,
        "Proposed": 69.9000015,
        "Impact": "Yes",
        "Barrier": 63.5999985,
        "Benefited": "Yes",
        "ELEVATION": 538.625,
        "Section": "NSAC1",
        "Reduction": 6.3000030517578125,
        "x": 5271201.1698558927,
        "y": 4281305.8600415587,
        "MapSection": null,
        "Latitude": 39.074448879999998,
        "Longitude": -84.517498209999999
      }
    },
    {
      "type": "Feature",
      "id": 587,
      "geometry": {
        "type": "Point",
        "coordinates": [-84.517654302245532, 39.073879259922755]
      },
      "properties": {
        "OBJECTID": 587,
        "Receiver": "C02201-F",
        "DU": 1,
        "FrontRow": "Yes",
        "Existing": 70.6999969,
        "Proposed": 70.8000031,
        "Impact": "Yes",
        "Barrier": 69.8000031,
        "Benefited": "Yes",
        "ELEVATION": 531.536011,
        "Section": "NSAC1",
        "Reduction": 8.1000022888183594,
        "x": 5271160.9301069677,
        "y": 4281095.0799513161,
        "MapSection": null,
        "Latitude": 39.073871750000002,
        "Longitude": -84.517649719999994
      }
    },
    {
      "type": "Feature",
      "id": 588,
      "geometry": {
        "type": "Point",
        "coordinates": [-84.517636257075026, 39.074073314129755]
      },
      "properties": {
        "OBJECTID": 588,
        "Receiver": "C02302",
        "DU": 2,
        "FrontRow": "No",
        "Existing": 70.0999985,
        "Proposed": 70.0999985,
        "Impact": "Yes",
        "Barrier": 69.3000031,
        "Benefited": "Yes",
        "ELEVATION": 534.039978,
        "Section": "NSAC1",
        "Reduction": 8.3999977111816406,
        "x": 5271165.120059222,
        "y": 4281165.8301378936,
        "MapSection": null,
        "Latitude": 39.07406581,
        "Longitude": -84.51763167
      }
    },
    {
      "type": "Feature",
      "id": 589,
      "geometry": {
        "type": "Point",
        "coordinates": [-84.517398769573958, 39.073966844629268]
      },
      "properties": {
        "OBJECTID": 589,
        "Receiver": "C02402",
        "DU": 2,
        "FrontRow": "No",
        "Existing": 68.5,
        "Proposed": 69.9000015,
        "Impact": "Yes",
        "Barrier": 64.5999985,
        "Benefited": "Yes",
        "ELEVATION": 540.880005,
        "Section": "NSAC1",
        "Reduction": 5.3000030517578125,
        "x": 5271233.059883967,
        "y": 4281127.9401218146,
        "MapSection": null,
        "Latitude": 39.073959340000002,
        "Longitude": -84.517394190000005
      }
    },
    {
      "type": "Feature",
      "id": 590,
      "geometry": {
        "type": "Point",
        "coordinates": [-84.517514386856107, 39.07342301059321]
      },
      "properties": {
        "OBJECTID": 590,
        "Receiver": "C02501-F",
        "DU": 1,
        "FrontRow": "Yes",
        "Existing": 69.0999985,
        "Proposed": 69.4000015,
        "Impact": "Yes",
        "Barrier": 66.4000015,
        "Benefited": "Yes",
        "ELEVATION": 526.299011,
        "Section": "NSAC1",
        "Reduction": 8.2999954223632812,
        "x": 5271202.8499706388,
        "y": 4280929.4198495597,
        "MapSection": null,
        "Latitude": 39.073415509999997,
        "Longitude": -84.517509799999999
      }
    },
    {
      "type": "Feature",
      "id": 591,
      "geometry": {
        "type": "Point",
        "coordinates": [-84.517170535513841, 39.073503508309805]
      },
      "properties": {
        "OBJECTID": 591,
        "Receiver": "C02601",
        "DU": 1,
        "FrontRow": "No",
        "Existing": 68.4000015,
        "Proposed": 68.8000031,
        "Impact": "Yes",
        "Barrier": 63.5999985,
        "Benefited": "Yes",
        "ELEVATION": 539.718994,
        "Section": "NSAC1",
        "Reduction": 5.2000045776367188,
        "x": 5271300.0899336338,
        "y": 4280960.0300245583,
        "MapSection": null,
        "Latitude": 39.073495999999999,
        "Longitude": -84.517165950000006
      }
    },
    {
      "type": "Feature",
      "id": 592,
      "geometry": {
        "type": "Point",
        "coordinates": [-84.517083445637141, 39.073567211874582]
      },
      "properties": {
        "OBJECTID": 592,
        "Receiver": "C02701",
        "DU": 1,
        "FrontRow": "No",
        "Existing": 67.4000015,
        "Proposed": 68.5999985,
        "Impact": "Yes",
        "Barrier": 64.3000031,
        "Benefited": "No",
        "ELEVATION": 543.830994,
        "Section": "NSAC1",
        "Reduction": 4.2999954223632812,
        "x": 5271324.5101603866,
        "y": 4280983.5601612329,
        "MapSection": null,
        "Latitude": 39.073559709999998,
        "Longitude": -84.517078859999998
      }
    },
    {
      "type": "Feature",
      "id": 593,
      "geometry": {
        "type": "Point",
        "coordinates": [-84.517208762974192, 39.073255467624001]
      },
      "properties": {
        "OBJECTID": 593,
        "Receiver": "C02801",
        "DU": 1,
        "FrontRow": "No",
        "Existing": 68.6999969,
        "Proposed": 68.3000031,
        "Impact": "Yes",
        "Barrier": 67.1999969,
        "Benefited": "Yes",
        "ELEVATION": 535.353027,
        "Section": "NSAC1",
        "Reduction": 5.7000045776367188,
        "x": 5271290.4298479706,
        "y": 4280869.5400480628,
        "MapSection": null,
        "Latitude": 39.073247960000003,
        "Longitude": -84.517204179999993
      }
    },
    {
      "type": "Feature",
      "id": 594,
      "geometry": {
        "type": "Point",
        "coordinates": [-84.517183679139578, 39.073185145908838]
      },
      "properties": {
        "OBJECTID": 594,
        "Receiver": "C02901",
        "DU": 1,
        "FrontRow": "No",
        "Existing": 68.6999969,
        "Proposed": 68.1999969,
        "Impact": "Yes",
        "Barrier": 67.1999969,
        "Benefited": "Yes",
        "ELEVATION": 536.002991,
        "Section": "NSAC1",
        "Reduction": 5.4999961853027344,
        "x": 5271297.8901348859,
        "y": 4280844.0200859755,
        "MapSection": null,
        "Latitude": 39.073177639999997,
        "Longitude": -84.517179100000007
      }
    },
    {
      "type": "Feature",
      "id": 595,
      "geometry": {
        "type": "Point",
        "coordinates": [-84.517160670764397, 39.073115092359309]
      },
      "properties": {
        "OBJECTID": 595,
        "Receiver": "C03001",
        "DU": 1,
        "FrontRow": "No",
        "Existing": 68.6999969,
        "Proposed": 68.1999969,
        "Impact": "Yes",
        "Barrier": 67.1999969,
        "Benefited": "Yes",
        "ELEVATION": 537.176025,
        "Section": "NSAC1",
        "Reduction": 5.2999954223632812,
        "x": 5271304.7598718107,
        "y": 4280818.5900187343,
        "MapSection": null,
        "Latitude": 39.073107589999999,
        "Longitude": -84.51715609
      }
    },
    {
      "type": "Feature",
      "id": 596,
      "geometry": {
        "type": "Point",
        "coordinates": [-84.517129543798276, 39.073058462564809]
      },
      "properties": {
        "OBJECTID": 596,
        "Receiver": "C03101",
        "DU": 1,
        "FrontRow": "No",
        "Existing": 68.5999985,
        "Proposed": 68,
        "Impact": "Yes",
        "Barrier": 67,
        "Benefited": "Yes",
        "ELEVATION": 537.244995,
        "Section": "NSAC1",
        "Reduction": 5.1999969482421875,
        "x": 5271313.8700897992,
        "y": 4280798.0798891485,
        "MapSection": null,
        "Latitude": 39.073050960000003,
        "Longitude": -84.517124960000004
      }
    },
    {
      "type": "Feature",
      "id": 597,
      "geometry": {
        "type": "Point",
        "coordinates": [-84.517106081923799, 39.072998535758543]
      },
      "properties": {
        "OBJECTID": 597,
        "Receiver": "C03201",
        "DU": 1,
        "FrontRow": "No",
        "Existing": 68.4000015,
        "Proposed": 67.9000015,
        "Impact": "Yes",
        "Barrier": 66.8000031,
        "Benefited": "Yes",
        "ELEVATION": 537.028015,
        "Section": "NSAC1",
        "Reduction": 5,
        "x": 5271320.819879055,
        "y": 4280776.3401032239,
        "MapSection": null,
        "Latitude": 39.072991029999997,
        "Longitude": -84.517101499999995
      }
    },
    {
      "type": "Feature",
      "id": 598,
      "geometry": {
        "type": "Point",
        "coordinates": [-84.517057476815722, 39.072911279403726]
      },
      "properties": {
        "OBJECTID": 598,
        "Receiver": "C03301",
        "DU": 1,
        "FrontRow": "No",
        "Existing": 68,
        "Proposed": 68,
        "Impact": "Yes",
        "Barrier": 63,
        "Benefited": "Yes",
        "ELEVATION": 535.265991,
        "Section": "NSAC1",
        "Reduction": 5,
        "x": 5271335.03999497,
        "y": 4280744.7401008159,
        "MapSection": null,
        "Latitude": 39.072903770000003,
        "Longitude": -84.517052890000002
      }
    },
    {
      "type": "Feature",
      "id": 599,
      "geometry": {
        "type": "Point",
        "coordinates": [-84.516849794289314, 39.072451365825977]
      },
      "properties": {
        "OBJECTID": 599,
        "Receiver": "C03401",
        "DU": 1,
        "FrontRow": "No",
        "Existing": 66.8000031,
        "Proposed": 66.9000015,
        "Impact": "Yes",
        "Barrier": 63,
        "Benefited": "No",
        "ELEVATION": 533.781982,
        "Section": "NSAC1",
        "Reduction": 3.9000015258789062,
        "x": 5271396.2199907154,
        "y": 4280577.9999487251,
        "MapSection": null,
        "Latitude": 39.07244386,
        "Longitude": -84.51684521
      }
    },
    {
      "type": "Feature",
      "id": 600,
      "geometry": {
        "type": "Point",
        "coordinates": [-84.516197841813678, 39.07282030670082]
      },
      "properties": {
        "OBJECTID": 600,
        "Receiver": "C03502",
        "DU": 2,
        "FrontRow": "No",
        "Existing": 61,
        "Proposed": 64.4000015,
        "Impact": "No",
        "Barrier": 61.2999992,
        "Benefited": "No",
        "ELEVATION": 538.372009,
        "Section": "NSAC1",
        "Reduction": 3.1000022888183594,
        "x": 5271579.5500046313,
        "y": 4280714.8300556391,
        "MapSection": null,
        "Latitude": 39.072812800000001,
        "Longitude": -84.516193259999994
      }
    },
    {
      "type": "Feature",
      "id": 601,
      "geometry": {
        "type": "Point",
        "coordinates": [-84.516174856412405, 39.072732270962007]
      },
      "properties": {
        "OBJECTID": 601,
        "Receiver": "C03602",
        "DU": 2,
        "FrontRow": "No",
        "Existing": 60.7999992,
        "Proposed": 64.3000031,
        "Impact": "No",
        "Barrier": 61.2999992,
        "Benefited": "No",
        "ELEVATION": 537.625,
        "Section": "NSAC1",
        "Reduction": 3.0000038146972656,
        "x": 5271586.500121966,
        "y": 4280682.8501327336,
        "MapSection": null,
        "Latitude": 39.072724770000001,
        "Longitude": -84.516170270000003
      }
    },
    {
      "type": "Feature",
      "id": 602,
      "geometry": {
        "type": "Point",
        "coordinates": [-84.516170818710634, 39.072667162273838]
      },
      "properties": {
        "OBJECTID": 602,
        "Receiver": "C03703",
        "DU": 3,
        "FrontRow": "No",
        "Existing": 60.5999985,
        "Proposed": 64.1999969,
        "Impact": "No",
        "Barrier": 61.0999985,
        "Benefited": "No",
        "ELEVATION": 536.492004,
        "Section": "NSAC1",
        "Reduction": 3.0999984741210938,
        "x": 5271587.9600927979,
        "y": 4280659.1500488967,
        "MapSection": null,
        "Latitude": 39.072659659999999,
        "Longitude": -84.516166240000004
      }
    },
    {
      "type": "Feature",
      "id": 603,
      "geometry": {
        "type": "Point",
        "coordinates": [-84.516138688911596, 39.072590892210208]
      },
      "properties": {
        "OBJECTID": 603,
        "Receiver": "C03802",
        "DU": 2,
        "FrontRow": "No",
        "Existing": 61.7000008,
        "Proposed": 64.0999985,
        "Impact": "No",
        "Barrier": 61.2000008,
        "Benefited": "No",
        "ELEVATION": 537.562988,
        "Section": "NSAC1",
        "Reduction": 2.8999977111816406,
        "x": 5271597.4499032199,
        "y": 4280631.4899992198,
        "MapSection": null,
        "Latitude": 39.072583389999998,
        "Longitude": -84.516134109999996
      }
    },
    {
      "type": "Feature",
      "id": 604,
      "geometry": {
        "type": "Point",
        "coordinates": [-84.516113526895168, 39.072485811979057]
      },
      "properties": {
        "OBJECTID": 604,
        "Receiver": "C03903",
        "DU": 3,
        "FrontRow": "No",
        "Existing": 60.9000015,
        "Proposed": 63.9000015,
        "Impact": "No",
        "Barrier": 61,
        "Benefited": "No",
        "ELEVATION": 534.377014,
        "Section": "NSAC1",
        "Reduction": 2.9000015258789062,
        "x": 5271605.1001503915,
        "y": 4280593.3099574745,
        "MapSection": null,
        "Latitude": 39.072478310000001,
        "Longitude": -84.516108939999995
      }
    },
    {
      "type": "Feature",
      "id": 605,
      "geometry": {
        "type": "Point",
        "coordinates": [-84.516108146057206, 39.072391917350664]
      },
      "properties": {
        "OBJECTID": 605,
        "Receiver": "C04002",
        "DU": 2,
        "FrontRow": "No",
        "Existing": 62.2000008,
        "Proposed": 63.7999992,
        "Impact": "No",
        "Barrier": 61,
        "Benefited": "No",
        "ELEVATION": 533.023987,
        "Section": "NSAC1",
        "Reduction": 2.7999992370605469,
        "x": 5271607.080133304,
        "y": 4280559.1299077272,
        "MapSection": null,
        "Latitude": 39.072384409999998,
        "Longitude": -84.516103560000005
      }
    },
    {
      "type": "Feature",
      "id": 606,
      "geometry": {
        "type": "Point",
        "coordinates": [-84.516046917037457, 39.072091814409625]
      },
      "properties": {
        "OBJECTID": 606,
        "Receiver": "C04101",
        "DU": 1,
        "FrontRow": "No",
        "Existing": 62.4000015,
        "Proposed": 62.5,
        "Impact": "No",
        "Barrier": 60.4000015,
        "Benefited": "No",
        "ELEVATION": 521.513977,
        "Section": "NSAC1",
        "Reduction": 2.0999984741210938,
        "x": 5271625.9101481438,
        "y": 4280450.0500734001,
        "MapSection": null,
        "Latitude": 39.072084310000001,
        "Longitude": -84.516042330000005
      }
    },
    {
      "type": "Feature",
      "id": 607,
      "geometry": {
        "type": "Point",
        "coordinates": [-84.516371914204939, 39.07193691699571]
      },
      "properties": {
        "OBJECTID": 607,
        "Receiver": "C04201",
        "DU": 1,
        "FrontRow": "No",
        "Existing": 62.0999985,
        "Proposed": 62.5999985,
        "Impact": "No",
        "Barrier": 60.7000008,
        "Benefited": "No",
        "ELEVATION": 509.729004,
        "Section": "NSAC1",
        "Reduction": 1.8999977111816406,
        "x": 5271534.380147472,
        "y": 4280392.4100968093,
        "MapSection": null,
        "Latitude": 39.071929410000003,
        "Longitude": -84.516367329999994
      }
    },
    {
      "type": "Feature",
      "id": 608,
      "geometry": {
        "type": "Point",
        "coordinates": [-84.516584519169172, 39.071825912676772]
      },
      "properties": {
        "OBJECTID": 608,
        "Receiver": "C04301",
        "DU": 1,
        "FrontRow": "No",
        "Existing": 62.0999985,
        "Proposed": 62.4000015,
        "Impact": "No",
        "Barrier": 60.5,
        "Benefited": "No",
        "ELEVATION": 505.69101,
        "Section": "NSAC1",
        "Reduction": 1.9000015258789062,
        "x": 5271474.5498865545,
        "y": 4280351.1798643172,
        "MapSection": null,
        "Latitude": 39.071818409999999,
        "Longitude": -84.51657994
      }
    },
    {
      "type": "Feature",
      "id": 609,
      "geometry": {
        "type": "Point",
        "coordinates": [-84.516616573853696, 39.076150275370914]
      },
      "properties": {
        "OBJECTID": 609,
        "Receiver": "C07701",
        "DU": 1,
        "FrontRow": "No",
        "Existing": 63.5999985,
        "Proposed": 64.4000015,
        "Impact": "No",
        "Barrier": 62.4000015,
        "Benefited": "No",
        "ELEVATION": 526.304016,
        "Section": "NSAC1",
        "Reduction": 2,
        "x": 5271444.6299988925,
        "y": 4281926.1701526493,
        "MapSection": null,
        "Latitude": 39.076142769999997,
        "Longitude": -84.516611990000001
      }
    },
    {
      "type": "Feature",
      "id": 610,
      "geometry": {
        "type": "Point",
        "coordinates": [-84.516485474969812, 39.076137915048285]
      },
      "properties": {
        "OBJECTID": 610,
        "Receiver": "C07801",
        "DU": 1,
        "FrontRow": "No",
        "Existing": 63.5,
        "Proposed": 64.4000015,
        "Impact": "No",
        "Barrier": 62.4000015,
        "Benefited": "No",
        "ELEVATION": 531.822998,
        "Section": "NSAC1",
        "Reduction": 2,
        "x": 5271481.9101080596,
        "y": 4281922.1599900573,
        "MapSection": null,
        "Latitude": 39.076130409999998,
        "Longitude": -84.516480889999997
      }
    },
    {
      "type": "Feature",
      "id": 611,
      "geometry": {
        "type": "Point",
        "coordinates": [-84.516406181294087, 39.076115574174757]
      },
      "properties": {
        "OBJECTID": 611,
        "Receiver": "C07901",
        "DU": 1,
        "FrontRow": "No",
        "Existing": 63,
        "Proposed": 64.0999985,
        "Impact": "No",
        "Barrier": 62.2000008,
        "Benefited": "No",
        "ELEVATION": 532.388977,
        "Section": "NSAC1",
        "Reduction": 1.8999977111816406,
        "x": 5271504.5301415473,
        "y": 4281914.3201107234,
        "MapSection": null,
        "Latitude": 39.076108069999997,
        "Longitude": -84.516401599999995
      }
    },
    {
      "type": "Feature",
      "id": 612,
      "geometry": {
        "type": "Point",
        "coordinates": [-84.516327552695429, 39.076110096367607]
      },
      "properties": {
        "OBJECTID": 612,
        "Receiver": "C08001",
        "DU": 1,
        "FrontRow": "No",
        "Existing": 62.7000008,
        "Proposed": 64,
        "Impact": "No",
        "Barrier": 62,
        "Benefited": "No",
        "ELEVATION": 533.536011,
        "Section": "NSAC1",
        "Reduction": 2,
        "x": 5271526.8801624775,
        "y": 4281912.6199828982,
        "MapSection": null,
        "Latitude": 39.076102589999998,
        "Longitude": -84.516322970000004
      }
    },
    {
      "type": "Feature",
      "id": 613,
      "geometry": {
        "type": "Point",
        "coordinates": [-84.516229710681145, 39.076124352764886]
      },
      "properties": {
        "OBJECTID": 613,
        "Receiver": "C08101",
        "DU": 1,
        "FrontRow": "No",
        "Existing": 62.5999985,
        "Proposed": 63.7999992,
        "Impact": "No",
        "Barrier": 61.9000015,
        "Benefited": "No",
        "ELEVATION": 535.573975,
        "Section": "NSAC1",
        "Reduction": 1.8999977111816406,
        "x": 5271554.5900807977,
        "y": 4281918.1800111383,
        "MapSection": null,
        "Latitude": 39.076116849999998,
        "Longitude": -84.516225129999995
      }
    },
    {
      "type": "Feature",
      "id": 614,
      "geometry": {
        "type": "Point",
        "coordinates": [-84.516144310584991, 39.076163006589411]
      },
      "properties": {
        "OBJECTID": 614,
        "Receiver": "C08201",
        "DU": 1,
        "FrontRow": "No",
        "Existing": 62.2999992,
        "Proposed": 63.5,
        "Impact": "No",
        "Barrier": 61.7000008,
        "Benefited": "No",
        "ELEVATION": 535.864014,
        "Section": "NSAC1",
        "Reduction": 1.7999992370605469,
        "x": 5271578.6500720531,
        "y": 4281932.5799167305,
        "MapSection": null,
        "Latitude": 39.076155499999999,
        "Longitude": -84.516139730000006
      }
    },
    {
      "type": "Feature",
      "id": 615,
      "geometry": {
        "type": "Point",
        "coordinates": [-84.516090133606269, 39.075532152196566]
      },
      "properties": {
        "OBJECTID": 615,
        "Receiver": "C08303",
        "DU": 3,
        "FrontRow": "No",
        "Existing": 61.5999985,
        "Proposed": 63.5999985,
        "Impact": "No",
        "Barrier": 61.5,
        "Benefited": "No",
        "ELEVATION": 539.708984,
        "Section": "NSAC1",
        "Reduction": 2.0999984741210938,
        "x": 5271597.0699827224,
        "y": 4281702.9999953061,
        "MapSection": null,
        "Latitude": 39.075524649999998,
        "Longitude": -84.51608555
      }
    },
    {
      "type": "Feature",
      "id": 616,
      "geometry": {
        "type": "Point",
        "coordinates": [-84.515930748132263, 39.075565733301765]
      },
      "properties": {
        "OBJECTID": 616,
        "Receiver": "C08401",
        "DU": 1,
        "FrontRow": "No",
        "Existing": 61,
        "Proposed": 63.0999985,
        "Impact": "No",
        "Barrier": 61.2000008,
        "Benefited": "No",
        "ELEVATION": 538.932007,
        "Section": "NSAC1",
        "Reduction": 1.8999977111816406,
        "x": 5271642.1601156443,
        "y": 4281715.8300221413,
        "MapSection": null,
        "Latitude": 39.075558229999999,
        "Longitude": -84.515926160000006
      }
    },
    {
      "type": "Feature",
      "id": 617,
      "geometry": {
        "type": "Point",
        "coordinates": [-84.516773667291162, 39.074029069605871]
      },
      "properties": {
        "OBJECTID": 617,
        "Receiver": "C10004",
        "DU": 4,
        "FrontRow": "No",
        "Existing": 65.9000015,
        "Proposed": 67.1999969,
        "Impact": "Yes",
        "Barrier": 63.7000008,
        "Benefited": "No",
        "ELEVATION": 548.229004,
        "Section": "NSAC1",
        "Reduction": 3.4999961853027344,
        "x": 5271410.2399758101,
        "y": 4281152.9499143064,
        "MapSection": null,
        "Latitude": 39.074021559999998,
        "Longitude": -84.516769080000003
      }
    },
    {
      "type": "Feature",
      "id": 618,
      "geometry": {
        "type": "Point",
        "coordinates": [-84.516149177292178, 39.071542710113491]
      },
      "properties": {
        "OBJECTID": 618,
        "Receiver": "C10101",
        "DU": 1,
        "FrontRow": "No",
        "Existing": 63.4000015,
        "Proposed": 62.9000015,
        "Impact": "No",
        "Barrier": 61.4000015,
        "Benefited": "No",
        "ELEVATION": 524.895996,
        "Section": "NSAC1",
        "Reduction": 1.5,
        "x": 5271599.5201090574,
        "y": 4280249.6600542217,
        "MapSection": null,
        "Latitude": 39.0715352,
        "Longitude": -84.516144589999996
      }
    },
    {
      "type": "Feature",
      "id": 619,
      "geometry": {
        "type": "Point",
        "coordinates": [-84.517509753851627, 39.070950532789908]
      },
      "properties": {
        "OBJECTID": 619,
        "Receiver": "C04403-F",
        "DU": 1,
        "FrontRow": "Yes",
        "Existing": 65.6999969,
        "Proposed": 66.0999985,
        "Impact": "Yes",
        "Barrier": 62.4000015,
        "Benefited": "No",
        "ELEVATION": 521.924988,
        "Section": "NSAC2",
        "Reduction": 3.6999969482421875,
        "x": 5271216.0599179715,
        "y": 4280028.8599708974,
        "MapSection": null,
        "Latitude": 39.070943030000002,
        "Longitude": -84.517505170000007
      }
    },
    {
      "type": "Feature",
      "id": 620,
      "geometry": {
        "type": "Point",
        "coordinates": [-84.518497087046413, 39.07053108774069]
      },
      "properties": {
        "OBJECTID": 620,
        "Receiver": "C04501-F",
        "DU": 1,
        "FrontRow": "Yes",
        "Existing": 71.0999985,
        "Proposed": 71.5,
        "Impact": "Yes",
        "Barrier": 66.3000031,
        "Benefited": "Yes",
        "ELEVATION": 540.552002,
        "Section": "NSAC2",
        "Reduction": 5.1999969482421875,
        "x": 5270937.7399365604,
        "y": 4279872.3799688965,
        "MapSection": null,
        "Latitude": 39.07052358,
        "Longitude": -84.518492499999994
      }
    },
    {
      "type": "Feature",
      "id": 621,
      "geometry": {
        "type": "Point",
        "coordinates": [-84.518401928600085, 39.070285352652036]
      },
      "properties": {
        "OBJECTID": 621,
        "Receiver": "C04601-F",
        "DU": 1,
        "FrontRow": "Yes",
        "Existing": 70,
        "Proposed": 70.5999985,
        "Impact": "Yes",
        "Barrier": 65.1999969,
        "Benefited": "Yes",
        "ELEVATION": 545.471985,
        "Section": "NSAC2",
        "Reduction": 5.4000015258789062,
        "x": 5270965.9400113821,
        "y": 4279783.2298847288,
        "MapSection": null,
        "Latitude": 39.070277849999997,
        "Longitude": -84.518397340000007
      }
    },
    {
      "type": "Feature",
      "id": 622,
      "geometry": {
        "type": "Point",
        "coordinates": [-84.518349861584568, 39.070202893506604]
      },
      "properties": {
        "OBJECTID": 622,
        "Receiver": "C04701-F",
        "DU": 1,
        "FrontRow": "Yes",
        "Existing": 69.6999969,
        "Proposed": 70.9000015,
        "Impact": "Yes",
        "Barrier": 65.5999985,
        "Benefited": "Yes",
        "ELEVATION": 549.776978,
        "Section": "NSAC2",
        "Reduction": 5.3000030517578125,
        "x": 5270981.1200991422,
        "y": 4279753.3900493979,
        "MapSection": null,
        "Latitude": 39.070195390000002,
        "Longitude": -84.518345280000005
      }
    },
    {
      "type": "Feature",
      "id": 623,
      "geometry": {
        "type": "Point",
        "coordinates": [-84.518220316995624, 39.070099430085307]
      },
      "properties": {
        "OBJECTID": 623,
        "Receiver": "C04801-F",
        "DU": 1,
        "FrontRow": "Yes",
        "Existing": 68.5999985,
        "Proposed": 69.9000015,
        "Impact": "Yes",
        "Barrier": 65.6999969,
        "Benefited": "No",
        "ELEVATION": 554.60498,
        "Section": "NSAC2",
        "Reduction": 4.2000045776367188,
        "x": 5271018.3998802155,
        "y": 4279716.1899925619,
        "MapSection": null,
        "Latitude": 39.070091929999997,
        "Longitude": -84.518215729999994
      }
    },
    {
      "type": "Feature",
      "id": 624,
      "geometry": {
        "type": "Point",
        "coordinates": [-84.518112484048899, 39.070013651555037]
      },
      "properties": {
        "OBJECTID": 624,
        "Receiver": "C04901",
        "DU": 1,
        "FrontRow": "No",
        "Existing": 67.6999969,
        "Proposed": 68.9000015,
        "Impact": "Yes",
        "Barrier": 65.3000031,
        "Benefited": "No",
        "ELEVATION": 557.908997,
        "Section": "NSAC2",
        "Reduction": 3.5999984741210938,
        "x": 5271049.4300018847,
        "y": 4279685.3501592278,
        "MapSection": null,
        "Latitude": 39.070006149999998,
        "Longitude": -84.518107900000004
      }
    },
    {
      "type": "Feature",
      "id": 625,
      "geometry": {
        "type": "Point",
        "coordinates": [-84.518038158740765, 39.069904221336564]
      },
      "properties": {
        "OBJECTID": 625,
        "Receiver": "C05001",
        "DU": 1,
        "FrontRow": "No",
        "Existing": 67,
        "Proposed": 67.8000031,
        "Impact": "Yes",
        "Barrier": 64.9000015,
        "Benefited": "No",
        "ELEVATION": 562.690979,
        "Section": "NSAC2",
        "Reduction": 2.9000015258789062,
        "x": 5271071.0598798841,
        "y": 4279645.7698578089,
        "MapSection": null,
        "Latitude": 39.069896720000003,
        "Longitude": -84.51803357
      }
    },
    {
      "type": "Feature",
      "id": 626,
      "geometry": {
        "type": "Point",
        "coordinates": [-84.517953025207433, 39.069804894137754]
      },
      "properties": {
        "OBJECTID": 626,
        "Receiver": "C05101",
        "DU": 1,
        "FrontRow": "No",
        "Existing": 66,
        "Proposed": 67,
        "Impact": "Yes",
        "Barrier": 64.3000031,
        "Benefited": "No",
        "ELEVATION": 562.825012,
        "Section": "NSAC2",
        "Reduction": 2.6999969482421875,
        "x": 5271095.7100930512,
        "y": 4279609.9100213945,
        "MapSection": null,
        "Latitude": 39.069797389999998,
        "Longitude": -84.517948439999998
      }
    },
    {
      "type": "Feature",
      "id": 627,
      "geometry": {
        "type": "Point",
        "coordinates": [-84.517871910496069, 39.069711647651587]
      },
      "properties": {
        "OBJECTID": 627,
        "Receiver": "C05201",
        "DU": 1,
        "FrontRow": "No",
        "Existing": 65.1999969,
        "Proposed": 66.0999985,
        "Impact": "Yes",
        "Barrier": 63.7000008,
        "Benefited": "No",
        "ELEVATION": 564.630981,
        "Section": "NSAC2",
        "Reduction": 2.3999977111816406,
        "x": 5271119.1900329739,
        "y": 4279576.2499837279,
        "MapSection": null,
        "Latitude": 39.069704139999999,
        "Longitude": -84.517867330000001
      }
    },
    {
      "type": "Feature",
      "id": 628,
      "geometry": {
        "type": "Point",
        "coordinates": [-84.517777029039294, 39.06961611835208]
      },
      "properties": {
        "OBJECTID": 628,
        "Receiver": "C05301",
        "DU": 1,
        "FrontRow": "No",
        "Existing": 64,
        "Proposed": 65.3000031,
        "Impact": "No",
        "Barrier": 62.7999992,
        "Benefited": "No",
        "ELEVATION": 564.719971,
        "Section": "NSAC2",
        "Reduction": 2.5000038146972656,
        "x": 5271146.5899125487,
        "y": 4279541.8100919724,
        "MapSection": null,
        "Latitude": 39.069608610000003,
        "Longitude": -84.517772449999995
      }
    },
    {
      "type": "Feature",
      "id": 629,
      "geometry": {
        "type": "Point",
        "coordinates": [-84.517676981200097, 39.069501179927414]
      },
      "properties": {
        "OBJECTID": 629,
        "Receiver": "C05401",
        "DU": 1,
        "FrontRow": "No",
        "Existing": 62.5999985,
        "Proposed": 64.3000031,
        "Impact": "No",
        "Barrier": 61.9000015,
        "Benefited": "No",
        "ELEVATION": 565.161987,
        "Section": "NSAC2",
        "Reduction": 2.4000015258789062,
        "x": 5271175.5501564741,
        "y": 4279500.3200174719,
        "MapSection": null,
        "Latitude": 39.069493680000001,
        "Longitude": -84.517672399999995
      }
    },
    {
      "type": "Feature",
      "id": 630,
      "geometry": {
        "type": "Point",
        "coordinates": [-84.51756594982055, 39.069383987286081]
      },
      "properties": {
        "OBJECTID": 630,
        "Receiver": "C05501",
        "DU": 1,
        "FrontRow": "No",
        "Existing": 61.5,
        "Proposed": 63.5,
        "Impact": "No",
        "Barrier": 61.2000008,
        "Benefited": "No",
        "ELEVATION": 566.437012,
        "Section": "NSAC2",
        "Reduction": 2.2999992370605469,
        "x": 5271207.6399873048,
        "y": 4279458.0500888973,
        "MapSection": null,
        "Latitude": 39.069376480000003,
        "Longitude": -84.517561369999996
      }
    },
    {
      "type": "Feature",
      "id": 631,
      "geometry": {
        "type": "Point",
        "coordinates": [-84.517471433361479, 39.069266964572961]
      },
      "properties": {
        "OBJECTID": 631,
        "Receiver": "C05601",
        "DU": 1,
        "FrontRow": "No",
        "Existing": 61.5,
        "Proposed": 62.9000015,
        "Impact": "No",
        "Barrier": 60.7999992,
        "Benefited": "No",
        "ELEVATION": 570.61499,
        "Section": "NSAC2",
        "Reduction": 2.1000022888183594,
        "x": 5271235.0398668945,
        "y": 4279415.7801603079,
        "MapSection": null,
        "Latitude": 39.069259459999998,
        "Longitude": -84.517466850000005
      }
    },
    {
      "type": "Feature",
      "id": 632,
      "geometry": {
        "type": "Point",
        "coordinates": [-84.517396285502613, 39.069145830301508]
      },
      "properties": {
        "OBJECTID": 632,
        "Receiver": "C05701",
        "DU": 1,
        "FrontRow": "No",
        "Existing": 61.5,
        "Proposed": 62.4000015,
        "Impact": "No",
        "Barrier": 60.5999985,
        "Benefited": "No",
        "ELEVATION": 575.859009,
        "Section": "NSAC2",
        "Reduction": 1.8000030517578125,
        "x": 5271256.9600986391,
        "y": 4279371.9400248975,
        "MapSection": null,
        "Latitude": 39.069138330000001,
        "Longitude": -84.517391700000005
      }
    },
    {
      "type": "Feature",
      "id": 633,
      "geometry": {
        "type": "Point",
        "coordinates": [-84.51728928687524, 39.069017230571944]
      },
      "properties": {
        "OBJECTID": 633,
        "Receiver": "C05801",
        "DU": 1,
        "FrontRow": "No",
        "Existing": 60.9000015,
        "Proposed": 61.7000008,
        "Impact": "No",
        "Barrier": 60.0999985,
        "Benefited": "No",
        "ELEVATION": 580.051025,
        "Section": "NSAC2",
        "Reduction": 1.6000022888183594,
        "x": 5271287.9600366354,
        "y": 4279325.5001571476,
        "MapSection": null,
        "Latitude": 39.069009729999998,
        "Longitude": -84.517284700000005
      }
    },
    {
      "type": "Feature",
      "id": 634,
      "geometry": {
        "type": "Point",
        "coordinates": [-84.517244616673679, 39.068905744334451]
      },
      "properties": {
        "OBJECTID": 634,
        "Receiver": "C05901",
        "DU": 1,
        "FrontRow": "No",
        "Existing": 60.5999985,
        "Proposed": 61.4000015,
        "Impact": "No",
        "Barrier": 60,
        "Benefited": "No",
        "ELEVATION": 585.179993,
        "Section": "NSAC2",
        "Reduction": 1.4000015258789062,
        "x": 5271301.1801545471,
        "y": 4279285.0599493086,
        "MapSection": null,
        "Latitude": 39.068898240000003,
        "Longitude": -84.517240029999996
      }
    },
    {
      "type": "Feature",
      "id": 635,
      "geometry": {
        "type": "Point",
        "coordinates": [-84.517120720599038, 39.068720661048395]
      },
      "properties": {
        "OBJECTID": 635,
        "Receiver": "C06001",
        "DU": 1,
        "FrontRow": "No",
        "Existing": 59.7999992,
        "Proposed": 60.5,
        "Impact": "No",
        "Barrier": 59.2000008,
        "Benefited": "No",
        "ELEVATION": 588.369019,
        "Section": "NSAC2",
        "Reduction": 1.2999992370605469,
        "x": 5271337.2499642968,
        "y": 4279218.109951973,
        "MapSection": null,
        "Latitude": 39.068713160000001,
        "Longitude": -84.517116139999999
      }
    },
    {
      "type": "Feature",
      "id": 636,
      "geometry": {
        "type": "Point",
        "coordinates": [-84.517262360050765, 39.068432338368233]
      },
      "properties": {
        "OBJECTID": 636,
        "Receiver": "C06101",
        "DU": 1,
        "FrontRow": "No",
        "Existing": 54.2000008,
        "Proposed": 60,
        "Impact": "No",
        "Barrier": 59.2000008,
        "Benefited": "No",
        "ELEVATION": 604.692017,
        "Section": "NSAC2",
        "Reduction": 0.79999923706054688,
        "x": 5271298.4199894667,
        "y": 4279112.5599662215,
        "MapSection": null,
        "Latitude": 39.068424829999998,
        "Longitude": -84.517257779999994
      }
    },
    {
      "type": "Feature",
      "id": 637,
      "geometry": {
        "type": "Point",
        "coordinates": [-84.51743362025195, 39.068520061627297]
      },
      "properties": {
        "OBJECTID": 637,
        "Receiver": "C06201",
        "DU": 1,
        "FrontRow": "No",
        "Existing": 54.5,
        "Proposed": 60.7999992,
        "Impact": "No",
        "Barrier": 60,
        "Benefited": "No",
        "ELEVATION": 608.51001,
        "Section": "NSAC2",
        "Reduction": 0.79999923706054688,
        "x": 5271249.3698907197,
        "y": 4279143.869942978,
        "MapSection": null,
        "Latitude": 39.068512560000002,
        "Longitude": -84.517429039999996
      }
    },
    {
      "type": "Feature",
      "id": 638,
      "geometry": {
        "type": "Point",
        "coordinates": [-84.517575367480646, 39.068616074688123]
      },
      "properties": {
        "OBJECTID": 638,
        "Receiver": "C06301",
        "DU": 1,
        "FrontRow": "No",
        "Existing": 54.2999992,
        "Proposed": 61.4000015,
        "Impact": "No",
        "Barrier": 60.7000008,
        "Benefited": "No",
        "ELEVATION": 610.723999,
        "Section": "NSAC2",
        "Reduction": 0.70000076293945312,
        "x": 5271208.6599983871,
        "y": 4279178.3101628125,
        "MapSection": null,
        "Latitude": 39.068608570000002,
        "Longitude": -84.51757078
      }
    },
    {
      "type": "Feature",
      "id": 639,
      "geometry": {
        "type": "Point",
        "coordinates": [-84.517674849843644, 39.068710223916533]
      },
      "properties": {
        "OBJECTID": 639,
        "Receiver": "C06401",
        "DU": 1,
        "FrontRow": "No",
        "Existing": 54,
        "Proposed": 61.7999992,
        "Impact": "No",
        "Barrier": 61.2999992,
        "Benefited": "No",
        "ELEVATION": 611.528992,
        "Section": "NSAC2",
        "Reduction": 0.5,
        "x": 5271179.9599245489,
        "y": 4279212.2300424725,
        "MapSection": null,
        "Latitude": 39.068702719999997,
        "Longitude": -84.517670269999996
      }
    },
    {
      "type": "Feature",
      "id": 640,
      "geometry": {
        "type": "Point",
        "coordinates": [-84.517864897950062, 39.068828229852357]
      },
      "properties": {
        "OBJECTID": 640,
        "Receiver": "C06501",
        "DU": 1,
        "FrontRow": "No",
        "Existing": 51.5,
        "Proposed": 62.4000015,
        "Impact": "No",
        "Barrier": 62.0999985,
        "Benefited": "No",
        "ELEVATION": 612.947021,
        "Section": "NSAC2",
        "Reduction": 0.3000030517578125,
        "x": 5271125.4298498929,
        "y": 4279254.4999710619,
        "MapSection": null,
        "Latitude": 39.068820729999999,
        "Longitude": -84.517860310000003
      }
    },
    {
      "type": "Feature",
      "id": 641,
      "geometry": {
        "type": "Point",
        "coordinates": [-84.518014116236813, 39.06891572536631]
      },
      "properties": {
        "OBJECTID": 641,
        "Receiver": "C06601",
        "DU": 1,
        "FrontRow": "No",
        "Existing": 56.5,
        "Proposed": 63.2999992,
        "Impact": "No",
        "Barrier": 62.9000015,
        "Benefited": "No",
        "ELEVATION": 623.085022,
        "Section": "NSAC2",
        "Reduction": 0.39999771118164062,
        "x": 5271082.6399092227,
        "y": 4279285.8099478036,
        "MapSection": null,
        "Latitude": 39.068908219999997,
        "Longitude": -84.51800953
      }
    },
    {
      "type": "Feature",
      "id": 642,
      "geometry": {
        "type": "Point",
        "coordinates": [-84.518134332033028, 39.06898142532858]
      },
      "properties": {
        "OBJECTID": 642,
        "Receiver": "C06701",
        "DU": 1,
        "FrontRow": "No",
        "Existing": 57.2000008,
        "Proposed": 64.0999985,
        "Impact": "No",
        "Barrier": 63.4000015,
        "Benefited": "No",
        "ELEVATION": 627.807007,
        "Section": "NSAC2",
        "Reduction": 0.6999969482421875,
        "x": 5271048.1898468882,
        "y": 4279309.2898877263,
        "MapSection": null,
        "Latitude": 39.068973919999998,
        "Longitude": -84.51812975
      }
    },
    {
      "type": "Feature",
      "id": 643,
      "geometry": {
        "type": "Point",
        "coordinates": [-84.518264708444747, 39.069095962095169]
      },
      "properties": {
        "OBJECTID": 643,
        "Receiver": "C06801",
        "DU": 1,
        "FrontRow": "No",
        "Existing": 57.9000015,
        "Proposed": 66.0999985,
        "Impact": "Yes",
        "Barrier": 64.5,
        "Benefited": "No",
        "ELEVATION": 630.947998,
        "Section": "NSAC2",
        "Reduction": 1.5999984741210938,
        "x": 5271010.6200401336,
        "y": 4279350.5201202333,
        "MapSection": null,
        "Latitude": 39.069088460000003,
        "Longitude": -84.518260119999994
      }
    },
    {
      "type": "Feature",
      "id": 644,
      "geometry": {
        "type": "Point",
        "coordinates": [-84.518369976594769, 39.069172983345872]
      },
      "properties": {
        "OBJECTID": 644,
        "Receiver": "C06901",
        "DU": 1,
        "FrontRow": "No",
        "Existing": 59.2999992,
        "Proposed": 68.5,
        "Impact": "Yes",
        "Barrier": 65.4000015,
        "Benefited": "No",
        "ELEVATION": 633.135986,
        "Section": "NSAC2",
        "Reduction": 3.0999984741210938,
        "x": 5270980.3599300534,
        "y": 4279378.1798418164,
        "MapSection": null,
        "Latitude": 39.069165480000002,
        "Longitude": -84.51836539
      }
    },
    {
      "type": "Feature",
      "id": 645,
      "geometry": {
        "type": "Point",
        "coordinates": [-84.518568409234618, 39.069265981749304]
      },
      "properties": {
        "OBJECTID": 645,
        "Receiver": "C07001-F",
        "DU": 1,
        "FrontRow": "Yes",
        "Existing": 68.8000031,
        "Proposed": 72.0999985,
        "Impact": "Yes",
        "Barrier": 66.3000031,
        "Benefited": "Yes",
        "ELEVATION": 635.096008,
        "Section": "NSAC2",
        "Reduction": 5.7999954223632812,
        "x": 5270923.5700173825,
        "y": 4279411.3100248873,
        "MapSection": null,
        "Latitude": 39.069258480000002,
        "Longitude": -84.518563830000005
      }
    },
    {
      "type": "Feature",
      "id": 646,
      "geometry": {
        "type": "Point",
        "coordinates": [-84.518593894462114, 39.068463668765759]
      },
      "properties": {
        "OBJECTID": 646,
        "Receiver": "C07101-F",
        "DU": 1,
        "FrontRow": "Yes",
        "Existing": 71.1999969,
        "Proposed": 71.8000031,
        "Impact": "Yes",
        "Barrier": 67,
        "Benefited": "No",
        "ELEVATION": 696.33197,
        "Section": "NSAC2",
        "Reduction": 4.8000030517578125,
        "x": 5270920.1901028901,
        "y": 4279118.9799008965,
        "MapSection": null,
        "Latitude": 39.068456159999997,
        "Longitude": -84.518589309999996
      }
    },
    {
      "type": "Feature",
      "id": 647,
      "geometry": {
        "type": "Point",
        "coordinates": [-84.518470335942411, 39.0674450745257]
      },
      "properties": {
        "OBJECTID": 647,
        "Receiver": "C07223-F",
        "DU": 23,
        "FrontRow": "Yes",
        "Existing": 59,
        "Proposed": 63,
        "Impact": "No",
        "Barrier": 61.2000008,
        "Benefited": "No",
        "ELEVATION": 708.817993,
        "Section": "NSAC2",
        "Reduction": 1.7999992370605469,
        "x": 5270960.1700098068,
        "y": 4278748.4301170558,
        "MapSection": null,
        "Latitude": 39.067437570000003,
        "Longitude": -84.518465750000004
      }
    },
    {
      "type": "Feature",
      "id": 648,
      "geometry": {
        "type": "Point",
        "coordinates": [-84.518947367583309, 39.066988993667444]
      },
      "properties": {
        "OBJECTID": 648,
        "Receiver": "C07324-F",
        "DU": 24,
        "FrontRow": "Yes",
        "Existing": 60.0999985,
        "Proposed": 64.0999985,
        "Impact": "No",
        "Barrier": 60.2000008,
        "Benefited": "No",
        "ELEVATION": 708.392029,
        "Section": "NSAC2",
        "Reduction": 3.8999977111816406,
        "x": 5270826.9101057202,
        "y": 4278580.5200198144,
        "MapSection": null,
        "Latitude": 39.066981490000003,
        "Longitude": -84.518942780000003
      }
    },
    {
      "type": "Feature",
      "id": 649,
      "geometry": {
        "type": "Point",
        "coordinates": [-84.519011527915069, 39.066618963443034]
      },
      "properties": {
        "OBJECTID": 649,
        "Receiver": "C07424-F",
        "DU": 24,
        "FrontRow": "Yes",
        "Existing": 62.4000015,
        "Proposed": 65.6999969,
        "Impact": "No",
        "Barrier": 59.7999992,
        "Benefited": "Yes",
        "ELEVATION": 717.182007,
        "Section": "NSAC2",
        "Reduction": 5.8999977111816406,
        "x": 5270810.4698498845,
        "y": 4278445.4999486506,
        "MapSection": null,
        "Latitude": 39.066611459999997,
        "Longitude": -84.519006939999997
      }
    },
    {
      "type": "Feature",
      "id": 650,
      "geometry": {
        "type": "Point",
        "coordinates": [-84.518094800888662, 39.067154311194358]
      },
      "properties": {
        "OBJECTID": 650,
        "Receiver": "C07524",
        "DU": 24,
        "FrontRow": "No",
        "Existing": 54.5,
        "Proposed": 60.5,
        "Impact": "No",
        "Barrier": 60.0999985,
        "Benefited": "No",
        "ELEVATION": 712.906006,
        "Section": "NSAC2",
        "Reduction": 0.40000152587890625,
        "x": 5271068.1999774724,
        "y": 4278643.9299979806,
        "MapSection": null,
        "Latitude": 39.067146809999997,
        "Longitude": -84.518090220000005
      }
    },
    {
      "type": "Feature",
      "id": 651,
      "geometry": {
        "type": "Point",
        "coordinates": [-84.517870436378388, 39.066729698011521]
      },
      "properties": {
        "OBJECTID": 651,
        "Receiver": "C07624",
        "DU": 24,
        "FrontRow": "No",
        "Existing": 53.5999985,
        "Proposed": 59.5,
        "Impact": "No",
        "Barrier": 59.2999992,
        "Benefited": "No",
        "ELEVATION": 723.901978,
        "Section": "NSAC2",
        "Reduction": 0.20000076293945312,
        "x": 5271133.9498459697,
        "y": 4278490.11009565,
        "MapSection": null,
        "Latitude": 39.06672219,
        "Longitude": -84.517865850000007
      }
    },
    {
      "type": "Feature",
      "id": 652,
      "geometry": {
        "type": "Point",
        "coordinates": [-84.517825378412439, 39.070595776730791]
      },
      "properties": {
        "OBJECTID": 652,
        "Receiver": "C08501-F",
        "DU": 1,
        "FrontRow": "Yes",
        "Existing": 66.4000015,
        "Proposed": 66.1999969,
        "Impact": "Yes",
        "Barrier": 62.4000015,
        "Benefited": "No",
        "ELEVATION": 525.02301,
        "Section": "NSAC2",
        "Reduction": 3.7999954223632812,
        "x": 5271128.1499888003,
        "y": 4279898.4599692225,
        "MapSection": null,
        "Latitude": 39.070588270000002,
        "Longitude": -84.517820790000002
      }
    },
    {
      "type": "Feature",
      "id": 653,
      "geometry": {
        "type": "Point",
        "coordinates": [-84.517733993200707, 39.070495423987403]
      },
      "properties": {
        "OBJECTID": 653,
        "Receiver": "C08601",
        "DU": 1,
        "FrontRow": "No",
        "Existing": 64.1999969,
        "Proposed": 66.5999985,
        "Impact": "Yes",
        "Barrier": 62.5999985,
        "Benefited": "No",
        "ELEVATION": 531.846008,
        "Section": "NSAC2",
        "Reduction": 4,
        "x": 5271154.5800540596,
        "y": 4279862.2500678897,
        "MapSection": null,
        "Latitude": 39.070487919999998,
        "Longitude": -84.517729410000001
      }
    },
    {
      "type": "Feature",
      "id": 654,
      "geometry": {
        "type": "Point",
        "coordinates": [-84.517646536661502, 39.070412682206189]
      },
      "properties": {
        "OBJECTID": 654,
        "Receiver": "C08701",
        "DU": 1,
        "FrontRow": "No",
        "Existing": 62.9000015,
        "Proposed": 65.5999985,
        "Impact": "No",
        "Barrier": 61.7999992,
        "Benefited": "No",
        "ELEVATION": 530.682983,
        "Section": "NSAC2",
        "Reduction": 3.7999992370605469,
        "x": 5271179.8099904656,
        "y": 4279832.440088138,
        "MapSection": null,
        "Latitude": 39.070405180000002,
        "Longitude": -84.517641949999998
      }
    },
    {
      "type": "Feature",
      "id": 655,
      "geometry": {
        "type": "Point",
        "coordinates": [-84.517511555936508, 39.070262105069681]
      },
      "properties": {
        "OBJECTID": 655,
        "Receiver": "C08801",
        "DU": 1,
        "FrontRow": "No",
        "Existing": 62.2000008,
        "Proposed": 65,
        "Impact": "No",
        "Barrier": 61.2000008,
        "Benefited": "No",
        "ELEVATION": 534.671021,
        "Section": "NSAC2",
        "Reduction": 3.7999992370605469,
        "x": 5271218.8601092249,
        "y": 4279778.0999737233,
        "MapSection": null,
        "Latitude": 39.070254599999998,
        "Longitude": -84.517506969999999
      }
    },
    {
      "type": "Feature",
      "id": 656,
      "geometry": {
        "type": "Point",
        "coordinates": [-84.517526344761222, 39.070561647424867]
      },
      "properties": {
        "OBJECTID": 656,
        "Receiver": "C08901",
        "DU": 1,
        "FrontRow": "No",
        "Existing": 63.5,
        "Proposed": 64.5999985,
        "Impact": "No",
        "Barrier": 61.0999985,
        "Benefited": "No",
        "ELEVATION": 521.85199,
        "Section": "NSAC2",
        "Reduction": 3.5,
        "x": 5271213.2200286388,
        "y": 4279887.1499524713,
        "MapSection": null,
        "Latitude": 39.070554139999999,
        "Longitude": -84.517521759999994
      }
    },
    {
      "type": "Feature",
      "id": 657,
      "geometry": {
        "type": "Point",
        "coordinates": [-84.517330696867461, 39.070291705459205]
      },
      "properties": {
        "OBJECTID": 657,
        "Receiver": "C09001",
        "DU": 1,
        "FrontRow": "No",
        "Existing": 61.0999985,
        "Proposed": 63.2000008,
        "Impact": "No",
        "Barrier": 59.9000015,
        "Benefited": "No",
        "ELEVATION": 525.161987,
        "Section": "NSAC2",
        "Reduction": 3.2999992370605469,
        "x": 5271270.0699805468,
        "y": 4279789.5599245578,
        "MapSection": null,
        "Latitude": 39.070284200000003,
        "Longitude": -84.517326109999999
      }
    },
    {
      "type": "Feature",
      "id": 658,
      "geometry": {
        "type": "Point",
        "coordinates": [-84.517318608303256, 39.070136299115944]
      },
      "properties": {
        "OBJECTID": 658,
        "Receiver": "C09102",
        "DU": 2,
        "FrontRow": "No",
        "Existing": 61,
        "Proposed": 63.5999985,
        "Impact": "No",
        "Barrier": 60.2000008,
        "Benefited": "No",
        "ELEVATION": 534.16803,
        "Section": "NSAC2",
        "Reduction": 3.3999977111816406,
        "x": 5271274.250090301,
        "y": 4279732.9999983162,
        "MapSection": null,
        "Latitude": 39.070128789999998,
        "Longitude": -84.517314020000001
      }
    },
    {
      "type": "Feature",
      "id": 659,
      "geometry": {
        "type": "Point",
        "coordinates": [-84.517211276219086, 39.070027297718632]
      },
      "properties": {
        "OBJECTID": 659,
        "Receiver": "C09202",
        "DU": 2,
        "FrontRow": "No",
        "Existing": 60.5,
        "Proposed": 63.2000008,
        "Impact": "No",
        "Barrier": 59.7999992,
        "Benefited": "No",
        "ELEVATION": 536.302002,
        "Section": "NSAC2",
        "Reduction": 3.4000015258789062,
        "x": 5271305.2500282973,
        "y": 4279693.6998800635,
        "MapSection": null,
        "Latitude": 39.070019790000003,
        "Longitude": -84.517206689999995
      }
    },
    {
      "type": "Feature",
      "id": 660,
      "geometry": {
        "type": "Point",
        "coordinates": [-84.517144141015876, 39.069961265341242]
      },
      "properties": {
        "OBJECTID": 660,
        "Receiver": "C09302",
        "DU": 2,
        "FrontRow": "No",
        "Existing": 60,
        "Proposed": 62.5999985,
        "Impact": "No",
        "Barrier": 59.4000015,
        "Benefited": "No",
        "ELEVATION": 536.294006,
        "Section": "NSAC2",
        "Reduction": 3.1999969482421875,
        "x": 5271324.6299107969,
        "y": 4279669.9000588953,
        "MapSection": null,
        "Latitude": 39.069953759999997,
        "Longitude": -84.517139560000004
      }
    },
    {
      "type": "Feature",
      "id": 661,
      "geometry": {
        "type": "Point",
        "coordinates": [-84.517149804054171, 39.069780865374625]
      },
      "properties": {
        "OBJECTID": 661,
        "Receiver": "C09401",
        "DU": 1,
        "FrontRow": "No",
        "Existing": 59.4000015,
        "Proposed": 63.0999985,
        "Impact": "No",
        "Barrier": 59.7000008,
        "Benefited": "No",
        "ELEVATION": 545.031006,
        "Section": "NSAC2",
        "Reduction": 3.3999977111816406,
        "x": 5271323.8900828809,
        "y": 4279604.1698753983,
        "MapSection": null,
        "Latitude": 39.069773359999999,
        "Longitude": -84.517145220000003
      }
    },
    {
      "type": "Feature",
      "id": 662,
      "geometry": {
        "type": "Point",
        "coordinates": [-84.51686534796427, 39.069884294053942]
      },
      "properties": {
        "OBJECTID": 662,
        "Receiver": "C09501",
        "DU": 1,
        "FrontRow": "No",
        "Existing": 59.7999992,
        "Proposed": 61.2000008,
        "Impact": "No",
        "Barrier": 58.5999985,
        "Benefited": "No",
        "ELEVATION": 534.077026,
        "Section": "NSAC2",
        "Reduction": 2.6000022888183594,
        "x": 5271404.1599354744,
        "y": 4279642.9099553972,
        "MapSection": null,
        "Latitude": 39.069876790000002,
        "Longitude": -84.51686076
      }
    },
    {
      "type": "Feature",
      "id": 663,
      "geometry": {
        "type": "Point",
        "coordinates": [-84.516579768051272, 39.070070513079791]
      },
      "properties": {
        "OBJECTID": 663,
        "Receiver": "C09601",
        "DU": 1,
        "FrontRow": "No",
        "Existing": 60.2999992,
        "Proposed": 60,
        "Impact": "No",
        "Barrier": 57.9000015,
        "Benefited": "No",
        "ELEVATION": 524.192017,
        "Section": "NSAC2",
        "Reduction": 2.0999984741210938,
        "x": 5271484.3500638008,
        "y": 4279711.8100800663,
        "MapSection": null,
        "Latitude": 39.070063009999998,
        "Longitude": -84.516575180000004
      }
    },
    {
      "type": "Feature",
      "id": 664,
      "geometry": {
        "type": "Point",
        "coordinates": [-84.516490730235958, 39.070276354424841]
      },
      "properties": {
        "OBJECTID": 664,
        "Receiver": "C09701",
        "DU": 1,
        "FrontRow": "No",
        "Existing": 61.4000015,
        "Proposed": 59.7999992,
        "Impact": "No",
        "Barrier": 57.5999985,
        "Benefited": "No",
        "ELEVATION": 518.309021,
        "Section": "NSAC2",
        "Reduction": 2.2000007629394531,
        "x": 5271508.6400414705,
        "y": 4279787.1199688166,
        "MapSection": null,
        "Latitude": 39.070268849999998,
        "Longitude": -84.516486150000006
      }
    },
    {
      "type": "Feature",
      "id": 665,
      "geometry": {
        "type": "Point",
        "coordinates": [-84.517001698969608, 39.069550754581229]
      },
      "properties": {
        "OBJECTID": 665,
        "Receiver": "C09801",
        "DU": 1,
        "FrontRow": "No",
        "Existing": 59.4000015,
        "Proposed": 62.2999992,
        "Impact": "No",
        "Barrier": 59.2999992,
        "Benefited": "No",
        "ELEVATION": 551.348999,
        "Section": "NSAC2",
        "Reduction": 3,
        "x": 5271367.0501015484,
        "y": 4279520.90987131,
        "MapSection": null,
        "Latitude": 39.069543250000002,
        "Longitude": -84.516997119999999
      }
    },
    {
      "type": "Feature",
      "id": 666,
      "geometry": {
        "type": "Point",
        "coordinates": [-84.516775602353263, 39.06935706833746]
      },
      "properties": {
        "OBJECTID": 666,
        "Receiver": "C09901",
        "DU": 1,
        "FrontRow": "No",
        "Existing": 59.2000008,
        "Proposed": 62.4000015,
        "Impact": "No",
        "Barrier": 59,
        "Benefited": "No",
        "ELEVATION": 554.965027,
        "Section": "NSAC2",
        "Reduction": 3.4000015258789062,
        "x": 5271432.1798925549,
        "y": 4279451.2098794729,
        "MapSection": null,
        "Latitude": 39.069349559999999,
        "Longitude": -84.516771019999993
      }
    },
    {
      "type": "Feature",
      "id": 667,
      "geometry": {
        "type": "Point",
        "coordinates": [-84.518499748748908, 39.064216045940569]
      },
      "properties": {
        "OBJECTID": 667,
        "Receiver": "D00101",
        "DU": 1,
        "FrontRow": "No",
        "Existing": 48.9000015,
        "Proposed": 55.9000015,
        "Impact": "No",
        "Barrier": 50.9000015,
        "Benefited": "Yes",
        "ELEVATION": 560.947998,
        "Section": "NSAD/B20",
        "Reduction": 5,
        "x": 5270967.3399429768,
        "y": 4277572.179844901,
        "MapSection": "B20",
        "Latitude": 39.064208540000003,
        "Longitude": -84.518495169999994
      }
    },
    {
      "type": "Feature",
      "id": 668,
      "geometry": {
        "type": "Point",
        "coordinates": [-84.518837479812916, 39.064294746003931]
      },
      "properties": {
        "OBJECTID": 668,
        "Receiver": "D00201",
        "DU": 1,
        "FrontRow": "No",
        "Existing": 51.0999985,
        "Proposed": 57.5999985,
        "Impact": "No",
        "Barrier": 52.5,
        "Benefited": "Yes",
        "ELEVATION": 578.729004,
        "Section": "NSAD/B20",
        "Reduction": 5.0999984741210938,
        "x": 5270871.0599517971,
        "y": 4277599.5800525546,
        "MapSection": "B20",
        "Latitude": 39.064287239999999,
        "Longitude": -84.518832900000007
      }
    },
    {
      "type": "Feature",
      "id": 669,
      "geometry": {
        "type": "Point",
        "coordinates": [-84.518948995783177, 39.064220667113382]
      },
      "properties": {
        "OBJECTID": 669,
        "Receiver": "D00301",
        "DU": 1,
        "FrontRow": "No",
        "Existing": 51.2000008,
        "Proposed": 57.4000015,
        "Impact": "No",
        "Barrier": 52.5,
        "Benefited": "No",
        "ELEVATION": 573.177979,
        "Section": "NSAD/B20",
        "Reduction": 4.9000015258789062,
        "x": 5270839.7499750555,
        "y": 4277572.179844901,
        "MapSection": "B20",
        "Latitude": 39.064213160000001,
        "Longitude": -84.518944410000003
      }
    },
    {
      "type": "Feature",
      "id": 670,
      "geometry": {
        "type": "Point",
        "coordinates": [-84.519153846504167, 39.064177090236015]
      },
      "properties": {
        "OBJECTID": 670,
        "Receiver": "D00401",
        "DU": 1,
        "FrontRow": "No",
        "Existing": 51.7000008,
        "Proposed": 57.7999992,
        "Impact": "No",
        "Barrier": 52.7999992,
        "Benefited": "Yes",
        "ELEVATION": 576.778015,
        "Section": "NSAD/B20",
        "Reduction": 5,
        "x": 5270781.7901172191,
        "y": 4277555.5401143879,
        "MapSection": "B20",
        "Latitude": 39.064169589999999,
        "Longitude": -84.519149260000006
      }
    },
    {
      "type": "Feature",
      "id": 671,
      "geometry": {
        "type": "Point",
        "coordinates": [-84.519280939098863, 39.064104434040217]
      },
      "properties": {
        "OBJECTID": 671,
        "Receiver": "D00501",
        "DU": 1,
        "FrontRow": "No",
        "Existing": 52,
        "Proposed": 57.9000015,
        "Impact": "No",
        "Barrier": 52.9000015,
        "Benefited": "Yes",
        "ELEVATION": 574.23999,
        "Section": "NSAD/B20",
        "Reduction": 5,
        "x": 5270746.050031215,
        "y": 4277528.5998795629,
        "MapSection": "B20",
        "Latitude": 39.064096929999998,
        "Longitude": -84.519276360000006
      }
    },
    {
      "type": "Feature",
      "id": 672,
      "geometry": {
        "type": "Point",
        "coordinates": [-84.51941782221941, 39.064075421728397]
      },
      "properties": {
        "OBJECTID": 672,
        "Receiver": "D00601",
        "DU": 1,
        "FrontRow": "No",
        "Existing": 52.5999985,
        "Proposed": 58.4000015,
        "Impact": "No",
        "Barrier": 53.2999992,
        "Benefited": "Yes",
        "ELEVATION": 579.164001,
        "Section": "NSAD/B20",
        "Reduction": 5.1000022888183594,
        "x": 5270707.3201218098,
        "y": 4277517.5198492259,
        "MapSection": "B20",
        "Latitude": 39.064067919999999,
        "Longitude": -84.519413240000006
      }
    },
    {
      "type": "Feature",
      "id": 673,
      "geometry": {
        "type": "Point",
        "coordinates": [-84.519594067286491, 39.064011617631245]
      },
      "properties": {
        "OBJECTID": 673,
        "Receiver": "D00701",
        "DU": 1,
        "FrontRow": "No",
        "Existing": 53.0999985,
        "Proposed": 58.7999992,
        "Impact": "No",
        "Barrier": 53.5,
        "Benefited": "Yes",
        "ELEVATION": 580.26001,
        "Section": "NSAD/B20",
        "Reduction": 5.2999992370605469,
        "x": 5270657.580063805,
        "y": 4277493.6199626476,
        "MapSection": "B20",
        "Latitude": 39.064004109999999,
        "Longitude": -84.519589479999993
      }
    },
    {
      "type": "Feature",
      "id": 674,
      "geometry": {
        "type": "Point",
        "coordinates": [-84.519781411606346, 39.063955752041863]
      },
      "properties": {
        "OBJECTID": 674,
        "Receiver": "D00801",
        "DU": 1,
        "FrontRow": "No",
        "Existing": 53.7999992,
        "Proposed": 59.2000008,
        "Impact": "No",
        "Barrier": 53.9000015,
        "Benefited": "Yes",
        "ELEVATION": 582.383972,
        "Section": "NSAD/B20",
        "Reduction": 5.2999992370605469,
        "x": 5270604.6500515491,
        "y": 4277472.5701359808,
        "MapSection": "B20",
        "Latitude": 39.063948250000003,
        "Longitude": -84.519776829999998
      }
    },
    {
      "type": "Feature",
      "id": 675,
      "geometry": {
        "type": "Point",
        "coordinates": [-84.520139548286323, 39.063906499692152]
      },
      "properties": {
        "OBJECTID": 675,
        "Receiver": "D00901",
        "DU": 1,
        "FrontRow": "No",
        "Existing": 54.7999992,
        "Proposed": 60,
        "Impact": "No",
        "Barrier": 54.5,
        "Benefited": "Yes",
        "ELEVATION": 586.052002,
        "Section": "NSAD/B20",
        "Reduction": 5.5,
        "x": 5270503.1899526417,
        "y": 4277453.2899908125,
        "MapSection": "B20",
        "Latitude": 39.063898999999999,
        "Longitude": -84.520134959999993
      }
    },
    {
      "type": "Feature",
      "id": 676,
      "geometry": {
        "type": "Point",
        "coordinates": [-84.520270392463388, 39.063832591143104]
      },
      "properties": {
        "OBJECTID": 676,
        "Receiver": "D01001",
        "DU": 1,
        "FrontRow": "No",
        "Existing": 55.0999985,
        "Proposed": 60.4000015,
        "Impact": "No",
        "Barrier": 54.7000008,
        "Benefited": "Yes",
        "ELEVATION": 586.979004,
        "Section": "NSAD/B20",
        "Reduction": 5.7000007629394531,
        "x": 5270466.3901574761,
        "y": 4277425.8799406439,
        "MapSection": "B20",
        "Latitude": 39.063825090000002,
        "Longitude": -84.520265809999998
      }
    },
    {
      "type": "Feature",
      "id": 677,
      "geometry": {
        "type": "Point",
        "coordinates": [-84.519678232988142, 39.064663483059611]
      },
      "properties": {
        "OBJECTID": 677,
        "Receiver": "D01110-F",
        "DU": 10,
        "FrontRow": "Yes",
        "Existing": 54.5,
        "Proposed": 61.4000015,
        "Impact": "No",
        "Barrier": 56.2999992,
        "Benefited": "Yes",
        "ELEVATION": 629.302979,
        "Section": "NSAD/B20",
        "Reduction": 5.1000022888183594,
        "x": 5270630.5499341339,
        "y": 4277730.7398952246,
        "MapSection": "B20",
        "Latitude": 39.064655979999998,
        "Longitude": -84.519673650000001
      }
    },
    {
      "type": "Feature",
      "id": 678,
      "geometry": {
        "type": "Point",
        "coordinates": [-84.519238403964962, 39.063000848245011]
      },
      "properties": {
        "OBJECTID": 678,
        "Receiver": "D01201",
        "DU": 1,
        "FrontRow": "No",
        "Existing": 52.7000008,
        "Proposed": 60.7000008,
        "Impact": "No",
        "Barrier": 53.0999985,
        "Benefited": "Yes",
        "ELEVATION": 601.505005,
        "Section": "NSAD/B20",
        "Reduction": 7.6000022888183594,
        "x": 5270763.4299177229,
        "y": 4277126.7899876386,
        "MapSection": "B20",
        "Latitude": 39.062993339999998,
        "Longitude": -84.519233819999997
      }
    },
    {
      "type": "Feature",
      "id": 679,
      "geometry": {
        "type": "Point",
        "coordinates": [-84.519791302111955, 39.063070995053614]
      },
      "properties": {
        "OBJECTID": 679,
        "Receiver": "D01301",
        "DU": 1,
        "FrontRow": "No",
        "Existing": 52.5,
        "Proposed": 61,
        "Impact": "No",
        "Barrier": 53.7000008,
        "Benefited": "Yes",
        "ELEVATION": 589.432983,
        "Section": "NSAD/B20",
        "Reduction": 7.2999992370605469,
        "x": 5270606.0900093019,
        "y": 4277150.2699275613,
        "MapSection": "B20",
        "Latitude": 39.063063489999998,
        "Longitude": -84.519786719999999
      }
    },
    {
      "type": "Feature",
      "id": 680,
      "geometry": {
        "type": "Point",
        "coordinates": [-84.520104860794902, 39.063110759278786]
      },
      "properties": {
        "OBJECTID": 680,
        "Receiver": "D01401",
        "DU": 1,
        "FrontRow": "No",
        "Existing": 52.5999985,
        "Proposed": 61.2000008,
        "Impact": "No",
        "Barrier": 53.7999992,
        "Benefited": "Yes",
        "ELEVATION": 582.960999,
        "Section": "NSAD/B20",
        "Reduction": 7.4000015258789062,
        "x": 5270516.8598728031,
        "y": 4277163.5799403042,
        "MapSection": "B20",
        "Latitude": 39.063103259999998,
        "Longitude": -84.520100279999994
      }
    },
    {
      "type": "Feature",
      "id": 681,
      "geometry": {
        "type": "Point",
        "coordinates": [-84.520294206629316, 39.062998795794201]
      },
      "properties": {
        "OBJECTID": 681,
        "Receiver": "D01501",
        "DU": 1,
        "FrontRow": "No",
        "Existing": 52.7999992,
        "Proposed": 61.7000008,
        "Impact": "No",
        "Barrier": 54,
        "Benefited": "Yes",
        "ELEVATION": 585.387024,
        "Section": "NSAD/B20",
        "Reduction": 7.7000007629394531,
        "x": 5270463.6299923807,
        "y": 4277122.0898658037,
        "MapSection": "B20",
        "Latitude": 39.062991289999999,
        "Longitude": -84.52028962
      }
    },
    {
      "type": "Feature",
      "id": 682,
      "geometry": {
        "type": "Point",
        "coordinates": [-84.520079218505344, 39.062771515457968]
      },
      "properties": {
        "OBJECTID": 682,
        "Receiver": "D01601",
        "DU": 1,
        "FrontRow": "No",
        "Existing": 53.4000015,
        "Proposed": 61.9000015,
        "Impact": "No",
        "Barrier": 53.7999992,
        "Benefited": "Yes",
        "ELEVATION": 599.807007,
        "Section": "NSAD/B20",
        "Reduction": 8.1000022888183594,
        "x": 5270525.7699599713,
        "y": 4277040.1100428998,
        "MapSection": "B20",
        "Latitude": 39.062764010000002,
        "Longitude": -84.520074629999996
      }
    },
    {
      "type": "Feature",
      "id": 683,
      "geometry": {
        "type": "Point",
        "coordinates": [-84.519901254580731, 39.062681008292003]
      },
      "properties": {
        "OBJECTID": 683,
        "Receiver": "D01701",
        "DU": 1,
        "FrontRow": "No",
        "Existing": 53.7999992,
        "Proposed": 62.2000008,
        "Impact": "No",
        "Barrier": 53.9000015,
        "Benefited": "Yes",
        "ELEVATION": 610.487976,
        "Section": "NSAD/B20",
        "Reduction": 8.2999992370605469,
        "x": 5270576.7400023937,
        "y": 4277007.8099106401,
        "MapSection": "B20",
        "Latitude": 39.062673500000002,
        "Longitude": -84.519896669999994
      }
    },
    {
      "type": "Feature",
      "id": 684,
      "geometry": {
        "type": "Point",
        "coordinates": [-84.519846713280728, 39.062482720823269]
      },
      "properties": {
        "OBJECTID": 684,
        "Receiver": "D01801",
        "DU": 1,
        "FrontRow": "No",
        "Existing": 54,
        "Proposed": 62.5,
        "Impact": "No",
        "Barrier": 53.7000008,
        "Benefited": "Yes",
        "ELEVATION": 620.734009,
        "Section": "NSAD/B20",
        "Reduction": 8.7999992370605469,
        "x": 5270593.1799301356,
        "y": 4276935.7900415659,
        "MapSection": "B20",
        "Latitude": 39.062475220000003,
        "Longitude": -84.519842130000001
      }
    },
    {
      "type": "Feature",
      "id": 685,
      "geometry": {
        "type": "Point",
        "coordinates": [-84.520727467952725, 39.062884066148605]
      },
      "properties": {
        "OBJECTID": 685,
        "Receiver": "D01901",
        "DU": 1,
        "FrontRow": "No",
        "Existing": 53.4000015,
        "Proposed": 62.2000008,
        "Impact": "No",
        "Barrier": 54.4000015,
        "Benefited": "Yes",
        "ELEVATION": 587.44397,
        "Section": "NSAD/B20",
        "Reduction": 7.7999992370605469,
        "x": 5270341.1499223858,
        "y": 4277078.6798476428,
        "MapSection": "B20",
        "Latitude": 39.062876559999999,
        "Longitude": -84.520722879999994
      }
    },
    {
      "type": "Feature",
      "id": 686,
      "geometry": {
        "type": "Point",
        "coordinates": [-84.520818348231472, 39.062567927710894]
      },
      "properties": {
        "OBJECTID": 686,
        "Receiver": "D02001",
        "DU": 1,
        "FrontRow": "No",
        "Existing": 54,
        "Proposed": 63.0999985,
        "Impact": "No",
        "Barrier": 54.2000008,
        "Benefited": "Yes",
        "ELEVATION": 604.632996,
        "Section": "NSAD/B20",
        "Reduction": 8.8999977111816406,
        "x": 5270316.8599447161,
        "y": 4276963.1899211407,
        "MapSection": "B20",
        "Latitude": 39.062560419999997,
        "Longitude": -84.520813759999996
      }
    },
    {
      "type": "Feature",
      "id": 687,
      "geometry": {
        "type": "Point",
        "coordinates": [-84.520726325509216, 39.062468119661169]
      },
      "properties": {
        "OBJECTID": 687,
        "Receiver": "D02101",
        "DU": 1,
        "FrontRow": "No",
        "Existing": 54.2000008,
        "Proposed": 63.0999985,
        "Impact": "No",
        "Barrier": 54.0999985,
        "Benefited": "Yes",
        "ELEVATION": 610.995972,
        "Section": "NSAD/B20",
        "Reduction": 9,
        "x": 5270343.4701277167,
        "y": 4276927.180150643,
        "MapSection": "B20",
        "Latitude": 39.062460620000003,
        "Longitude": -84.520721739999999
      }
    },
    {
      "type": "Feature",
      "id": 688,
      "geometry": {
        "type": "Point",
        "coordinates": [-84.520715428125968, 39.062296086901583]
      },
      "properties": {
        "OBJECTID": 688,
        "Receiver": "D02201",
        "DU": 1,
        "FrontRow": "No",
        "Existing": 55.4000015,
        "Proposed": 63.7000008,
        "Impact": "No",
        "Barrier": 54,
        "Benefited": "Yes",
        "ELEVATION": 624.997986,
        "Section": "NSAD/B20",
        "Reduction": 9.7000007629394531,
        "x": 5270347.3900673836,
        "y": 4276864.5598690659,
        "MapSection": "B20",
        "Latitude": 39.062288580000001,
        "Longitude": -84.520710840000007
      }
    },
    {
      "type": "Feature",
      "id": 689,
      "geometry": {
        "type": "Point",
        "coordinates": [-84.520635552551241, 39.062129798557791]
      },
      "properties": {
        "OBJECTID": 689,
        "Receiver": "D02301",
        "DU": 1,
        "FrontRow": "No",
        "Existing": 55.0999985,
        "Proposed": 64.0999985,
        "Impact": "No",
        "Barrier": 54.2999992,
        "Benefited": "Yes",
        "ELEVATION": 637.854004,
        "Section": "NSAD/B20",
        "Reduction": 9.7999992370605469,
        "x": 5270370.8700073063,
        "y": 4276804.2899764776,
        "MapSection": "B20",
        "Latitude": 39.062122299999999,
        "Longitude": -84.520630969999999
      }
    },
    {
      "type": "Feature",
      "id": 690,
      "geometry": {
        "type": "Point",
        "coordinates": [-84.521225154453248, 39.062718245443421]
      },
      "properties": {
        "OBJECTID": 690,
        "Receiver": "D02401",
        "DU": 1,
        "FrontRow": "No",
        "Existing": 55.2999992,
        "Proposed": 62.9000015,
        "Impact": "No",
        "Barrier": 54.5999985,
        "Benefited": "Yes",
        "ELEVATION": 587.989014,
        "Section": "NSAD/B20",
        "Reduction": 8.3000030517578125,
        "x": 5270200.620019719,
        "y": 4277016.4201296419,
        "MapSection": "B20",
        "Latitude": 39.06271074,
        "Longitude": -84.521220569999997
      }
    },
    {
      "type": "Feature",
      "id": 691,
      "geometry": {
        "type": "Point",
        "coordinates": [-84.521272502881047, 39.062525314628516]
      },
      "properties": {
        "OBJECTID": 691,
        "Receiver": "D02501",
        "DU": 1,
        "FrontRow": "No",
        "Existing": 53.9000015,
        "Proposed": 63.2999992,
        "Impact": "No",
        "Barrier": 53.7999992,
        "Benefited": "Yes",
        "ELEVATION": 595.096985,
        "Section": "NSAD/B20",
        "Reduction": 9.5,
        "x": 5270188.1000316441,
        "y": 4276945.9701393098,
        "MapSection": "B20",
        "Latitude": 39.062517810000003,
        "Longitude": -84.52126792
      }
    },
    {
      "type": "Feature",
      "id": 692,
      "geometry": {
        "type": "Point",
        "coordinates": [-84.521364972234068, 39.062438161922408]
      },
      "properties": {
        "OBJECTID": 692,
        "Receiver": "D02601",
        "DU": 1,
        "FrontRow": "No",
        "Existing": 53.7999992,
        "Proposed": 63.2999992,
        "Impact": "No",
        "Barrier": 53.7999992,
        "Benefited": "Yes",
        "ELEVATION": 595.986023,
        "Section": "NSAD/B20",
        "Reduction": 9.5,
        "x": 5270162.2598602176,
        "y": 4276913.8799804002,
        "MapSection": "B20",
        "Latitude": 39.062430659999997,
        "Longitude": -84.521360389999998
      }
    },
    {
      "type": "Feature",
      "id": 693,
      "geometry": {
        "type": "Point",
        "coordinates": [-84.521469006582151, 39.062316727825966]
      },
      "properties": {
        "OBJECTID": 693,
        "Receiver": "D02701",
        "DU": 1,
        "FrontRow": "No",
        "Existing": 53.7999992,
        "Proposed": 63.2999992,
        "Impact": "No",
        "Barrier": 53.7999992,
        "Benefited": "Yes",
        "ELEVATION": 598.067017,
        "Section": "NSAD/B20",
        "Reduction": 9.5,
        "x": 5270133.2999443859,
        "y": 4276869.2599909008,
        "MapSection": "B20",
        "Latitude": 39.062309220000003,
        "Longitude": -84.521464420000001
      }
    },
    {
      "type": "Feature",
      "id": 694,
      "geometry": {
        "type": "Point",
        "coordinates": [-84.521607111406979, 39.062219281317475]
      },
      "properties": {
        "OBJECTID": 694,
        "Receiver": "D02801",
        "DU": 1,
        "FrontRow": "No",
        "Existing": 54,
        "Proposed": 63.2999992,
        "Impact": "No",
        "Barrier": 53.9000015,
        "Benefited": "Yes",
        "ELEVATION": 599.68103,
        "Section": "NSAD/B20",
        "Reduction": 9.3999977111816406,
        "x": 5270094.5500218868,
        "y": 4276833.2498923093,
        "MapSection": "B20",
        "Latitude": 39.062211779999998,
        "Longitude": -84.521602529999996
      }
    },
    {
      "type": "Feature",
      "id": 695,
      "geometry": {
        "type": "Point",
        "coordinates": [-84.521724839409273, 39.062102298449219]
      },
      "properties": {
        "OBJECTID": 695,
        "Receiver": "D02901",
        "DU": 1,
        "FrontRow": "No",
        "Existing": 53.9000015,
        "Proposed": 63.4000015,
        "Impact": "No",
        "Barrier": 53.5999985,
        "Benefited": "Yes",
        "ELEVATION": 602.25,
        "Section": "NSAD/B20",
        "Reduction": 9.8000030517578125,
        "x": 5270061.6800088882,
        "y": 4276790.2001096457,
        "MapSection": "B20",
        "Latitude": 39.062094799999997,
        "Longitude": -84.521720259999995
      }
    },
    {
      "type": "Feature",
      "id": 696,
      "geometry": {
        "type": "Point",
        "coordinates": [-84.521833675569553, 39.062023906348095]
      },
      "properties": {
        "OBJECTID": 696,
        "Receiver": "D03001",
        "DU": 1,
        "FrontRow": "No",
        "Existing": 54.0999985,
        "Proposed": 63.4000015,
        "Impact": "No",
        "Barrier": 53.7999992,
        "Benefited": "Yes",
        "ELEVATION": 604.122009,
        "Section": "NSAD/B20",
        "Reduction": 9.6000022888183594,
        "x": 5270031.1498862207,
        "y": 4276761.2398657203,
        "MapSection": "B20",
        "Latitude": 39.062016399999997,
        "Longitude": -84.521829089999997
      }
    },
    {
      "type": "Feature",
      "id": 697,
      "geometry": {
        "type": "Point",
        "coordinates": [-84.521912595073516, 39.061921542153129]
      },
      "properties": {
        "OBJECTID": 697,
        "Receiver": "D03101",
        "DU": 1,
        "FrontRow": "No",
        "Existing": 53.9000015,
        "Proposed": 63.4000015,
        "Impact": "No",
        "Barrier": 53.7999992,
        "Benefited": "Yes",
        "ELEVATION": 606.291992,
        "Section": "NSAD/B20",
        "Reduction": 9.6000022888183594,
        "x": 5270009.2299825549,
        "y": 4276723.6598883867,
        "MapSection": "B20",
        "Latitude": 39.061914039999998,
        "Longitude": -84.521908010000004
      }
    },
    {
      "type": "Feature",
      "id": 698,
      "geometry": {
        "type": "Point",
        "coordinates": [-84.522044051108239, 39.061809009837766]
      },
      "properties": {
        "OBJECTID": 698,
        "Receiver": "D03201",
        "DU": 1,
        "FrontRow": "No",
        "Existing": 53.7999992,
        "Proposed": 63.2999992,
        "Impact": "No",
        "Barrier": 53.5,
        "Benefited": "Yes",
        "ELEVATION": 607.231018,
        "Section": "NSAD/B20",
        "Reduction": 9.7999992370605469,
        "x": 5269972.4400298893,
        "y": 4276682.1799844801,
        "MapSection": "B20",
        "Latitude": 39.061801510000002,
        "Longitude": -84.522039469999996
      }
    },
    {
      "type": "Feature",
      "id": 699,
      "geometry": {
        "type": "Point",
        "coordinates": [-84.522158560807895, 39.061719914543716]
      },
      "properties": {
        "OBJECTID": 699,
        "Receiver": "D03301",
        "DU": 1,
        "FrontRow": "No",
        "Existing": 53.9000015,
        "Proposed": 63.2000008,
        "Impact": "No",
        "Barrier": 53.2000008,
        "Benefited": "Yes",
        "ELEVATION": 607.921021,
        "Section": "NSAD/B20",
        "Reduction": 10,
        "x": 5269940.3498709649,
        "y": 4276649.3001289815,
        "MapSection": "B20",
        "Latitude": 39.061712409999998,
        "Longitude": -84.522153979999999
      }
    },
    {
      "type": "Feature",
      "id": 700,
      "geometry": {
        "type": "Point",
        "coordinates": [-84.522251318843388, 39.061613409071967]
      },
      "properties": {
        "OBJECTID": 700,
        "Receiver": "D03401",
        "DU": 1,
        "FrontRow": "No",
        "Existing": 53.5,
        "Proposed": 62.9000015,
        "Impact": "No",
        "Barrier": 53.2000008,
        "Benefited": "Yes",
        "ELEVATION": 609.29303,
        "Section": "NSAD/B20",
        "Reduction": 9.7000007629394531,
        "x": 5269914.5198701322,
        "y": 4276610.160115391,
        "MapSection": "B20",
        "Latitude": 39.061605909999997,
        "Longitude": -84.522246730000006
      }
    },
    {
      "type": "Feature",
      "id": 701,
      "geometry": {
        "type": "Point",
        "coordinates": [-84.52234935014765, 39.061522002613536]
      },
      "properties": {
        "OBJECTID": 701,
        "Receiver": "D03501",
        "DU": 1,
        "FrontRow": "No",
        "Existing": 53,
        "Proposed": 62.2000008,
        "Impact": "No",
        "Barrier": 52.7000008,
        "Benefited": "Yes",
        "ELEVATION": 612.107971,
        "Section": "NSAD/B20",
        "Reduction": 9.5,
        "x": 5269887.1199905574,
        "y": 4276576.5000777245,
        "MapSection": "B20",
        "Latitude": 39.061514500000001,
        "Longitude": -84.522344770000004
      }
    },
    {
      "type": "Feature",
      "id": 702,
      "geometry": {
        "type": "Point",
        "coordinates": [-84.522482925499816, 39.061279603522237]
      },
      "properties": {
        "OBJECTID": 702,
        "Receiver": "D03601",
        "DU": 1,
        "FrontRow": "No",
        "Existing": 52.5999985,
        "Proposed": 61.7000008,
        "Impact": "No",
        "Barrier": 52.7999992,
        "Benefited": "Yes",
        "ELEVATION": 617.622009,
        "Section": "NSAD/B20",
        "Reduction": 8.9000015258789062,
        "x": 5269850.3500509709,
        "y": 4276487.7099009752,
        "MapSection": "B20",
        "Latitude": 39.061272099999996,
        "Longitude": -84.522478340000006
      }
    },
    {
      "type": "Feature",
      "id": 703,
      "geometry": {
        "type": "Point",
        "coordinates": [-84.522535595891682, 39.061184244942389]
      },
      "properties": {
        "OBJECTID": 703,
        "Receiver": "D03701",
        "DU": 1,
        "FrontRow": "No",
        "Existing": 52.7000008,
        "Proposed": 61.5,
        "Impact": "No",
        "Barrier": 52.5,
        "Benefited": "Yes",
        "ELEVATION": 619.945007,
        "Section": "NSAD/B20",
        "Reduction": 9,
        "x": 5269835.8500799686,
        "y": 4276452.779852733,
        "MapSection": "B20",
        "Latitude": 39.061176740000001,
        "Longitude": -84.522531009999994
      }
    },
    {
      "type": "Feature",
      "id": 704,
      "geometry": {
        "type": "Point",
        "coordinates": [-84.522567912976882, 39.061036678986667]
      },
      "properties": {
        "OBJECTID": 704,
        "Receiver": "D03801",
        "DU": 1,
        "FrontRow": "No",
        "Existing": 53,
        "Proposed": 62.5,
        "Impact": "No",
        "Barrier": 53.2000008,
        "Benefited": "Yes",
        "ELEVATION": 623.203003,
        "Section": "NSAD/B20",
        "Reduction": 9.2999992370605469,
        "x": 5269827.3799525499,
        "y": 4276398.9098817259,
        "MapSection": "B20",
        "Latitude": 39.061029179999998,
        "Longitude": -84.522563329999997
      }
    },
    {
      "type": "Feature",
      "id": 705,
      "geometry": {
        "type": "Point",
        "coordinates": [-84.522639148568118, 39.060809399664301]
      },
      "properties": {
        "OBJECTID": 705,
        "Receiver": "D03912",
        "DU": 12,
        "FrontRow": "No",
        "Existing": 52.5999985,
        "Proposed": 62,
        "Impact": "No",
        "Barrier": 52.9000015,
        "Benefited": "Yes",
        "ELEVATION": 624.588989,
        "Section": "NSAD/B20",
        "Reduction": 9.0999984741210938,
        "x": 5269808.2398989648,
        "y": 4276315.8598509729,
        "MapSection": "B20",
        "Latitude": 39.060801900000001,
        "Longitude": -84.52263456
      }
    },
    {
      "type": "Feature",
      "id": 706,
      "geometry": {
        "type": "Point",
        "coordinates": [-84.523021886606315, 39.060436263580719]
      },
      "properties": {
        "OBJECTID": 706,
        "Receiver": "D04012",
        "DU": 12,
        "FrontRow": "No",
        "Existing": 52.2000008,
        "Proposed": 61.0999985,
        "Impact": "No",
        "Barrier": 53.0999985,
        "Benefited": "Yes",
        "ELEVATION": 629.093018,
        "Section": "NSAD/B20",
        "Reduction": 8,
        "x": 5269701.3398503065,
        "y": 4276178.5199025571,
        "MapSection": "B20",
        "Latitude": 39.060428760000001,
        "Longitude": -84.523017300000006
      }
    },
    {
      "type": "Feature",
      "id": 707,
      "geometry": {
        "type": "Point",
        "coordinates": [-84.522166139377063, 39.062654241326882]
      },
      "properties": {
        "OBJECTID": 707,
        "Receiver": "D04101-F",
        "DU": 1,
        "FrontRow": "Yes",
        "Existing": 56.5999985,
        "Proposed": 63.2000008,
        "Impact": "No",
        "Barrier": 55.7000008,
        "Benefited": "Yes",
        "ELEVATION": 599.833008,
        "Section": "NSAD/B20",
        "Reduction": 7.5,
        "x": 5269933.7199629694,
        "y": 4276989.590130806,
        "MapSection": "B20",
        "Latitude": 39.062646739999998,
        "Longitude": -84.522161550000007
      }
    },
    {
      "type": "Feature",
      "id": 708,
      "geometry": {
        "type": "Point",
        "coordinates": [-84.522376056188378, 39.062485407738492]
      },
      "properties": {
        "OBJECTID": 708,
        "Receiver": "D04201-F",
        "DU": 1,
        "FrontRow": "Yes",
        "Existing": 56.9000015,
        "Proposed": 63.5,
        "Impact": "No",
        "Barrier": 55.7999992,
        "Benefited": "Yes",
        "ELEVATION": 605.328979,
        "Section": "NSAD/B20",
        "Reduction": 7.7000007629394531,
        "x": 5269874.9198837131,
        "y": 4276927.3100716472,
        "MapSection": "B20",
        "Latitude": 39.062477899999998,
        "Longitude": -84.522371469999996
      }
    },
    {
      "type": "Feature",
      "id": 709,
      "geometry": {
        "type": "Point",
        "coordinates": [-84.522539968306958, 39.06242789687537]
      },
      "properties": {
        "OBJECTID": 709,
        "Receiver": "D04301-F",
        "DU": 1,
        "FrontRow": "Yes",
        "Existing": 56.2999992,
        "Proposed": 63.5,
        "Impact": "No",
        "Barrier": 55.9000015,
        "Benefited": "Yes",
        "ELEVATION": 608.554016,
        "Section": "NSAD/B20",
        "Reduction": 7.5999984741210938,
        "x": 5269828.6499631405,
        "y": 4276905.7500753999,
        "MapSection": "B20",
        "Latitude": 39.06242039,
        "Longitude": -84.522535379999994
      }
    },
    {
      "type": "Feature",
      "id": 710,
      "geometry": {
        "type": "Point",
        "coordinates": [-84.522780646914811, 39.062140939328529]
      },
      "properties": {
        "OBJECTID": 710,
        "Receiver": "D04402-F",
        "DU": 2,
        "FrontRow": "Yes",
        "Existing": 55.5999985,
        "Proposed": 63.2999992,
        "Impact": "No",
        "Barrier": 55.7000008,
        "Benefited": "Yes",
        "ELEVATION": 609.241028,
        "Section": "NSAD/B20",
        "Reduction": 7.5999984741210938,
        "x": 5269761.6799527258,
        "y": 4276800.3300106376,
        "MapSection": "B20",
        "Latitude": 39.062133439999997,
        "Longitude": -84.522776059999998
      }
    },
    {
      "type": "Feature",
      "id": 711,
      "geometry": {
        "type": "Point",
        "coordinates": [-84.52326175977899, 39.061376513544431]
      },
      "properties": {
        "OBJECTID": 711,
        "Receiver": "D04501-F",
        "DU": 1,
        "FrontRow": "Yes",
        "Existing": 53.2999992,
        "Proposed": 63,
        "Impact": "No",
        "Barrier": 54.2000008,
        "Benefited": "Yes",
        "ELEVATION": 627.159973,
        "Section": "NSAD/B20",
        "Reduction": 8.7999992370605469,
        "x": 5269628.7199168056,
        "y": 4276520.0999280661,
        "MapSection": "B20",
        "Latitude": 39.06136901,
        "Longitude": -84.523257180000002
      }
    },
    {
      "type": "Feature",
      "id": 712,
      "geometry": {
        "type": "Point",
        "coordinates": [-84.52330057402196, 39.061198539389139]
      },
      "properties": {
        "OBJECTID": 712,
        "Receiver": "D04601",
        "DU": 1,
        "FrontRow": "No",
        "Existing": 52.7000008,
        "Proposed": 62.5,
        "Impact": "No",
        "Barrier": 53.9000015,
        "Benefited": "Yes",
        "ELEVATION": 627.645996,
        "Section": "NSAD/B20",
        "Reduction": 8.5999984741210938,
        "x": 5269618.5499896407,
        "y": 4276455.129913643,
        "MapSection": "B20",
        "Latitude": 39.061191039999997,
        "Longitude": -84.523295989999994
      }
    },
    {
      "type": "Feature",
      "id": 713,
      "geometry": {
        "type": "Point",
        "coordinates": [-84.523459349331844, 39.060937976503887]
      },
      "properties": {
        "OBJECTID": 713,
        "Receiver": "D04701",
        "DU": 1,
        "FrontRow": "No",
        "Existing": 52.9000015,
        "Proposed": 62.5999985,
        "Impact": "No",
        "Barrier": 54.2999992,
        "Benefited": "Yes",
        "ELEVATION": 644.840027,
        "Section": "NSAD/B20",
        "Reduction": 8.2999992370605469,
        "x": 5269574.7098542154,
        "y": 4276359.6301046461,
        "MapSection": "B20",
        "Latitude": 39.060930470000002,
        "Longitude": -84.523454760000007
      }
    },
    {
      "type": "Feature",
      "id": 714,
      "geometry": {
        "type": "Point",
        "coordinates": [-84.524674120101778, 39.061441606359146]
      },
      "properties": {
        "OBJECTID": 714,
        "Receiver": "D04801-F",
        "DU": 1,
        "FrontRow": "Yes",
        "Existing": 70.0999985,
        "Proposed": 75.1999969,
        "Impact": "Yes",
        "Barrier": 63.4000015,
        "Benefited": "Yes",
        "ELEVATION": 736.11499,
        "Section": "NSAD/B20",
        "Reduction": 11.799995422363281,
        "x": 5269227.3401421309,
        "y": 4276538.5398518145,
        "MapSection": "B20",
        "Latitude": 39.0614341,
        "Longitude": -84.524669529999997
      }
    },
    {
      "type": "Feature",
      "id": 715,
      "geometry": {
        "type": "Point",
        "coordinates": [-84.523948800618001, 39.059945293525914]
      },
      "properties": {
        "OBJECTID": 715,
        "Receiver": "D05002",
        "DU": 2,
        "FrontRow": "No",
        "Existing": 53.2000008,
        "Proposed": 60.7999992,
        "Impact": "No",
        "Barrier": 53.7999992,
        "Benefited": "Yes",
        "ELEVATION": 654.815979,
        "Section": "NSAD/B20",
        "Reduction": 7,
        "x": 5269440.4699652195,
        "y": 4275996.2299128175,
        "MapSection": "B20",
        "Latitude": 39.059937789999999,
        "Longitude": -84.523944220000004
      }
    },
    {
      "type": "Feature",
      "id": 716,
      "geometry": {
        "type": "Point",
        "coordinates": [-84.524668214462281, 39.060171857688708]
      },
      "properties": {
        "OBJECTID": 716,
        "Receiver": "D05112",
        "DU": 12,
        "FrontRow": "No",
        "Existing": 54,
        "Proposed": 61.0999985,
        "Impact": "No",
        "Barrier": 54.5,
        "Benefited": "Yes",
        "ELEVATION": 675.646973,
        "Section": "NSAD/B20",
        "Reduction": 6.5999984741210938,
        "x": 5269235.0901266336,
        "y": 4276076.0699762255,
        "MapSection": "B20",
        "Latitude": 39.060164360000002,
        "Longitude": -84.524663630000006
      }
    },
    {
      "type": "Feature",
      "id": 717,
      "geometry": {
        "type": "Point",
        "coordinates": [-84.524895854685795, 39.060185664207779]
      },
      "properties": {
        "OBJECTID": 717,
        "Receiver": "D05212",
        "DU": 12,
        "FrontRow": "No",
        "Existing": 55.7000008,
        "Proposed": 61.7999992,
        "Impact": "No",
        "Barrier": 54.9000015,
        "Benefited": "Yes",
        "ELEVATION": 687.780029,
        "Section": "NSAD/B20",
        "Reduction": 6.8999977111816406,
        "x": 5269170.3799542189,
        "y": 4276080.2500859797,
        "MapSection": "B20",
        "Latitude": 39.06017816,
        "Longitude": -84.524891269999998
      }
    },
    {
      "type": "Feature",
      "id": 718,
      "geometry": {
        "type": "Point",
        "coordinates": [-84.525763038272103, 39.060246672674559]
      },
      "properties": {
        "OBJECTID": 718,
        "Receiver": "D05312",
        "DU": 12,
        "FrontRow": "No",
        "Existing": 57.0999985,
        "Proposed": 63,
        "Impact": "No",
        "Barrier": 56.0999985,
        "Benefited": "Yes",
        "ELEVATION": 707.247986,
        "Section": "NSAD/B20",
        "Reduction": 6.9000015258789062,
        "x": 5268923.829922393,
        "y": 4276099.2398773879,
        "MapSection": "B20",
        "Latitude": 39.060239170000003,
        "Longitude": -84.525758449999998
      }
    },
    {
      "type": "Feature",
      "id": 719,
      "geometry": {
        "type": "Point",
        "coordinates": [-84.525483854668593, 39.060788761549432]
      },
      "properties": {
        "OBJECTID": 719,
        "Receiver": "D05412-F",
        "DU": 12,
        "FrontRow": "Yes",
        "Existing": 50.2999992,
        "Proposed": 58.2000008,
        "Impact": "No",
        "Barrier": 53.4000015,
        "Benefited": "No",
        "ELEVATION": 708.554016,
        "Section": "NSAD/B20",
        "Reduction": 4.7999992370605469,
        "x": 5269000.5200577229,
        "y": 4276297.7299659699,
        "MapSection": "B20",
        "Latitude": 39.060781259999999,
        "Longitude": -84.525479270000005
      }
    },
    {
      "type": "Feature",
      "id": 720,
      "geometry": {
        "type": "Point",
        "coordinates": [-84.525791895860024, 39.060775083210807]
      },
      "properties": {
        "OBJECTID": 720,
        "Receiver": "D05512-F",
        "DU": 12,
        "FrontRow": "Yes",
        "Existing": 47,
        "Proposed": 56.5999985,
        "Impact": "No",
        "Barrier": 52.9000015,
        "Benefited": "No",
        "ELEVATION": 712.299011,
        "Section": "NSAD/B20",
        "Reduction": 3.6999969482421875,
        "x": 5268913.1101275533,
        "y": 4276291.6000569761,
        "MapSection": "B20",
        "Latitude": 39.060767579999997,
        "Longitude": -84.525787309999998
      }
    },
    {
      "type": "Feature",
      "id": 721,
      "geometry": {
        "type": "Point",
        "coordinates": [-84.526460884196197, 39.060388912570659]
      },
      "properties": {
        "OBJECTID": 721,
        "Receiver": "D05602-F",
        "DU": 2,
        "FrontRow": "Yes",
        "Existing": 46.5,
        "Proposed": 56.5,
        "Impact": "No",
        "Barrier": 51.2000008,
        "Benefited": "Yes",
        "ELEVATION": 714.185974,
        "Section": "NSAD/B20",
        "Reduction": 5.2999992370605469,
        "x": 5268724.9799263924,
        "y": 4276148.450080812,
        "MapSection": "B20",
        "Latitude": 39.060381409999998,
        "Longitude": -84.526456300000007
      }
    },
    {
      "type": "Feature",
      "id": 722,
      "geometry": {
        "type": "Point",
        "coordinates": [-84.526561358899329, 39.06035913533163]
      },
      "properties": {
        "OBJECTID": 722,
        "Receiver": "D05702-F",
        "DU": 2,
        "FrontRow": "Yes",
        "Existing": 46.4000015,
        "Proposed": 57.9000015,
        "Impact": "No",
        "Barrier": 51.9000015,
        "Benefited": "Yes",
        "ELEVATION": 715.815002,
        "Section": "NSAD/B20",
        "Reduction": 6,
        "x": 5268696.5898912996,
        "y": 4276137.2299588919,
        "MapSection": "B20",
        "Latitude": 39.06035163,
        "Longitude": -84.526556769999999
      }
    },
    {
      "type": "Feature",
      "id": 723,
      "geometry": {
        "type": "Point",
        "coordinates": [-84.526683174055009, 39.060304180754777]
      },
      "properties": {
        "OBJECTID": 723,
        "Receiver": "D05802-F",
        "DU": 2,
        "FrontRow": "Yes",
        "Existing": 47.9000015,
        "Proposed": 58.7000008,
        "Impact": "No",
        "Barrier": 52.7999992,
        "Benefited": "Yes",
        "ELEVATION": 715.067993,
        "Section": "NSAD/B20",
        "Reduction": 5.9000015258789062,
        "x": 5268662.2599074692,
        "y": 4276116.759855479,
        "MapSection": "B20",
        "Latitude": 39.06029668,
        "Longitude": -84.526678590000003
      }
    },
    {
      "type": "Feature",
      "id": 724,
      "geometry": {
        "type": "Point",
        "coordinates": [-84.526856321222454, 39.060101139899309]
      },
      "properties": {
        "OBJECTID": 724,
        "Receiver": "D05902-F",
        "DU": 2,
        "FrontRow": "Yes",
        "Existing": 52.2999992,
        "Proposed": 59.5,
        "Impact": "No",
        "Barrier": 53.2999992,
        "Benefited": "Yes",
        "ELEVATION": 713.258972,
        "Section": "NSAD/B20",
        "Reduction": 6.2000007629394531,
        "x": 5268614.0598726422,
        "y": 4276042.1599390656,
        "MapSection": "B20",
        "Latitude": 39.060093639999998,
        "Longitude": -84.526851739999998
      }
    },
    {
      "type": "Feature",
      "id": 725,
      "geometry": {
        "type": "Point",
        "coordinates": [-84.526911412130687, 39.060003799997766]
      },
      "properties": {
        "OBJECTID": 725,
        "Receiver": "D06002-F",
        "DU": 2,
        "FrontRow": "Yes",
        "Existing": 52.5999985,
        "Proposed": 60.0999985,
        "Impact": "No",
        "Barrier": 54.0999985,
        "Benefited": "Yes",
        "ELEVATION": 713.776001,
        "Section": "NSAD/B20",
        "Reduction": 6,
        "x": 5268598.8801129758,
        "y": 4276006.4999053925,
        "MapSection": "B20",
        "Latitude": 39.059996300000002,
        "Longitude": -84.526906830000001
      }
    },
    {
      "type": "Feature",
      "id": 726,
      "geometry": {
        "type": "Point",
        "coordinates": [-84.526931312775503, 39.05992605990469]
      },
      "properties": {
        "OBJECTID": 726,
        "Receiver": "D06102-F",
        "DU": 2,
        "FrontRow": "Yes",
        "Existing": 53.2999992,
        "Proposed": 60,
        "Impact": "No",
        "Barrier": 54.4000015,
        "Benefited": "Yes",
        "ELEVATION": 713.427002,
        "Section": "NSAD/B20",
        "Reduction": 5.5999984741210938,
        "x": 5268593.5999398082,
        "y": 4275978.1098703146,
        "MapSection": "B20",
        "Latitude": 39.05991856,
        "Longitude": -84.52692673
      }
    },
    {
      "type": "Feature",
      "id": 727,
      "geometry": {
        "type": "Point",
        "coordinates": [-84.526636502743642, 39.059622172984795]
      },
      "properties": {
        "OBJECTID": 727,
        "Receiver": "D06202",
        "DU": 2,
        "FrontRow": "No",
        "Existing": 57.0999985,
        "Proposed": 62,
        "Impact": "No",
        "Barrier": 54.5,
        "Benefited": "Yes",
        "ELEVATION": 716.874023,
        "Section": "NSAD/B20",
        "Reduction": 7.5,
        "x": 5268678.7700450569,
        "y": 4275868.519866392,
        "MapSection": "B20",
        "Latitude": 39.059614670000002,
        "Longitude": -84.52663192
      }
    },
    {
      "type": "Feature",
      "id": 728,
      "geometry": {
        "type": "Point",
        "coordinates": [-84.526547953076033, 39.059633952059066]
      },
      "properties": {
        "OBJECTID": 728,
        "Receiver": "D06302",
        "DU": 2,
        "FrontRow": "No",
        "Existing": 57,
        "Proposed": 61.2000008,
        "Impact": "No",
        "Barrier": 53.9000015,
        "Benefited": "Yes",
        "ELEVATION": 715.445984,
        "Section": "NSAD/B20",
        "Reduction": 7.2999992370605469,
        "x": 5268703.8598898798,
        "y": 4275873.1399358958,
        "MapSection": "B20",
        "Latitude": 39.059626450000003,
        "Longitude": -84.526543369999999
      }
    },
    {
      "type": "Feature",
      "id": 729,
      "geometry": {
        "type": "Point",
        "coordinates": [-84.526392318545945, 39.059626925147626]
      },
      "properties": {
        "OBJECTID": 729,
        "Receiver": "D06402",
        "DU": 2,
        "FrontRow": "No",
        "Existing": 58.7999992,
        "Proposed": 63.4000015,
        "Impact": "No",
        "Barrier": 55.0999985,
        "Benefited": "Yes",
        "ELEVATION": 719.599976,
        "Section": "NSAD/B20",
        "Reduction": 8.3000030517578125,
        "x": 5268748.0901163816,
        "y": 4275871.1599529833,
        "MapSection": "B20",
        "Latitude": 39.059619419999997,
        "Longitude": -84.526387729999996
      }
    },
    {
      "type": "Feature",
      "id": 730,
      "geometry": {
        "type": "Point",
        "coordinates": [-84.526184553344848, 39.05967734905893]
      },
      "properties": {
        "OBJECTID": 730,
        "Receiver": "D06502",
        "DU": 2,
        "FrontRow": "No",
        "Existing": 58,
        "Proposed": 62.7000008,
        "Impact": "No",
        "Barrier": 54.7000008,
        "Benefited": "Yes",
        "ELEVATION": 714.20697,
        "Section": "NSAD/B20",
        "Reduction": 8,
        "x": 5268806.8498413861,
        "y": 4275890.3000065535,
        "MapSection": "B20",
        "Latitude": 39.059669849999999,
        "Longitude": -84.526179970000001
      }
    },
    {
      "type": "Feature",
      "id": 731,
      "geometry": {
        "type": "Point",
        "coordinates": [-84.526065000854771, 39.059735949942187]
      },
      "properties": {
        "OBJECTID": 731,
        "Receiver": "D06602",
        "DU": 2,
        "FrontRow": "No",
        "Existing": 56.7999992,
        "Proposed": 62,
        "Impact": "No",
        "Barrier": 54.9000015,
        "Benefited": "Yes",
        "ELEVATION": 712.179993,
        "Section": "NSAD/B20",
        "Reduction": 7.0999984741210938,
        "x": 5268840.5200496316,
        "y": 4275912.08998923,
        "MapSection": "B20",
        "Latitude": 39.059728450000001,
        "Longitude": -84.526060419999993
      }
    },
    {
      "type": "Feature",
      "id": 732,
      "geometry": {
        "type": "Point",
        "coordinates": [-84.525968656379931, 39.059796600330209]
      },
      "properties": {
        "OBJECTID": 732,
        "Receiver": "D06702",
        "DU": 2,
        "FrontRow": "No",
        "Existing": 57.2999992,
        "Proposed": 61.9000015,
        "Impact": "No",
        "Barrier": 55.4000015,
        "Benefited": "Yes",
        "ELEVATION": 711.315002,
        "Section": "NSAD/B20",
        "Reduction": 6.5,
        "x": 5268867.5898773819,
        "y": 4275934.5400755554,
        "MapSection": "B20",
        "Latitude": 39.059789100000003,
        "Longitude": -84.525964070000001
      }
    },
    {
      "type": "Feature",
      "id": 733,
      "geometry": {
        "type": "Point",
        "coordinates": [-84.522439943096927, 39.061416490814253]
      },
      "properties": {
        "OBJECTID": 733,
        "Receiver": "D06801",
        "DU": 1,
        "FrontRow": "No",
        "Existing": 52.5999985,
        "Proposed": 61.4000015,
        "Impact": "No",
        "Barrier": 52.2999992,
        "Benefited": "Yes",
        "ELEVATION": 614.219971,
        "Section": "NSAD/B20",
        "Reduction": 9.1000022888183594,
        "x": 5269861.8998966366,
        "y": 4276537.7301421463,
        "MapSection": "B20",
        "Latitude": 39.061408989999997,
        "Longitude": -84.522435360000003
      }
    },
    {
      "type": "Feature",
      "id": 799,
      "geometry": {
        "type": "Point",
        "coordinates": [-84.52390530662241, 39.082353451043389]
      },
      "properties": {
        "OBJECTID": 799,
        "Receiver": "F00102-F",
        "DU": 2,
        "FrontRow": "Yes",
        "Existing": 71.6999969,
        "Proposed": 66.1999969,
        "Impact": "Yes",
        "Barrier": 66.1999969,
        "Benefited": "No",
        "ELEVATION": 588.148987,
        "Section": "NSAF",
        "Reduction": 0.1999969482421875,
        "x": 5269345.5800631344,
        "y": 4284158.359913975,
        "MapSection": null,
        "Latitude": 39.082345940000003,
        "Longitude": -84.52390072
      }
    },
    {
      "type": "Feature",
      "id": 800,
      "geometry": {
        "type": "Point",
        "coordinates": [-84.52389399886394, 39.082207196907454]
      },
      "properties": {
        "OBJECTID": 800,
        "Receiver": "F00201-F",
        "DU": 1,
        "FrontRow": "Yes",
        "Existing": 71.5,
        "Proposed": 66.1999969,
        "Impact": "Yes",
        "Barrier": 66.0999985,
        "Benefited": "No",
        "ELEVATION": 586.812012,
        "Section": "NSAF",
        "Reduction": 4.5,
        "x": 5269349.4901603013,
        "y": 4284105.1300335675,
        "MapSection": null,
        "Latitude": 39.082199690000003,
        "Longitude": -84.523889409999995
      }
    },
    {
      "type": "Feature",
      "id": 801,
      "geometry": {
        "type": "Point",
        "coordinates": [-84.523913125562814, 39.082052660596354]
      },
      "properties": {
        "OBJECTID": 801,
        "Receiver": "F00301-F",
        "DU": 1,
        "FrontRow": "Yes",
        "Existing": 71.6999969,
        "Proposed": 66.9000015,
        "Impact": "Yes",
        "Barrier": 66.6999969,
        "Benefited": "No",
        "ELEVATION": 593.473022,
        "Section": "NSAF",
        "Reduction": 4,
        "x": 5269344.7998809665,
        "y": 4284048.7699100673,
        "MapSection": null,
        "Latitude": 39.082045149999999,
        "Longitude": -84.523908539999994
      }
    },
    {
      "type": "Feature",
      "id": 802,
      "geometry": {
        "type": "Point",
        "coordinates": [-84.523904165969924, 39.081930068248475]
      },
      "properties": {
        "OBJECTID": 802,
        "Receiver": "F00401-F",
        "DU": 1,
        "FrontRow": "Yes",
        "Existing": 71.5,
        "Proposed": 67,
        "Impact": "Yes",
        "Barrier": 66.5999985,
        "Benefited": "No",
        "ELEVATION": 590.809998,
        "Section": "NSAF",
        "Reduction": 4,
        "x": 5269347.9301240593,
        "y": 4284004.149920553,
        "MapSection": null,
        "Latitude": 39.081922560000002,
        "Longitude": -84.523899580000005
      }
    },
    {
      "type": "Feature",
      "id": 803,
      "geometry": {
        "type": "Point",
        "coordinates": [-84.523895424589099, 39.081794602240429]
      },
      "properties": {
        "OBJECTID": 803,
        "Receiver": "F00501-F",
        "DU": 1,
        "FrontRow": "Yes",
        "Existing": 71.5999985,
        "Proposed": 67.5,
        "Impact": "Yes",
        "Barrier": 67,
        "Benefited": "No",
        "ELEVATION": 592.346008,
        "Section": "NSAF",
        "Reduction": 3.7999954223632812,
        "x": 5269351.0600390583,
        "y": 4283954.8399798125,
        "MapSection": null,
        "Latitude": 39.0817871,
        "Longitude": -84.523890840000007
      }
    },
    {
      "type": "Feature",
      "id": 804,
      "geometry": {
        "type": "Point",
        "coordinates": [-84.523900599394523, 39.08165065787928]
      },
      "properties": {
        "OBJECTID": 804,
        "Receiver": "F00601-F",
        "DU": 1,
        "FrontRow": "Yes",
        "Existing": 71.1999969,
        "Proposed": 67.5,
        "Impact": "Yes",
        "Barrier": 67,
        "Benefited": "No",
        "ELEVATION": 590.202026,
        "Section": "NSAF",
        "Reduction": 0.600006103515625,
        "x": 5269350.2798568904,
        "y": 4283902.3899534792,
        "MapSection": null,
        "Latitude": 39.081643149999998,
        "Longitude": -84.523896010000001
      }
    },
    {
      "type": "Feature",
      "id": 805,
      "geometry": {
        "type": "Point",
        "coordinates": [-84.523897531784669, 39.08150665702135]
      },
      "properties": {
        "OBJECTID": 805,
        "Receiver": "F00701-F",
        "DU": 1,
        "FrontRow": "Yes",
        "Existing": 71.0999985,
        "Proposed": 68.6999969,
        "Impact": "Yes",
        "Barrier": 67.5999985,
        "Benefited": "No",
        "ELEVATION": 592.020996,
        "Section": "NSAF",
        "Reduction": 3.100006103515625,
        "x": 5269351.8398931324,
        "y": 4283849.9500977248,
        "MapSection": null,
        "Latitude": 39.081499149999999,
        "Longitude": -84.523892950000004
      }
    },
    {
      "type": "Feature",
      "id": 806,
      "geometry": {
        "type": "Point",
        "coordinates": [-84.523450210408711, 39.081300039568163]
      },
      "properties": {
        "OBJECTID": 806,
        "Receiver": "F00804-F",
        "DU": 4,
        "FrontRow": "Yes",
        "Existing": 72.8000031,
        "Proposed": 71.5999985,
        "Impact": "Yes",
        "Barrier": 67.4000015,
        "Benefited": "Yes",
        "ELEVATION": 559.330994,
        "Section": "NSAF",
        "Reduction": 5.100006103515625,
        "x": 5269479.8199521303,
        "y": 4283776.3600218147,
        "MapSection": null,
        "Latitude": 39.081292529999999,
        "Longitude": -84.523445620000004
      }
    },
    {
      "type": "Feature",
      "id": 807,
      "geometry": {
        "type": "Point",
        "coordinates": [-84.523866385523306, 39.081308612327732]
      },
      "properties": {
        "OBJECTID": 807,
        "Receiver": "F00904",
        "DU": 4,
        "FrontRow": "No",
        "Existing": 70.1999969,
        "Proposed": 69.4000015,
        "Impact": "Yes",
        "Barrier": 67.8000031,
        "Benefited": "No",
        "ELEVATION": 586.21698,
        "Section": "NSAF",
        "Reduction": 2.5999984741210938,
        "x": 5269361.6298997998,
        "y": 4283777.9299005568,
        "MapSection": null,
        "Latitude": 39.081301109999998,
        "Longitude": -84.523861800000006
      }
    },
    {
      "type": "Feature",
      "id": 808,
      "geometry": {
        "type": "Point",
        "coordinates": [-84.522976594723545, 39.080940039035511]
      },
      "properties": {
        "OBJECTID": 808,
        "Receiver": "F01002-F",
        "DU": 2,
        "FrontRow": "Yes",
        "Existing": 75.5999985,
        "Proposed": 77.5,
        "Impact": "Yes",
        "Barrier": 65.5999985,
        "Benefited": "Yes",
        "ELEVATION": 535.97699,
        "Section": "NSAF",
        "Reduction": 14.400001525878906,
        "x": 5269616.2399548888,
        "y": 4283646.7700578868,
        "MapSection": null,
        "Latitude": 39.080932529999998,
        "Longitude": -84.522972010000004
      }
    },
    {
      "type": "Feature",
      "id": 809,
      "geometry": {
        "type": "Point",
        "coordinates": [-84.523021125685673, 39.080805970010523]
      },
      "properties": {
        "OBJECTID": 809,
        "Receiver": "F01101-F",
        "DU": 1,
        "FrontRow": "Yes",
        "Existing": 74.6999969,
        "Proposed": 76.4000015,
        "Impact": "Yes",
        "Barrier": 70.3000031,
        "Benefited": "Yes",
        "ELEVATION": 537.349976,
        "Section": "NSAF",
        "Reduction": 8.0999984741210938,
        "x": 5269604.0300055593,
        "y": 4283597.920089975,
        "MapSection": null,
        "Latitude": 39.080798459999997,
        "Longitude": -84.52301654
      }
    },
    {
      "type": "Feature",
      "id": 810,
      "geometry": {
        "type": "Point",
        "coordinates": [-84.523035165409809, 39.080704532585521]
      },
      "properties": {
        "OBJECTID": 810,
        "Receiver": "F01201-F",
        "DU": 1,
        "FrontRow": "Yes",
        "Existing": 74.6999969,
        "Proposed": 75.6999969,
        "Impact": "Yes",
        "Barrier": 70.4000015,
        "Benefited": "Yes",
        "ELEVATION": 536.658997,
        "Section": "NSAF",
        "Reduction": 7.0999984741210938,
        "x": 5269615.3400223106,
        "y": 4283554.8401236385,
        "MapSection": null,
        "Latitude": 39.080697030000003,
        "Longitude": -84.523030579999997
      }
    },
    {
      "type": "Feature",
      "id": 811,
      "geometry": {
        "type": "Point",
        "coordinates": [-84.522961155409291, 39.080533613220886]
      },
      "properties": {
        "OBJECTID": 811,
        "Receiver": "F01302-F",
        "DU": 2,
        "FrontRow": "Yes",
        "Existing": 74.4000015,
        "Proposed": 76.0999985,
        "Impact": "Yes",
        "Barrier": 72.3000031,
        "Benefited": "Yes",
        "ELEVATION": 535.913025,
        "Section": "NSAF",
        "Reduction": 6,
        "x": 5269622.3298377246,
        "y": 4283499.0200253129,
        "MapSection": null,
        "Latitude": 39.080526110000001,
        "Longitude": -84.522956570000005
      }
    },
    {
      "type": "Feature",
      "id": 812,
      "geometry": {
        "type": "Point",
        "coordinates": [-84.523006356175642, 39.080403669164177]
      },
      "properties": {
        "OBJECTID": 812,
        "Receiver": "F01501-F",
        "DU": 1,
        "FrontRow": "Yes",
        "Existing": 73.5999985,
        "Proposed": 75,
        "Impact": "Yes",
        "Barrier": 71.3000031,
        "Benefited": "Yes",
        "ELEVATION": 536.65802,
        "Section": "NSAF",
        "Reduction": 6.8000030517578125,
        "x": 5269610.1198883802,
        "y": 4283451.5201203078,
        "MapSection": null,
        "Latitude": 39.080396159999999,
        "Longitude": -84.523001769999993
      }
    },
    {
      "type": "Feature",
      "id": 813,
      "geometry": {
        "type": "Point",
        "coordinates": [-84.522995425540373, 39.080343761457812]
      },
      "properties": {
        "OBJECTID": 813,
        "Receiver": "F01601-F",
        "DU": 1,
        "FrontRow": "Yes",
        "Existing": 73.4000015,
        "Proposed": 74.6999969,
        "Impact": "Yes",
        "Barrier": 70.6999969,
        "Benefited": "Yes",
        "ELEVATION": 536.205017,
        "Section": "NSAF",
        "Reduction": 7.100006103515625,
        "x": 5269613.5099734664,
        "y": 4283429.7399801463,
        "MapSection": null,
        "Latitude": 39.080336250000002,
        "Longitude": -84.522990840000006
      }
    },
    {
      "type": "Feature",
      "id": 814,
      "geometry": {
        "type": "Point",
        "coordinates": [-84.52299475283337, 39.080252112759027]
      },
      "properties": {
        "OBJECTID": 814,
        "Receiver": "F01701-F",
        "DU": 1,
        "FrontRow": "Yes",
        "Existing": 73.0999985,
        "Proposed": 74.4000015,
        "Impact": "Yes",
        "Barrier": 69.0999985,
        "Benefited": "Yes",
        "ELEVATION": 534.643982,
        "Section": "NSAF",
        "Reduction": 8.0999984741210938,
        "x": 5269614.1398934722,
        "y": 4283396.360125646,
        "MapSection": null,
        "Latitude": 39.080244610000001,
        "Longitude": -84.52299017
      }
    },
    {
      "type": "Feature",
      "id": 815,
      "geometry": {
        "type": "Point",
        "coordinates": [-84.523086031512918, 39.080040415265238]
      },
      "properties": {
        "OBJECTID": 815,
        "Receiver": "F01801-F",
        "DU": 1,
        "FrontRow": "Yes",
        "Existing": 70.6999969,
        "Proposed": 71.5,
        "Impact": "Yes",
        "Barrier": 64.1999969,
        "Benefited": "Yes",
        "ELEVATION": 528.81897,
        "Section": "NSAF",
        "Reduction": 8.5999984741210938,
        "x": 5269589.2400088906,
        "y": 4283318.9101493061,
        "MapSection": null,
        "Latitude": 39.08003291,
        "Longitude": -84.523081450000006
      }
    },
    {
      "type": "Feature",
      "id": 816,
      "geometry": {
        "type": "Point",
        "coordinates": [-84.523063464773784, 39.079962488151047]
      },
      "properties": {
        "OBJECTID": 816,
        "Receiver": "F01901-F",
        "DU": 1,
        "FrontRow": "Yes",
        "Existing": 70.8000031,
        "Proposed": 71.4000015,
        "Impact": "Yes",
        "Barrier": 64.1999969,
        "Benefited": "Yes",
        "ELEVATION": 528.70697,
        "Section": "NSAF",
        "Reduction": 8.4000015258789062,
        "x": 5269596.0198509693,
        "y": 4283290.6100090593,
        "MapSection": null,
        "Latitude": 39.079954979999997,
        "Longitude": -84.523058879999994
      }
    },
    {
      "type": "Feature",
      "id": 817,
      "geometry": {
        "type": "Point",
        "coordinates": [-84.523037044940082, 39.079876971643252]
      },
      "properties": {
        "OBJECTID": 817,
        "Receiver": "F02001-F",
        "DU": 1,
        "FrontRow": "Yes",
        "Existing": 70.8000031,
        "Proposed": 70.5,
        "Impact": "Yes",
        "Barrier": 63.2999992,
        "Benefited": "Yes",
        "ELEVATION": 524.424011,
        "Section": "NSAF",
        "Reduction": 8.2999992370605469,
        "x": 5269603.9299401343,
        "y": 4283259.5598743111,
        "MapSection": null,
        "Latitude": 39.079869469999998,
        "Longitude": -84.523032459999996
      }
    },
    {
      "type": "Feature",
      "id": 818,
      "geometry": {
        "type": "Point",
        "coordinates": [-84.522921196882976, 39.079688876167829]
      },
      "properties": {
        "OBJECTID": 818,
        "Receiver": "F02101-F",
        "DU": 1,
        "FrontRow": "Yes",
        "Existing": 68.5999985,
        "Proposed": 68.0999985,
        "Impact": "Yes",
        "Barrier": 61.7000008,
        "Benefited": "Yes",
        "ELEVATION": 513.51001,
        "Section": "NSAF",
        "Reduction": 7.3999977111816406,
        "x": 5269637.719898805,
        "y": 4283191.4799579829,
        "MapSection": null,
        "Latitude": 39.079681370000003,
        "Longitude": -84.522916609999996
      }
    },
    {
      "type": "Feature",
      "id": 819,
      "geometry": {
        "type": "Point",
        "coordinates": [-84.522867243442008, 39.079646565442438]
      },
      "properties": {
        "OBJECTID": 819,
        "Receiver": "F02201-F",
        "DU": 1,
        "FrontRow": "Yes",
        "Existing": 68.6999969,
        "Proposed": 68.1999969,
        "Impact": "Yes",
        "Barrier": 62.5999985,
        "Benefited": "Yes",
        "ELEVATION": 512.846985,
        "Section": "NSAF",
        "Reduction": 7.3999977111816406,
        "x": 5269653.2398808897,
        "y": 4283176.2700146437,
        "MapSection": null,
        "Latitude": 39.079639059999998,
        "Longitude": -84.522862660000001
      }
    },
    {
      "type": "Feature",
      "id": 820,
      "geometry": {
        "type": "Point",
        "coordinates": [-84.522810075760432, 39.079588050979822]
      },
      "properties": {
        "OBJECTID": 820,
        "Receiver": "F02301-F",
        "DU": 1,
        "FrontRow": "Yes",
        "Existing": 69.5999985,
        "Proposed": 69.0999985,
        "Impact": "Yes",
        "Barrier": 62.2999992,
        "Benefited": "Yes",
        "ELEVATION": 514.642029,
        "Section": "NSAF",
        "Reduction": 7.7999954223632812,
        "x": 5269669.7500184774,
        "y": 4283155.169991225,
        "MapSection": null,
        "Latitude": 39.079580540000002,
        "Longitude": -84.522805489999996
      }
    },
    {
      "type": "Feature",
      "id": 821,
      "geometry": {
        "type": "Point",
        "coordinates": [-84.522793660500312, 39.079523365392575]
      },
      "properties": {
        "OBJECTID": 821,
        "Receiver": "F02401-F",
        "DU": 1,
        "FrontRow": "Yes",
        "Existing": 69.8000031,
        "Proposed": 69.4000015,
        "Impact": "Yes",
        "Barrier": 62.2000008,
        "Benefited": "Yes",
        "ELEVATION": 514.97699,
        "Section": "NSAF",
        "Reduction": 8.1000022888183594,
        "x": 5269674.7201528847,
        "y": 4283131.6700382233,
        "MapSection": null,
        "Latitude": 39.079515860000001,
        "Longitude": -84.522789070000002
      }
    },
    {
      "type": "Feature",
      "id": 822,
      "geometry": {
        "type": "Point",
        "coordinates": [-84.522751642209755, 39.079429232874631]
      },
      "properties": {
        "OBJECTID": 822,
        "Receiver": "F02502-F",
        "DU": 2,
        "FrontRow": "Yes",
        "Existing": 70.4000015,
        "Proposed": 70,
        "Impact": "Yes",
        "Barrier": 62.5,
        "Benefited": "Yes",
        "ELEVATION": 516.296021,
        "Section": "NSAF",
        "Reduction": 8.1000022888183594,
        "x": 5269687.1000493914,
        "y": 4283097.5398571491,
        "MapSection": null,
        "Latitude": 39.07942173,
        "Longitude": -84.52274706
      }
    },
    {
      "type": "Feature",
      "id": 823,
      "geometry": {
        "type": "Point",
        "coordinates": [-84.522620005527088, 39.079283502171201]
      },
      "properties": {
        "OBJECTID": 823,
        "Receiver": "F02601-F",
        "DU": 1,
        "FrontRow": "Yes",
        "Existing": 69.4000015,
        "Proposed": 68.4000015,
        "Impact": "Yes",
        "Barrier": 62.5,
        "Benefited": "Yes",
        "ELEVATION": 510.480011,
        "Section": "NSAF",
        "Reduction": 7.2000045776367188,
        "x": 5269725.1698551327,
        "y": 4283044.9500673115,
        "MapSection": null,
        "Latitude": 39.079276,
        "Longitude": -84.522615419999994
      }
    },
    {
      "type": "Feature",
      "id": 824,
      "geometry": {
        "type": "Point",
        "coordinates": [-84.522586353115059, 39.079219572984613]
      },
      "properties": {
        "OBJECTID": 824,
        "Receiver": "F02701-F",
        "DU": 1,
        "FrontRow": "Yes",
        "Existing": 68.9000015,
        "Proposed": 67.8000031,
        "Impact": "Yes",
        "Barrier": 62.2000008,
        "Benefited": "Yes",
        "ELEVATION": 508.114014,
        "Section": "NSAF",
        "Reduction": 7.2000045776367188,
        "x": 5269735.0300716311,
        "y": 4283021.7900086492,
        "MapSection": null,
        "Latitude": 39.079212069999997,
        "Longitude": -84.522581770000002
      }
    },
    {
      "type": "Feature",
      "id": 825,
      "geometry": {
        "type": "Point",
        "coordinates": [-84.522540451672654, 39.079171908751391]
      },
      "properties": {
        "OBJECTID": 825,
        "Receiver": "F02801-F",
        "DU": 1,
        "FrontRow": "Yes",
        "Existing": 68.5999985,
        "Proposed": 67,
        "Impact": "Yes",
        "Barrier": 61.2999992,
        "Benefited": "Yes",
        "ELEVATION": 505.218994,
        "Section": "NSAF",
        "Reduction": 6.7000007629394531,
        "x": 5269748.2898876369,
        "y": 4283004.6000823975,
        "MapSection": null,
        "Latitude": 39.079164400000003,
        "Longitude": -84.522535869999999
      }
    },
    {
      "type": "Feature",
      "id": 826,
      "geometry": {
        "type": "Point",
        "coordinates": [-84.522516472003545, 39.079087982565859]
      },
      "properties": {
        "OBJECTID": 826,
        "Receiver": "F02901-F",
        "DU": 1,
        "FrontRow": "Yes",
        "Existing": 68.8000031,
        "Proposed": 66.6999969,
        "Impact": "Yes",
        "Barrier": 62,
        "Benefited": "Yes",
        "ELEVATION": 502.622009,
        "Section": "NSAF",
        "Reduction": 5.4999961853027344,
        "x": 5269755.4998469651,
        "y": 4282974.1201564819,
        "MapSection": null,
        "Latitude": 39.079080480000002,
        "Longitude": -84.522511890000004
      }
    },
    {
      "type": "Feature",
      "id": 827,
      "geometry": {
        "type": "Point",
        "coordinates": [-84.522444343280299, 39.07899351417467]
      },
      "properties": {
        "OBJECTID": 827,
        "Receiver": "F03001-F",
        "DU": 1,
        "FrontRow": "Yes",
        "Existing": 68.8000031,
        "Proposed": 66.6999969,
        "Impact": "Yes",
        "Barrier": 63.2999992,
        "Benefited": "No",
        "ELEVATION": 498.79599,
        "Section": "NSAF",
        "Reduction": 3.8999977111816406,
        "x": 5269776.4299232215,
        "y": 4282939.9801328927,
        "MapSection": null,
        "Latitude": 39.078986010000001,
        "Longitude": -84.522439759999997
      }
    },
    {
      "type": "Feature",
      "id": 828,
      "geometry": {
        "type": "Point",
        "coordinates": [-84.522438408115875, 39.078936128281775]
      },
      "properties": {
        "OBJECTID": 828,
        "Receiver": "F03101-F",
        "DU": 1,
        "FrontRow": "Yes",
        "Existing": 67.9000015,
        "Proposed": 66.3000031,
        "Impact": "Yes",
        "Barrier": 63.7999992,
        "Benefited": "No",
        "ELEVATION": 493.187988,
        "Section": "NSAF",
        "Reduction": 2.9000015258789062,
        "x": 5269778.389893055,
        "y": 4282919.0999253094,
        "MapSection": null,
        "Latitude": 39.078928619999999,
        "Longitude": -84.522433820000003
      }
    },
    {
      "type": "Feature",
      "id": 829,
      "geometry": {
        "type": "Point",
        "coordinates": [-84.522401854681746, 39.078862588237634]
      },
      "properties": {
        "OBJECTID": 829,
        "Receiver": "F03201-F",
        "DU": 1,
        "FrontRow": "Yes",
        "Existing": 68.5999985,
        "Proposed": 66.9000015,
        "Impact": "Yes",
        "Barrier": 65.1999969,
        "Benefited": "No",
        "ELEVATION": 491.450989,
        "Section": "NSAF",
        "Reduction": 2,
        "x": 5269789.1198584735,
        "y": 4282892.4500442296,
        "MapSection": null,
        "Latitude": 39.078855079999997,
        "Longitude": -84.522397269999999
      }
    },
    {
      "type": "Feature",
      "id": 830,
      "geometry": {
        "type": "Point",
        "coordinates": [-84.522382609806314, 39.078788181714202]
      },
      "properties": {
        "OBJECTID": 830,
        "Receiver": "F03301-F",
        "DU": 1,
        "FrontRow": "Yes",
        "Existing": 69.5999985,
        "Proposed": 67.8000031,
        "Impact": "Yes",
        "Barrier": 66,
        "Benefited": "No",
        "ELEVATION": 491.707001,
        "Section": "NSAF",
        "Reduction": 2,
        "x": 5269794.9400568008,
        "y": 4282865.4199145585,
        "MapSection": null,
        "Latitude": 39.078780680000001,
        "Longitude": -84.522378020000005
      }
    },
    {
      "type": "Feature",
      "id": 831,
      "geometry": {
        "type": "Point",
        "coordinates": [-84.523947386726178, 39.080925055749162]
      },
      "properties": {
        "OBJECTID": 831,
        "Receiver": "F03401",
        "DU": 1,
        "FrontRow": "No",
        "Existing": 70.4000015,
        "Proposed": 70.3000031,
        "Impact": "Yes",
        "Barrier": 68.9000015,
        "Benefited": "No",
        "ELEVATION": 596.210999,
        "Section": "NSAF",
        "Reduction": 1.6999969482421875,
        "x": 5269340.469837144,
        "y": 4283637.9200099707,
        "MapSection": null,
        "Latitude": 39.080917550000002,
        "Longitude": -84.5239428
      }
    },
    {
      "type": "Feature",
      "id": 832,
      "geometry": {
        "type": "Point",
        "coordinates": [-84.52395780159658, 39.080791981810691]
      },
      "properties": {
        "OBJECTID": 832,
        "Receiver": "F03501",
        "DU": 1,
        "FrontRow": "No",
        "Existing": 70.3000031,
        "Proposed": 70.3000031,
        "Impact": "Yes",
        "Barrier": 69.3000031,
        "Benefited": "No",
        "ELEVATION": 597.56897,
        "Section": "NSAF",
        "Reduction": 1.6999969482421875,
        "x": 5269338.149959892,
        "y": 4283589.4099363983,
        "MapSection": null,
        "Latitude": 39.080784479999998,
        "Longitude": -84.523953219999996
      }
    },
    {
      "type": "Feature",
      "id": 833,
      "geometry": {
        "type": "Point",
        "coordinates": [-84.523969116619256, 39.080653564058828]
      },
      "properties": {
        "OBJECTID": 833,
        "Receiver": "F03601",
        "DU": 1,
        "FrontRow": "No",
        "Existing": 69.9000015,
        "Proposed": 70.0999985,
        "Impact": "Yes",
        "Barrier": 68.8000031,
        "Benefited": "No",
        "ELEVATION": 596.13501,
        "Section": "NSAF",
        "Reduction": 1.6999969482421875,
        "x": 5269335.6000962257,
        "y": 4283538.9500635564,
        "MapSection": null,
        "Latitude": 39.080646059999999,
        "Longitude": -84.523964530000001
      }
    },
    {
      "type": "Feature",
      "id": 834,
      "geometry": {
        "type": "Point",
        "coordinates": [-84.523941288474049, 39.080515705631491]
      },
      "properties": {
        "OBJECTID": 834,
        "Receiver": "F03701",
        "DU": 1,
        "FrontRow": "No",
        "Existing": 69.1999969,
        "Proposed": 69.8000031,
        "Impact": "Yes",
        "Barrier": 68.8000031,
        "Benefited": "No",
        "ELEVATION": 590.396973,
        "Section": "NSAF",
        "Reduction": 1.5,
        "x": 5269344.1601184756,
        "y": 4283488.8399275541,
        "MapSection": null,
        "Latitude": 39.080508199999997,
        "Longitude": -84.523936699999993
      }
    },
    {
      "type": "Feature",
      "id": 835,
      "geometry": {
        "type": "Point",
        "coordinates": [-84.523939119520364, 39.080372756931489]
      },
      "properties": {
        "OBJECTID": 835,
        "Receiver": "F03801",
        "DU": 1,
        "FrontRow": "No",
        "Existing": 68.5,
        "Proposed": 69.4000015,
        "Impact": "Yes",
        "Barrier": 68.1999969,
        "Benefited": "No",
        "ELEVATION": 585.411987,
        "Section": "NSAF",
        "Reduction": 1.6999969482421875,
        "x": 5269345.4599846303,
        "y": 4283436.7799923122,
        "MapSection": null,
        "Latitude": 39.08036525,
        "Longitude": -84.523934530000005
      }
    },
    {
      "type": "Feature",
      "id": 836,
      "geometry": {
        "type": "Point",
        "coordinates": [-84.523945484214508, 39.080241783408269]
      },
      "properties": {
        "OBJECTID": 836,
        "Receiver": "F03901",
        "DU": 1,
        "FrontRow": "No",
        "Existing": 68.3000031,
        "Proposed": 69.4000015,
        "Impact": "Yes",
        "Barrier": 68.5,
        "Benefited": "No",
        "ELEVATION": 583.703979,
        "Section": "NSAF",
        "Reduction": 1.6999969482421875,
        "x": 5269344.2798688859,
        "y": 4283389.0501008928,
        "MapSection": null,
        "Latitude": 39.080234279999999,
        "Longitude": -84.523940899999999
      }
    },
    {
      "type": "Feature",
      "id": 837,
      "geometry": {
        "type": "Point",
        "coordinates": [-84.523949742559523, 39.080156306561463]
      },
      "properties": {
        "OBJECTID": 837,
        "Receiver": "F04001",
        "DU": 1,
        "FrontRow": "No",
        "Existing": 68.1999969,
        "Proposed": 69.4000015,
        "Impact": "Yes",
        "Barrier": 68.5,
        "Benefited": "No",
        "ELEVATION": 583.10199,
        "Section": "NSAF",
        "Reduction": 1.6999969482421875,
        "x": 5269343.4800017178,
        "y": 4283357.8999007344,
        "MapSection": null,
        "Latitude": 39.080148800000003,
        "Longitude": -84.523945159999997
      }
    },
    {
      "type": "Feature",
      "id": 838,
      "geometry": {
        "type": "Point",
        "coordinates": [-84.523952305085871, 39.08006276884926]
      },
      "properties": {
        "OBJECTID": 838,
        "Receiver": "F04102",
        "DU": 2,
        "FrontRow": "No",
        "Existing": 67.8000031,
        "Proposed": 69.3000031,
        "Impact": "Yes",
        "Barrier": 67.5999985,
        "Benefited": "No",
        "ELEVATION": 580.245972,
        "Section": "NSAF",
        "Reduction": 1.6999969482421875,
        "x": 5269343.2001466304,
        "y": 4283323.8199163973,
        "MapSection": null,
        "Latitude": 39.080055260000002,
        "Longitude": -84.523947719999995
      }
    },
    {
      "type": "Feature",
      "id": 839,
      "geometry": {
        "type": "Point",
        "coordinates": [-84.52387629214077, 39.07982459379194]
      },
      "properties": {
        "OBJECTID": 839,
        "Receiver": "F04201",
        "DU": 1,
        "FrontRow": "No",
        "Existing": 67.4000015,
        "Proposed": 68.9000015,
        "Impact": "Yes",
        "Barrier": 67.1999969,
        "Benefited": "No",
        "ELEVATION": 568.435974,
        "Section": "NSAF",
        "Reduction": 4.2000045776367188,
        "x": 5269365.9199174643,
        "y": 4283237.349944979,
        "MapSection": null,
        "Latitude": 39.079817089999999,
        "Longitude": -84.523871709999995
      }
    },
    {
      "type": "Feature",
      "id": 840,
      "geometry": {
        "type": "Point",
        "coordinates": [-84.523595749378288, 39.080607021313305]
      },
      "properties": {
        "OBJECTID": 840,
        "Receiver": "F04301",
        "DU": 1,
        "FrontRow": "No",
        "Existing": 68,
        "Proposed": 69.3000031,
        "Impact": "Yes",
        "Barrier": 67,
        "Benefited": "No",
        "ELEVATION": 567.31897,
        "Section": "NSAF",
        "Reduction": 4.2000045776367188,
        "x": 5269441.8200281411,
        "y": 4283523.3900553137,
        "MapSection": null,
        "Latitude": 39.080599509999999,
        "Longitude": -84.523591159999995
      }
    },
    {
      "type": "Feature",
      "id": 841,
      "geometry": {
        "type": "Point",
        "coordinates": [-84.523579814955752, 39.080526306959754]
      },
      "properties": {
        "OBJECTID": 841,
        "Receiver": "F04401",
        "DU": 1,
        "FrontRow": "No",
        "Existing": 65.0999985,
        "Proposed": 66.6999969,
        "Impact": "Yes",
        "Barrier": 65.1999969,
        "Benefited": "No",
        "ELEVATION": 561.35199,
        "Section": "NSAF",
        "Reduction": 3,
        "x": 5269446.7301233113,
        "y": 4283494.0498908907,
        "MapSection": null,
        "Latitude": 39.0805188,
        "Longitude": -84.523575230000006
      }
    },
    {
      "type": "Feature",
      "id": 842,
      "geometry": {
        "type": "Point",
        "coordinates": [-84.523563705388071, 39.080380799693749]
      },
      "properties": {
        "OBJECTID": 842,
        "Receiver": "F04501",
        "DU": 1,
        "FrontRow": "No",
        "Existing": 67.5,
        "Proposed": 69.3000031,
        "Impact": "Yes",
        "Barrier": 67.8000031,
        "Benefited": "No",
        "ELEVATION": 559.643982,
        "Section": "NSAF",
        "Reduction": 3,
        "x": 5269452.000125885,
        "y": 4283441.1100361496,
        "MapSection": null,
        "Latitude": 39.080373289999997,
        "Longitude": -84.523559120000002
      }
    },
    {
      "type": "Feature",
      "id": 843,
      "geometry": {
        "type": "Point",
        "coordinates": [-84.523589876486071, 39.07989205297789]
      },
      "properties": {
        "OBJECTID": 843,
        "Receiver": "F04601",
        "DU": 1,
        "FrontRow": "No",
        "Existing": 65.4000015,
        "Proposed": 66.5,
        "Impact": "Yes",
        "Barrier": 64.3000031,
        "Benefited": "Yes",
        "ELEVATION": 555.252991,
        "Section": "NSAF",
        "Reduction": 6.3000030517578125,
        "x": 5269446.9099129736,
        "y": 4283262.9899855554,
        "MapSection": null,
        "Latitude": 39.079884550000003,
        "Longitude": -84.52358529
      }
    },
    {
      "type": "Feature",
      "id": 844,
      "geometry": {
        "type": "Point",
        "coordinates": [-84.523572323850587, 39.079786146679346]
      },
      "properties": {
        "OBJECTID": 844,
        "Receiver": "F04701",
        "DU": 1,
        "FrontRow": "No",
        "Existing": 65.4000015,
        "Proposed": 66.5,
        "Impact": "Yes",
        "Barrier": 63.5999985,
        "Benefited": "Yes",
        "ELEVATION": 548.117004,
        "Section": "NSAF",
        "Reduction": 6.3000030517578125,
        "x": 5269452.4000594765,
        "y": 4283224.4798919708,
        "MapSection": null,
        "Latitude": 39.079778640000001,
        "Longitude": -84.523567740000004
      }
    },
    {
      "type": "Feature",
      "id": 845,
      "geometry": {
        "type": "Point",
        "coordinates": [-84.523536157810341, 39.079729220416439]
      },
      "properties": {
        "OBJECTID": 845,
        "Receiver": "F04801",
        "DU": 1,
        "FrontRow": "No",
        "Existing": 65,
        "Proposed": 65.9000015,
        "Impact": "No",
        "Barrier": 62.7999992,
        "Benefited": "Yes",
        "ELEVATION": 544.64801,
        "Section": "NSAF",
        "Reduction": 6.3000030517578125,
        "x": 5269462.9400646389,
        "y": 4283203.8798675537,
        "MapSection": null,
        "Latitude": 39.079721710000001,
        "Longitude": -84.523531570000003
      }
    },
    {
      "type": "Feature",
      "id": 846,
      "geometry": {
        "type": "Point",
        "coordinates": [-84.52349275589026, 39.079606329985687]
      },
      "properties": {
        "OBJECTID": 846,
        "Receiver": "F04901",
        "DU": 1,
        "FrontRow": "No",
        "Existing": 66.6999969,
        "Proposed": 67.5999985,
        "Impact": "Yes",
        "Barrier": 61.7999992,
        "Benefited": "Yes",
        "ELEVATION": 539.963013,
        "Section": "NSAF",
        "Reduction": 6.3000030517578125,
        "x": 5269475.8501438051,
        "y": 4283159.2798911482,
        "MapSection": null,
        "Latitude": 39.079598820000001,
        "Longitude": -84.523488169999993
      }
    },
    {
      "type": "Feature",
      "id": 847,
      "geometry": {
        "type": "Point",
        "coordinates": [-84.523353358817644, 39.079289892154122]
      },
      "properties": {
        "OBJECTID": 847,
        "Receiver": "F05001",
        "DU": 1,
        "FrontRow": "No",
        "Existing": 65.8000031,
        "Proposed": 67.3000031,
        "Impact": "Yes",
        "Barrier": 61.2000008,
        "Benefited": "Yes",
        "ELEVATION": 524.893982,
        "Section": "NSAF",
        "Reduction": 7.2999954223632812,
        "x": 5269516.9399566352,
        "y": 4283044.5399631411,
        "MapSection": null,
        "Latitude": 39.079282390000003,
        "Longitude": -84.523348769999998
      }
    },
    {
      "type": "Feature",
      "id": 848,
      "geometry": {
        "type": "Point",
        "coordinates": [-84.523300976228896, 39.079227555613535]
      },
      "properties": {
        "OBJECTID": 848,
        "Receiver": "F05101",
        "DU": 1,
        "FrontRow": "No",
        "Existing": 65.5999985,
        "Proposed": 67.0999985,
        "Impact": "Yes",
        "Barrier": 61,
        "Benefited": "Yes",
        "ELEVATION": 523.015015,
        "Section": "NSAF",
        "Reduction": 7.2999954223632812,
        "x": 5269532.1098738015,
        "y": 4283022.0298375636,
        "MapSection": null,
        "Latitude": 39.079220050000004,
        "Longitude": -84.523296389999999
      }
    },
    {
      "type": "Feature",
      "id": 849,
      "geometry": {
        "type": "Point",
        "coordinates": [-84.523236235744946, 39.079133548029354]
      },
      "properties": {
        "OBJECTID": 849,
        "Receiver": "F05201",
        "DU": 1,
        "FrontRow": "No",
        "Existing": 66.4000015,
        "Proposed": 67.5,
        "Impact": "Yes",
        "Barrier": 60.9000015,
        "Benefited": "Yes",
        "ELEVATION": 520.504028,
        "Section": "NSAF",
        "Reduction": 7.2999954223632812,
        "x": 5269550.9398886412,
        "y": 4282988.0299055576,
        "MapSection": null,
        "Latitude": 39.079126039999998,
        "Longitude": -84.52323165
      }
    },
    {
      "type": "Feature",
      "id": 850,
      "geometry": {
        "type": "Point",
        "coordinates": [-84.52317672377194, 39.079099196950843]
      },
      "properties": {
        "OBJECTID": 850,
        "Receiver": "F05301",
        "DU": 1,
        "FrontRow": "No",
        "Existing": 63.9000015,
        "Proposed": 63.7000008,
        "Impact": "No",
        "Barrier": 58.7000008,
        "Benefited": "Yes",
        "ELEVATION": 512.054993,
        "Section": "NSAF",
        "Reduction": 6.1999969482421875,
        "x": 5269567.9998938888,
        "y": 4282975.739903897,
        "MapSection": null,
        "Latitude": 39.079091689999998,
        "Longitude": -84.52317214
      }
    },
    {
      "type": "Feature",
      "id": 851,
      "geometry": {
        "type": "Point",
        "coordinates": [-84.523170471701761, 39.079025006577382]
      },
      "properties": {
        "OBJECTID": 851,
        "Receiver": "F05401",
        "DU": 1,
        "FrontRow": "No",
        "Existing": 64.1999969,
        "Proposed": 64,
        "Impact": "No",
        "Barrier": 58.7999992,
        "Benefited": "Yes",
        "ELEVATION": 509.303009,
        "Section": "NSAF",
        "Reduction": 6.1999969482421875,
        "x": 5269570.1301389635,
        "y": 4282948.7399578989,
        "MapSection": null,
        "Latitude": 39.079017499999999,
        "Longitude": -84.523165890000001
      }
    },
    {
      "type": "Feature",
      "id": 852,
      "geometry": {
        "type": "Point",
        "coordinates": [-84.523110841097463, 39.078945491744939]
      },
      "properties": {
        "OBJECTID": 852,
        "Receiver": "F05501",
        "DU": 1,
        "FrontRow": "No",
        "Existing": 64.5999985,
        "Proposed": 64.0999985,
        "Impact": "No",
        "Barrier": 58.7000008,
        "Benefited": "Yes",
        "ELEVATION": 507.183014,
        "Section": "NSAF",
        "Reduction": 6.1999969482421875,
        "x": 5269587.4401437193,
        "y": 4282919.9998578876,
        "MapSection": null,
        "Latitude": 39.07893799,
        "Longitude": -84.523106260000006
      }
    },
    {
      "type": "Feature",
      "id": 853,
      "geometry": {
        "type": "Point",
        "coordinates": [-84.522851774461827, 39.078782559274941]
      },
      "properties": {
        "OBJECTID": 853,
        "Receiver": "F05601",
        "DU": 1,
        "FrontRow": "No",
        "Existing": 67.5,
        "Proposed": 66,
        "Impact": "Yes",
        "Barrier": 61.9000015,
        "Benefited": "No",
        "ELEVATION": 498.48999,
        "Section": "NSAF",
        "Reduction": 4.8999977111816406,
        "x": 5269661.7700475603,
        "y": 4282861.6200533956,
        "MapSection": null,
        "Latitude": 39.078775049999997,
        "Longitude": -84.522847189999993
      }
    },
    {
      "type": "Feature",
      "id": 854,
      "geometry": {
        "type": "Point",
        "coordinates": [-84.523007353403116, 39.078743027491988]
      },
      "properties": {
        "OBJECTID": 854,
        "Receiver": "F05801",
        "DU": 1,
        "FrontRow": "No",
        "Existing": 66.4000015,
        "Proposed": 64.6999969,
        "Impact": "No",
        "Barrier": 60.2999992,
        "Benefited": "No",
        "ELEVATION": 498.829987,
        "Section": "NSAF",
        "Reduction": 4.5999984741210938,
        "x": 5269617.7901486307,
        "y": 4282846.6400964707,
        "MapSection": null,
        "Latitude": 39.078735520000002,
        "Longitude": -84.523002770000005
      }
    },
    {
      "type": "Feature",
      "id": 855,
      "geometry": {
        "type": "Point",
        "coordinates": [-84.523193051861512, 39.078720028962714]
      },
      "properties": {
        "OBJECTID": 855,
        "Receiver": "F05901",
        "DU": 1,
        "FrontRow": "No",
        "Existing": 65.9000015,
        "Proposed": 64.5999985,
        "Impact": "No",
        "Barrier": 59.7000008,
        "Benefited": "Yes",
        "ELEVATION": 501.600006,
        "Section": "NSAF",
        "Reduction": 5.1999969482421875,
        "x": 5269565.1800176352,
        "y": 4282837.5699046403,
        "MapSection": null,
        "Latitude": 39.078712520000003,
        "Longitude": -84.523188469999994
      }
    },
    {
      "type": "Feature",
      "id": 856,
      "geometry": {
        "type": "Point",
        "coordinates": [-84.523326687111066, 39.07868463683554]
      },
      "properties": {
        "OBJECTID": 856,
        "Receiver": "F06001",
        "DU": 1,
        "FrontRow": "No",
        "Existing": 66.4000015,
        "Proposed": 65.3000031,
        "Impact": "No",
        "Barrier": 60.0999985,
        "Benefited": "Yes",
        "ELEVATION": 507.90799,
        "Section": "NSAF",
        "Reduction": 5.5999984741210938,
        "x": 5269527.4100800604,
        "y": 4282824.1798395663,
        "MapSection": null,
        "Latitude": 39.078677130000003,
        "Longitude": -84.523322100000001
      }
    },
    {
      "type": "Feature",
      "id": 857,
      "geometry": {
        "type": "Point",
        "coordinates": [-84.523410355634837, 39.078642116802108]
      },
      "properties": {
        "OBJECTID": 857,
        "Receiver": "F06102",
        "DU": 2,
        "FrontRow": "No",
        "Existing": 66.9000015,
        "Proposed": 66.6999969,
        "Impact": "Yes",
        "Barrier": 61.4000015,
        "Benefited": "Yes",
        "ELEVATION": 516.879028,
        "Section": "NSAF",
        "Reduction": 5.6999969482421875,
        "x": 5269503.8599303067,
        "y": 4282808.3800023943,
        "MapSection": null,
        "Latitude": 39.078634610000002,
        "Longitude": -84.523405769999997
      }
    },
    {
      "type": "Feature",
      "id": 858,
      "geometry": {
        "type": "Point",
        "coordinates": [-84.52372076154721, 39.078605515019639]
      },
      "properties": {
        "OBJECTID": 858,
        "Receiver": "F06301",
        "DU": 1,
        "FrontRow": "No",
        "Existing": 66.5999985,
        "Proposed": 67.5,
        "Impact": "Yes",
        "Barrier": 61.7999992,
        "Benefited": "Yes",
        "ELEVATION": 535.841003,
        "Section": "NSAF",
        "Reduction": 6.5,
        "x": 5269415.9099749774,
        "y": 4282793.8898738921,
        "MapSection": null,
        "Latitude": 39.07859801,
        "Longitude": -84.523716179999994
      }
    },
    {
      "type": "Feature",
      "id": 859,
      "geometry": {
        "type": "Point",
        "coordinates": [-84.523804993689026, 39.078569232622677]
      },
      "properties": {
        "OBJECTID": 859,
        "Receiver": "F06401",
        "DU": 1,
        "FrontRow": "No",
        "Existing": 66.4000015,
        "Proposed": 67.1999969,
        "Impact": "Yes",
        "Barrier": 61.9000015,
        "Benefited": "Yes",
        "ELEVATION": 539.481995,
        "Section": "NSAF",
        "Reduction": 6.4000015258789062,
        "x": 5269392.1698649675,
        "y": 4282780.3600453138,
        "MapSection": null,
        "Latitude": 39.078561729999997,
        "Longitude": -84.523800410000007
      }
    },
    {
      "type": "Feature",
      "id": 860,
      "geometry": {
        "type": "Point",
        "coordinates": [-84.523905098187939, 39.078498190587894]
      },
      "properties": {
        "OBJECTID": 860,
        "Receiver": "F06501",
        "DU": 1,
        "FrontRow": "No",
        "Existing": 65.8000031,
        "Proposed": 66.5,
        "Impact": "Yes",
        "Barrier": 61.2000008,
        "Benefited": "Yes",
        "ELEVATION": 541.276001,
        "Section": "NSAF",
        "Reduction": 6.1999969482421875,
        "x": 5269364.0898686349,
        "y": 4282754.1100978106,
        "MapSection": null,
        "Latitude": 39.078490680000002,
        "Longitude": -84.523900510000004
      }
    },
    {
      "type": "Feature",
      "id": 861,
      "geometry": {
        "type": "Point",
        "coordinates": [-84.523756215226882, 39.078713032368157]
      },
      "properties": {
        "OBJECTID": 861,
        "Receiver": "F06601",
        "DU": 1,
        "FrontRow": "No",
        "Existing": 66.8000031,
        "Proposed": 67.5999985,
        "Impact": "Yes",
        "Barrier": 62.2999992,
        "Benefited": "Yes",
        "ELEVATION": 540.653015,
        "Section": "NSAF",
        "Reduction": 6.2000045776367188,
        "x": 5269405.329943642,
        "y": 4282832.9199795574,
        "MapSection": null,
        "Latitude": 39.078705530000001,
        "Longitude": -84.523751630000007
      }
    },
    {
      "type": "Feature",
      "id": 862,
      "geometry": {
        "type": "Point",
        "coordinates": [-84.524365006845926, 39.079093988872529]
      },
      "properties": {
        "OBJECTID": 862,
        "Receiver": "F06701",
        "DU": 1,
        "FrontRow": "No",
        "Existing": 66.1999969,
        "Proposed": 67.3000031,
        "Impact": "Yes",
        "Barrier": 64.5,
        "Benefited": "Yes",
        "ELEVATION": 584.786011,
        "Section": "NSAF",
        "Reduction": 6.2999992370605469,
        "x": 5269230.6698598862,
        "y": 4282969.4098640531,
        "MapSection": null,
        "Latitude": 39.079086480000001,
        "Longitude": -84.524360419999994
      }
    },
    {
      "type": "Feature",
      "id": 863,
      "geometry": {
        "type": "Point",
        "coordinates": [-84.524349092021154, 39.078995347575315]
      },
      "properties": {
        "OBJECTID": 863,
        "Receiver": "F06801",
        "DU": 1,
        "FrontRow": "No",
        "Existing": 66.3000031,
        "Proposed": 67.3000031,
        "Impact": "Yes",
        "Barrier": 65.0999985,
        "Benefited": "Yes",
        "ELEVATION": 585.557983,
        "Section": "NSAF",
        "Reduction": 6.2999992370605469,
        "x": 5269235.6600073874,
        "y": 4282933.5398570597,
        "MapSection": null,
        "Latitude": 39.078987840000003,
        "Longitude": -84.524344510000006
      }
    },
    {
      "type": "Feature",
      "id": 864,
      "geometry": {
        "type": "Point",
        "coordinates": [-84.524330224509043, 39.078923526740319]
      },
      "properties": {
        "OBJECTID": 864,
        "Receiver": "F06901",
        "DU": 1,
        "FrontRow": "No",
        "Existing": 66.3000031,
        "Proposed": 67.1999969,
        "Impact": "Yes",
        "Barrier": 64.3000031,
        "Benefited": "No",
        "ELEVATION": 582.468994,
        "Section": "NSAF",
        "Reduction": 4.4000015258789062,
        "x": 5269241.3601272255,
        "y": 4282907.4500142336,
        "MapSection": null,
        "Latitude": 39.078916020000001,
        "Longitude": -84.524325640000001
      }
    },
    {
      "type": "Feature",
      "id": 865,
      "geometry": {
        "type": "Point",
        "coordinates": [-84.524303371651243, 39.078838610430687]
      },
      "properties": {
        "OBJECTID": 865,
        "Receiver": "F07001",
        "DU": 1,
        "FrontRow": "No",
        "Existing": 66.1999969,
        "Proposed": 67.0999985,
        "Impact": "Yes",
        "Barrier": 63.7000008,
        "Benefited": "No",
        "ELEVATION": 577.528015,
        "Section": "NSAF",
        "Reduction": 4.4000015258789062,
        "x": 5269249.3899668008,
        "y": 4282876.6200233996,
        "MapSection": null,
        "Latitude": 39.078831100000002,
        "Longitude": -84.524298790000003
      }
    },
    {
      "type": "Feature",
      "id": 866,
      "geometry": {
        "type": "Point",
        "coordinates": [-84.522456866448707, 39.078401728125492]
      },
      "properties": {
        "OBJECTID": 866,
        "Receiver": "F07103-F",
        "DU": 3,
        "FrontRow": "Yes",
        "Existing": 69.5,
        "Proposed": 66.9000015,
        "Impact": "Yes",
        "Barrier": 62.7999992,
        "Benefited": "No",
        "ELEVATION": 494.394012,
        "Section": "NSAF",
        "Reduction": 4.6000022888183594,
        "x": 5269775.7101083845,
        "y": 4282724.3798423111,
        "MapSection": null,
        "Latitude": 39.07839422,
        "Longitude": -84.522452279999996
      }
    },
    {
      "type": "Feature",
      "id": 867,
      "geometry": {
        "type": "Point",
        "coordinates": [-84.522724301233907, 39.078504925420461]
      },
      "properties": {
        "OBJECTID": 867,
        "Receiver": "F07201",
        "DU": 1,
        "FrontRow": "No",
        "Existing": 69,
        "Proposed": 66.0999985,
        "Impact": "Yes",
        "Barrier": 62.2999992,
        "Benefited": "No",
        "ELEVATION": 495.464996,
        "Section": "NSAF",
        "Reduction": 4.2999954223632812,
        "x": 5269699.2899856418,
        "y": 4282760.9699922204,
        "MapSection": null,
        "Latitude": 39.078497419999998,
        "Longitude": -84.522719719999998
      }
    },
    {
      "type": "Feature",
      "id": 868,
      "geometry": {
        "type": "Point",
        "coordinates": [-84.522668873111229, 39.078437341228174]
      },
      "properties": {
        "OBJECTID": 868,
        "Receiver": "F07301",
        "DU": 1,
        "FrontRow": "No",
        "Existing": 68.1999969,
        "Proposed": 65.6999969,
        "Impact": "No",
        "Barrier": 62.0999985,
        "Benefited": "No",
        "ELEVATION": 490.709991,
        "Section": "NSAF",
        "Reduction": 4.2999954223632812,
        "x": 5269715.3499928862,
        "y": 4282736.5599360615,
        "MapSection": null,
        "Latitude": 39.078429839999998,
        "Longitude": -84.522664289999994
      }
    },
    {
      "type": "Feature",
      "id": 869,
      "geometry": {
        "type": "Point",
        "coordinates": [-84.522626967735107, 39.078372037571995]
      },
      "properties": {
        "OBJECTID": 869,
        "Receiver": "F07401",
        "DU": 1,
        "FrontRow": "No",
        "Existing": 68.0999985,
        "Proposed": 65.6999969,
        "Impact": "No",
        "Barrier": 61.7999992,
        "Benefited": "No",
        "ELEVATION": 489.523987,
        "Section": "NSAF",
        "Reduction": 4.2999954223632812,
        "x": 5269727.5599422157,
        "y": 4282712.9300620556,
        "MapSection": null,
        "Latitude": 39.078364530000002,
        "Longitude": -84.522622380000001
      }
    },
    {
      "type": "Feature",
      "id": 870,
      "geometry": {
        "type": "Point",
        "coordinates": [-84.522598864705387, 39.078296552153112]
      },
      "properties": {
        "OBJECTID": 870,
        "Receiver": "F07501",
        "DU": 1,
        "FrontRow": "No",
        "Existing": 68.0999985,
        "Proposed": 66,
        "Impact": "Yes",
        "Barrier": 61.7000008,
        "Benefited": "No",
        "ELEVATION": 489.897003,
        "Section": "NSAF",
        "Reduction": 4.7999992370605469,
        "x": 5269735.9001486301,
        "y": 4282685.5400249809,
        "MapSection": null,
        "Latitude": 39.078289050000002,
        "Longitude": -84.522594280000007
      }
    },
    {
      "type": "Feature",
      "id": 871,
      "geometry": {
        "type": "Point",
        "coordinates": [-84.522556088846514, 39.078199364563325]
      },
      "properties": {
        "OBJECTID": 871,
        "Receiver": "F07602-F",
        "DU": 2,
        "FrontRow": "Yes",
        "Existing": 68.8000031,
        "Proposed": 66.5,
        "Impact": "Yes",
        "Barrier": 61.7999992,
        "Benefited": "Yes",
        "ELEVATION": 492.959991,
        "Section": "NSAF",
        "Reduction": 5.2999992370605469,
        "x": 5269748.5100315511,
        "y": 4282650.2999379784,
        "MapSection": null,
        "Latitude": 39.078191859999997,
        "Longitude": -84.522551500000006
      }
    },
    {
      "type": "Feature",
      "id": 872,
      "geometry": {
        "type": "Point",
        "coordinates": [-84.522504714255675, 39.078114910660872]
      },
      "properties": {
        "OBJECTID": 872,
        "Receiver": "F07701-F",
        "DU": 1,
        "FrontRow": "Yes",
        "Existing": 68.6999969,
        "Proposed": 66.5999985,
        "Impact": "Yes",
        "Barrier": 61.7000008,
        "Benefited": "Yes",
        "ELEVATION": 492.73999,
        "Section": "NSAF",
        "Reduction": 5.5,
        "x": 5269763.500159055,
        "y": 4282619.7301172316,
        "MapSection": null,
        "Latitude": 39.0781074,
        "Longitude": -84.522500129999997
      }
    },
    {
      "type": "Feature",
      "id": 873,
      "geometry": {
        "type": "Point",
        "coordinates": [-84.52245223746948, 39.07802072566836]
      },
      "properties": {
        "OBJECTID": 873,
        "Receiver": "F07801-F",
        "DU": 1,
        "FrontRow": "Yes",
        "Existing": 68.8000031,
        "Proposed": 66.6999969,
        "Impact": "Yes",
        "Barrier": 61.5999985,
        "Benefited": "Yes",
        "ELEVATION": 492.992004,
        "Section": "NSAF",
        "Reduction": 5.8000030517578125,
        "x": 5269778.8498658836,
        "y": 4282585.6199492216,
        "MapSection": null,
        "Latitude": 39.078013220000003,
        "Longitude": -84.522447650000004
      }
    },
    {
      "type": "Feature",
      "id": 874,
      "geometry": {
        "type": "Point",
        "coordinates": [-84.521924904552506, 39.077898142706537]
      },
      "properties": {
        "OBJECTID": 874,
        "Receiver": "F07904-F",
        "DU": 4,
        "FrontRow": "Yes",
        "Existing": 68.3000031,
        "Proposed": 67,
        "Impact": "Yes",
        "Barrier": 61.5,
        "Benefited": "Yes",
        "ELEVATION": 483.118988,
        "Section": "NSAF",
        "Reduction": 7.2000007629394531,
        "x": 5269929.1500902176,
        "y": 4282542.9399164766,
        "MapSection": null,
        "Latitude": 39.07789064,
        "Longitude": -84.521920320000007
      }
    },
    {
      "type": "Feature",
      "id": 875,
      "geometry": {
        "type": "Point",
        "coordinates": [-84.52239525382133, 39.07783034975985]
      },
      "properties": {
        "OBJECTID": 875,
        "Receiver": "F08001",
        "DU": 1,
        "FrontRow": "No",
        "Existing": 67.5,
        "Proposed": 66.0999985,
        "Impact": "Yes",
        "Barrier": 61.0999985,
        "Benefited": "Yes",
        "ELEVATION": 486.93399,
        "Section": "NSAF",
        "Reduction": 5.6999969482421875,
        "x": 5269795.9400548041,
        "y": 4282516.4898381382,
        "MapSection": null,
        "Latitude": 39.077822840000003,
        "Longitude": -84.522390669999993
      }
    },
    {
      "type": "Feature",
      "id": 876,
      "geometry": {
        "type": "Point",
        "coordinates": [-84.521809690803352, 39.077508044142654]
      },
      "properties": {
        "OBJECTID": 876,
        "Receiver": "F08301",
        "DU": 1,
        "FrontRow": "No",
        "Existing": 68.8000031,
        "Proposed": 68.0999985,
        "Impact": "Yes",
        "Barrier": 63.2000008,
        "Benefited": "Yes",
        "ELEVATION": 492.674988,
        "Section": "NSAF",
        "Reduction": 5.2000045776367188,
        "x": 5269963.7300735563,
        "y": 4282401.2800948173,
        "MapSection": null,
        "Latitude": 39.077500540000003,
        "Longitude": -84.521805110000003
      }
    },
    {
      "type": "Feature",
      "id": 877,
      "geometry": {
        "type": "Point",
        "coordinates": [-84.521736658085274, 39.077523574669264]
      },
      "properties": {
        "OBJECTID": 877,
        "Receiver": "F08401",
        "DU": 1,
        "FrontRow": "No",
        "Existing": 69.5,
        "Proposed": 68.9000015,
        "Impact": "Yes",
        "Barrier": 64.1999969,
        "Benefited": "Yes",
        "ELEVATION": 492.774994,
        "Section": "NSAF",
        "Reduction": 5.0999984741210938,
        "x": 5269984.3901372254,
        "y": 4282407.2098729759,
        "MapSection": null,
        "Latitude": 39.077516070000001,
        "Longitude": -84.521732069999999
      }
    },
    {
      "type": "Feature",
      "id": 878,
      "geometry": {
        "type": "Point",
        "coordinates": [-84.521554581061181, 39.077522174014192]
      },
      "properties": {
        "OBJECTID": 878,
        "Receiver": "F08501",
        "DU": 1,
        "FrontRow": "No",
        "Existing": 69.8000031,
        "Proposed": 69.3000031,
        "Impact": "Yes",
        "Barrier": 64.6999969,
        "Benefited": "Yes",
        "ELEVATION": 492.407013,
        "Section": "NSAF",
        "Reduction": 5.2000045776367188,
        "x": 5270036.08983697,
        "y": 4282407.380148232,
        "MapSection": null,
        "Latitude": 39.077514669999999,
        "Longitude": -84.521550000000005
      }
    },
    {
      "type": "Feature",
      "id": 879,
      "geometry": {
        "type": "Point",
        "coordinates": [-84.521457016182737, 39.077549120688907]
      },
      "properties": {
        "OBJECTID": 879,
        "Receiver": "F08601",
        "DU": 1,
        "FrontRow": "No",
        "Existing": 70.1999969,
        "Proposed": 69.5999985,
        "Impact": "Yes",
        "Barrier": 65.3000031,
        "Benefited": "Yes",
        "ELEVATION": 492.264008,
        "Section": "NSAF",
        "Reduction": 5.5,
        "x": 5270063.6599918008,
        "y": 4282417.559917897,
        "MapSection": null,
        "Latitude": 39.077541609999997,
        "Longitude": -84.521452429999997
      }
    },
    {
      "type": "Feature",
      "id": 880,
      "geometry": {
        "type": "Point",
        "coordinates": [-84.523698512565659, 39.078205773637208]
      },
      "properties": {
        "OBJECTID": 880,
        "Receiver": "F08702",
        "DU": 2,
        "FrontRow": "No",
        "Existing": 66,
        "Proposed": 66.9000015,
        "Impact": "Yes",
        "Barrier": 61.0999985,
        "Benefited": "Yes",
        "ELEVATION": 531.862,
        "Section": "NSAF",
        "Reduction": 6.0999984741210938,
        "x": 5269424.1399453878,
        "y": 4282648.3701518029,
        "MapSection": null,
        "Latitude": 39.078198270000001,
        "Longitude": -84.523693929999993
      }
    },
    {
      "type": "Feature",
      "id": 881,
      "geometry": {
        "type": "Point",
        "coordinates": [-84.523509561232729, 39.078104260761883]
      },
      "properties": {
        "OBJECTID": 881,
        "Receiver": "F08801",
        "DU": 1,
        "FrontRow": "No",
        "Existing": 66.4000015,
        "Proposed": 66.8000031,
        "Impact": "Yes",
        "Barrier": 61.0999985,
        "Benefited": "Yes",
        "ELEVATION": 520.497009,
        "Section": "NSAF",
        "Reduction": 5.9000015258789062,
        "x": 5269478.2700864673,
        "y": 4282612.0998831391,
        "MapSection": null,
        "Latitude": 39.07809675,
        "Longitude": -84.523504979999998
      }
    },
    {
      "type": "Feature",
      "id": 882,
      "geometry": {
        "type": "Point",
        "coordinates": [-84.523384312131128, 39.078133287095724]
      },
      "properties": {
        "OBJECTID": 882,
        "Receiver": "F08901",
        "DU": 1,
        "FrontRow": "No",
        "Existing": 66.5999985,
        "Proposed": 66.0999985,
        "Impact": "Yes",
        "Barrier": 60.7999992,
        "Benefited": "Yes",
        "ELEVATION": 513.245972,
        "Section": "NSAF",
        "Reduction": 5.2000007629394531,
        "x": 5269513.6899631321,
        "y": 4282623.1398873031,
        "MapSection": null,
        "Latitude": 39.078125780000001,
        "Longitude": -84.523379730000002
      }
    },
    {
      "type": "Feature",
      "id": 883,
      "geometry": {
        "type": "Point",
        "coordinates": [-84.523309147780296, 39.078329528781055]
      },
      "properties": {
        "OBJECTID": 883,
        "Receiver": "F09001",
        "DU": 1,
        "FrontRow": "No",
        "Existing": 66.4000015,
        "Proposed": 64.5999985,
        "Impact": "No",
        "Barrier": 60.0999985,
        "Benefited": "No",
        "ELEVATION": 508.552002,
        "Section": "NSAF",
        "Reduction": 4.8999977111816406,
        "x": 5269534.089856714,
        "y": 4282694.8999143988,
        "MapSection": null,
        "Latitude": 39.078322020000002,
        "Longitude": -84.52330456
      }
    },
    {
      "type": "Feature",
      "id": 884,
      "geometry": {
        "type": "Point",
        "coordinates": [-84.52324786423182, 39.078193469136508]
      },
      "properties": {
        "OBJECTID": 884,
        "Receiver": "F09101",
        "DU": 1,
        "FrontRow": "No",
        "Existing": 64.3000031,
        "Proposed": 62.7999992,
        "Impact": "No",
        "Barrier": 58.5,
        "Benefited": "No",
        "ELEVATION": 505.571991,
        "Section": "NSAF",
        "Reduction": 4.5999984741210938,
        "x": 5269552.1400174648,
        "y": 4282645.5699605644,
        "MapSection": null,
        "Latitude": 39.078185959999999,
        "Longitude": -84.523243280000003
      }
    },
    {
      "type": "Feature",
      "id": 885,
      "geometry": {
        "type": "Point",
        "coordinates": [-84.523211770750265, 39.07814066158965]
      },
      "properties": {
        "OBJECTID": 885,
        "Receiver": "F09201",
        "DU": 1,
        "FrontRow": "No",
        "Existing": 63,
        "Proposed": 61.2000008,
        "Impact": "No",
        "Barrier": 57.0999985,
        "Benefited": "No",
        "ELEVATION": 502.772003,
        "Section": "NSAF",
        "Reduction": 4.5999984741210938,
        "x": 5269562.639996469,
        "y": 4282626.4699331373,
        "MapSection": null,
        "Latitude": 39.07813316,
        "Longitude": -84.52320718
      }
    },
    {
      "type": "Feature",
      "id": 886,
      "geometry": {
        "type": "Point",
        "coordinates": [-84.523194046575554, 39.07810767273881]
      },
      "properties": {
        "OBJECTID": 886,
        "Receiver": "F09302",
        "DU": 2,
        "FrontRow": "No",
        "Existing": 63.2000008,
        "Proposed": 61.2999992,
        "Impact": "No",
        "Barrier": 57.0999985,
        "Benefited": "No",
        "ELEVATION": 502.671997,
        "Section": "NSAF",
        "Reduction": 4.5999984741210938,
        "x": 5269567.8299467266,
        "y": 4282614.520153895,
        "MapSection": null,
        "Latitude": 39.078100169999999,
        "Longitude": -84.523189459999998
      }
    },
    {
      "type": "Feature",
      "id": 887,
      "geometry": {
        "type": "Point",
        "coordinates": [-84.523142199222619, 39.078015718405908]
      },
      "properties": {
        "OBJECTID": 887,
        "Receiver": "F09401",
        "DU": 1,
        "FrontRow": "No",
        "Existing": 62.5999985,
        "Proposed": 61,
        "Impact": "No",
        "Barrier": 56.9000015,
        "Benefited": "No",
        "ELEVATION": 500.60199,
        "Section": "NSAF",
        "Reduction": 4.5999984741210938,
        "x": 5269582.9900213927,
        "y": 4282581.220023647,
        "MapSection": null,
        "Latitude": 39.07800821,
        "Longitude": -84.523137610000006
      }
    },
    {
      "type": "Feature",
      "id": 888,
      "geometry": {
        "type": "Point",
        "coordinates": [-84.523159967121572, 39.07795423841187]
      },
      "properties": {
        "OBJECTID": 888,
        "Receiver": "F09501",
        "DU": 1,
        "FrontRow": "No",
        "Existing": 64.5,
        "Proposed": 62.5,
        "Impact": "No",
        "Barrier": 58.4000015,
        "Benefited": "No",
        "ELEVATION": 500.623993,
        "Section": "NSAF",
        "Reduction": 4.7000007629394531,
        "x": 5269578.2400308847,
        "y": 4282558.7600948066,
        "MapSection": null,
        "Latitude": 39.077946730000001,
        "Longitude": -84.523155380000006
      }
    },
    {
      "type": "Feature",
      "id": 889,
      "geometry": {
        "type": "Point",
        "coordinates": [-84.523170993975796, 39.077851809771481]
      },
      "properties": {
        "OBJECTID": 889,
        "Receiver": "F09601",
        "DU": 1,
        "FrontRow": "No",
        "Existing": 65.5,
        "Proposed": 64,
        "Impact": "No",
        "Barrier": 59.2000008,
        "Benefited": "No",
        "ELEVATION": 500.677002,
        "Section": "NSAF",
        "Reduction": 4.7000007629394531,
        "x": 5269575.5999443084,
        "y": 4282521.4101038873,
        "MapSection": null,
        "Latitude": 39.077844300000002,
        "Longitude": -84.523166410000002
      }
    },
    {
      "type": "Feature",
      "id": 890,
      "geometry": {
        "type": "Point",
        "coordinates": [-84.522799799135854, 39.077456095683985]
      },
      "properties": {
        "OBJECTID": 890,
        "Receiver": "F09701",
        "DU": 1,
        "FrontRow": "No",
        "Existing": 66.5,
        "Proposed": 64.6999969,
        "Impact": "No",
        "Barrier": 60.0999985,
        "Benefited": "Yes",
        "ELEVATION": 495.61499,
        "Section": "NSAF",
        "Reduction": 4.9999961853027344,
        "x": 5269682.8799134642,
        "y": 4282378.6600613147,
        "MapSection": null,
        "Latitude": 39.077448590000003,
        "Longitude": -84.522795209999998
      }
    },
    {
      "type": "Feature",
      "id": 891,
      "geometry": {
        "type": "Point",
        "coordinates": [-84.523056457103237, 39.077333506965246]
      },
      "properties": {
        "OBJECTID": 891,
        "Receiver": "F09804",
        "DU": 4,
        "FrontRow": "No",
        "Existing": 65.5999985,
        "Proposed": 63.7999992,
        "Impact": "No",
        "Barrier": 59.4000015,
        "Benefited": "No",
        "ELEVATION": 499.641998,
        "Section": "NSAF",
        "Reduction": 4.7000007629394531,
        "x": 5269610.5998743027,
        "y": 4282333.0499163121,
        "MapSection": null,
        "Latitude": 39.077325999999999,
        "Longitude": -84.523051870000003
      }
    },
    {
      "type": "Feature",
      "id": 892,
      "geometry": {
        "type": "Point",
        "coordinates": [-84.523277937252146, 39.07725830128372]
      },
      "properties": {
        "OBJECTID": 892,
        "Receiver": "F09901",
        "DU": 1,
        "FrontRow": "No",
        "Existing": 64.8000031,
        "Proposed": 63,
        "Impact": "No",
        "Barrier": 58.5999985,
        "Benefited": "No",
        "ELEVATION": 502.412994,
        "Section": "NSAF",
        "Reduction": 4.7000007629394531,
        "x": 5269548.0799862146,
        "y": 4282304.8301564753,
        "MapSection": null,
        "Latitude": 39.077250800000002,
        "Longitude": -84.523273349999997
      }
    },
    {
      "type": "Feature",
      "id": 893,
      "geometry": {
        "type": "Point",
        "coordinates": [-84.523435040578022, 39.077228420564794]
      },
      "properties": {
        "OBJECTID": 893,
        "Receiver": "F10001",
        "DU": 1,
        "FrontRow": "No",
        "Existing": 64.5,
        "Proposed": 63.0999985,
        "Impact": "No",
        "Barrier": 58.5,
        "Benefited": "No",
        "ELEVATION": 506.398987,
        "Section": "NSAF",
        "Reduction": 4.7999992370605469,
        "x": 5269503.6201013923,
        "y": 4282293.3600350618,
        "MapSection": null,
        "Latitude": 39.077220910000001,
        "Longitude": -84.523430450000006
      }
    },
    {
      "type": "Feature",
      "id": 894,
      "geometry": {
        "type": "Point",
        "coordinates": [-84.523564528139318, 39.077200755365567]
      },
      "properties": {
        "OBJECTID": 894,
        "Receiver": "F10102",
        "DU": 2,
        "FrontRow": "No",
        "Existing": 64.6999969,
        "Proposed": 63.5999985,
        "Impact": "No",
        "Barrier": 58.9000015,
        "Benefited": "No",
        "ELEVATION": 512.260986,
        "Section": "NSAF",
        "Reduction": 4.8999977111816406,
        "x": 5269466.98992531,
        "y": 4282282.8000168055,
        "MapSection": null,
        "Latitude": 39.077193250000001,
        "Longitude": -84.523559939999998
      }
    },
    {
      "type": "Feature",
      "id": 895,
      "geometry": {
        "type": "Point",
        "coordinates": [-84.523682492781205, 39.077225546635361]
      },
      "properties": {
        "OBJECTID": 895,
        "Receiver": "F10202",
        "DU": 2,
        "FrontRow": "No",
        "Existing": 64.5999985,
        "Proposed": 63.7000008,
        "Impact": "No",
        "Barrier": 59.0999985,
        "Benefited": "No",
        "ELEVATION": 515.333984,
        "Section": "NSAF",
        "Reduction": 4.9000015258789062,
        "x": 5269433.3800843805,
        "y": 4282291.3898946494,
        "MapSection": null,
        "Latitude": 39.077218039999998,
        "Longitude": -84.523677910000004
      }
    },
    {
      "type": "Feature",
      "id": 896,
      "geometry": {
        "type": "Point",
        "coordinates": [-84.523747196285555, 39.077146207555266]
      },
      "properties": {
        "OBJECTID": 896,
        "Receiver": "F10301",
        "DU": 1,
        "FrontRow": "No",
        "Existing": 64.3000031,
        "Proposed": 63.2000008,
        "Impact": "No",
        "Barrier": 58.5,
        "Benefited": "No",
        "ELEVATION": 515.299011,
        "Section": "NSAF",
        "Reduction": 4.9000015258789062,
        "x": 5269415.3899628818,
        "y": 4282262.2498610616,
        "MapSection": null,
        "Latitude": 39.077138699999999,
        "Longitude": -84.523742609999999
      }
    },
    {
      "type": "Feature",
      "id": 897,
      "geometry": {
        "type": "Point",
        "coordinates": [-84.523680611087258, 39.077027966903707]
      },
      "properties": {
        "OBJECTID": 897,
        "Receiver": "F10402",
        "DU": 2,
        "FrontRow": "No",
        "Existing": 62.4000015,
        "Proposed": 61.7999992,
        "Impact": "No",
        "Barrier": 57,
        "Benefited": "No",
        "ELEVATION": 512.05603,
        "Section": "NSAF",
        "Reduction": 4.7999992370605469,
        "x": 5269434.8600683063,
        "y": 4282219.4300648123,
        "MapSection": null,
        "Latitude": 39.07702046,
        "Longitude": -84.523676030000004
      }
    },
    {
      "type": "Feature",
      "id": 898,
      "geometry": {
        "type": "Point",
        "coordinates": [-84.523518191814432, 39.077692700050974]
      },
      "properties": {
        "OBJECTID": 898,
        "Receiver": "F10512",
        "DU": 12,
        "FrontRow": "No",
        "Existing": 65.8000031,
        "Proposed": 65,
        "Impact": "No",
        "Barrier": 60.2000008,
        "Benefited": "Yes",
        "ELEVATION": 513.486023,
        "Section": "NSAF",
        "Reduction": 5,
        "x": 5269477.7901005596,
        "y": 4282462.1598943174,
        "MapSection": null,
        "Latitude": 39.077685189999997,
        "Longitude": -84.523513609999995
      }
    },
    {
      "type": "Feature",
      "id": 899,
      "geometry": {
        "type": "Point",
        "coordinates": [-84.523691418747248, 39.077780378823356]
      },
      "properties": {
        "OBJECTID": 899,
        "Receiver": "F10601",
        "DU": 1,
        "FrontRow": "No",
        "Existing": 65.8000031,
        "Proposed": 66,
        "Impact": "Yes",
        "Barrier": 60.5999985,
        "Benefited": "Yes",
        "ELEVATION": 524.283997,
        "Section": "NSAF",
        "Reduction": 5.6000022888183594,
        "x": 5269428.1901341379,
        "y": 4282493.44985798,
        "MapSection": null,
        "Latitude": 39.077772869999997,
        "Longitude": -84.523686830000003
      }
    },
    {
      "type": "Feature",
      "id": 900,
      "geometry": {
        "type": "Point",
        "coordinates": [-84.523680350612807, 39.07788118757535]
      },
      "properties": {
        "OBJECTID": 900,
        "Receiver": "F10701",
        "DU": 1,
        "FrontRow": "No",
        "Existing": 65.9000015,
        "Proposed": 66.1999969,
        "Impact": "Yes",
        "Barrier": 60.5999985,
        "Benefited": "Yes",
        "ELEVATION": 524.500977,
        "Section": "NSAF",
        "Reduction": 5.7999992370605469,
        "x": 5269430.8499057144,
        "y": 4282530.2099550664,
        "MapSection": null,
        "Latitude": 39.077873680000003,
        "Longitude": -84.523675760000003
      }
    },
    {
      "type": "Feature",
      "id": 901,
      "geometry": {
        "type": "Point",
        "coordinates": [-84.523718602758322, 39.077987745547063]
      },
      "properties": {
        "OBJECTID": 901,
        "Receiver": "F10802",
        "DU": 2,
        "FrontRow": "No",
        "Existing": 65.9000015,
        "Proposed": 66.4000015,
        "Impact": "Yes",
        "Barrier": 60.9000015,
        "Benefited": "Yes",
        "ELEVATION": 528.39502,
        "Section": "NSAF",
        "Reduction": 5.9999961853027344,
        "x": 5269419.479849726,
        "y": 4282568.8801533133,
        "MapSection": null,
        "Latitude": 39.077980240000002,
        "Longitude": -84.52371402
      }
    },
    {
      "type": "Feature",
      "id": 902,
      "geometry": {
        "type": "Point",
        "coordinates": [-84.523673361052417, 39.078070111320919]
      },
      "properties": {
        "OBJECTID": 902,
        "Receiver": "F10901",
        "DU": 1,
        "FrontRow": "No",
        "Existing": 66,
        "Proposed": 66.8000031,
        "Impact": "Yes",
        "Barrier": 61.0999985,
        "Benefited": "Yes",
        "ELEVATION": 528.919006,
        "Section": "NSAF",
        "Reduction": 6.0999984741210938,
        "x": 5269431.9299560487,
        "y": 4282599.0500404835,
        "MapSection": null,
        "Latitude": 39.078062610000003,
        "Longitude": -84.52366877
      }
    },
    {
      "type": "Feature",
      "id": 903,
      "geometry": {
        "type": "Point",
        "coordinates": [-84.524310886819066, 39.078173141192146]
      },
      "properties": {
        "OBJECTID": 903,
        "Receiver": "F11001",
        "DU": 1,
        "FrontRow": "No",
        "Existing": 63.2000008,
        "Proposed": 65.1999969,
        "Impact": "No",
        "Barrier": 61.2000008,
        "Benefited": "Yes",
        "ELEVATION": 562.419983,
        "Section": "NSAF",
        "Reduction": 5.5,
        "x": 5269250.440161556,
        "y": 4282634.199904561,
        "MapSection": null,
        "Latitude": 39.078165640000002,
        "Longitude": -84.524306300000006
      }
    },
    {
      "type": "Feature",
      "id": 904,
      "geometry": {
        "type": "Point",
        "coordinates": [-84.524294493916614, 39.078059066366379]
      },
      "properties": {
        "OBJECTID": 904,
        "Receiver": "F11101",
        "DU": 1,
        "FrontRow": "No",
        "Existing": 64.4000015,
        "Proposed": 65.9000015,
        "Impact": "No",
        "Barrier": 61.7000008,
        "Benefited": "Yes",
        "ELEVATION": 564.473022,
        "Section": "NSAF",
        "Reduction": 5.2000007629394531,
        "x": 5269255.6399542987,
        "y": 4282592.7101581395,
        "MapSection": null,
        "Latitude": 39.078051559999999,
        "Longitude": -84.524289909999993
      }
    },
    {
      "type": "Feature",
      "id": 905,
      "geometry": {
        "type": "Point",
        "coordinates": [-84.524292117634516, 39.077909525638098]
      },
      "properties": {
        "OBJECTID": 905,
        "Receiver": "F11202",
        "DU": 2,
        "FrontRow": "No",
        "Existing": 63.2000008,
        "Proposed": 64.9000015,
        "Impact": "No",
        "Barrier": 60.7999992,
        "Benefited": "Yes",
        "ELEVATION": 556.882996,
        "Section": "NSAF",
        "Reduction": 5.2000007629394531,
        "x": 5269257.0300433934,
        "y": 4282538.2499652207,
        "MapSection": null,
        "Latitude": 39.077902020000003,
        "Longitude": -84.524287529999995
      }
    },
    {
      "type": "Feature",
      "id": 906,
      "geometry": {
        "type": "Point",
        "coordinates": [-84.52445784520782, 39.077842394879319]
      },
      "properties": {
        "OBJECTID": 906,
        "Receiver": "F11301",
        "DU": 1,
        "FrontRow": "No",
        "Existing": 65.0999985,
        "Proposed": 65.5,
        "Impact": "No",
        "Barrier": 61.7999992,
        "Benefited": "Yes",
        "ELEVATION": 570.671997,
        "Section": "NSAF",
        "Reduction": 5.1000022888183594,
        "x": 5269210.3001499772,
        "y": 4282513.1801334769,
        "MapSection": null,
        "Latitude": 39.077834889999998,
        "Longitude": -84.524453260000001
      }
    },
    {
      "type": "Feature",
      "id": 907,
      "geometry": {
        "type": "Point",
        "coordinates": [-84.524260315891141, 39.07775040433151]
      },
      "properties": {
        "OBJECTID": 907,
        "Receiver": "F11401",
        "DU": 1,
        "FrontRow": "No",
        "Existing": 64.0999985,
        "Proposed": 64.6999969,
        "Impact": "No",
        "Barrier": 60.5,
        "Benefited": "Yes",
        "ELEVATION": 552.669983,
        "Section": "NSAF",
        "Reduction": 5.2999992370605469,
        "x": 5269266.8200500607,
        "y": 4282480.4098578095,
        "MapSection": null,
        "Latitude": 39.077742899999997,
        "Longitude": -84.524255729999993
      }
    },
    {
      "type": "Feature",
      "id": 908,
      "geometry": {
        "type": "Point",
        "coordinates": [-84.524293637831221, 39.077652130129138]
      },
      "properties": {
        "OBJECTID": 908,
        "Receiver": "F11501",
        "DU": 1,
        "FrontRow": "No",
        "Existing": 60.5999985,
        "Proposed": 62.7000008,
        "Impact": "No",
        "Barrier": 59,
        "Benefited": "Yes",
        "ELEVATION": 546.604004,
        "Section": "NSAF",
        "Reduction": 5.2999992370605469,
        "x": 5269257.8299105465,
        "y": 4282444.489982143,
        "MapSection": null,
        "Latitude": 39.077644620000001,
        "Longitude": -84.524289049999993
      }
    },
    {
      "type": "Feature",
      "id": 909,
      "geometry": {
        "type": "Point",
        "coordinates": [-84.524269565490243, 39.077515051300729]
      },
      "properties": {
        "OBJECTID": 909,
        "Receiver": "F11602",
        "DU": 2,
        "FrontRow": "No",
        "Existing": 62.5,
        "Proposed": 63.7000008,
        "Impact": "No",
        "Barrier": 59.4000015,
        "Benefited": "Yes",
        "ELEVATION": 544.58197,
        "Section": "NSAF",
        "Reduction": 5.2999992370605469,
        "x": 5269265.3200530559,
        "y": 4282394.6498587281,
        "MapSection": null,
        "Latitude": 39.07750755,
        "Longitude": -84.524264979999998
      }
    },
    {
      "type": "Feature",
      "id": 910,
      "geometry": {
        "type": "Point",
        "coordinates": [-84.524444927383584, 39.077494911121512]
      },
      "properties": {
        "OBJECTID": 910,
        "Receiver": "F11701",
        "DU": 1,
        "FrontRow": "No",
        "Existing": 64.0999985,
        "Proposed": 64.4000015,
        "Impact": "No",
        "Barrier": 60.5999985,
        "Benefited": "Yes",
        "ELEVATION": 554.872986,
        "Section": "NSAF",
        "Reduction": 5,
        "x": 5269215.6298637241,
        "y": 4282386.6600453109,
        "MapSection": null,
        "Latitude": 39.077487410000003,
        "Longitude": -84.524440339999998
      }
    },
    {
      "type": "Feature",
      "id": 911,
      "geometry": {
        "type": "Point",
        "coordinates": [-84.524269361598527, 39.077368334034865]
      },
      "properties": {
        "OBJECTID": 911,
        "Receiver": "F11801",
        "DU": 1,
        "FrontRow": "No",
        "Existing": 63.0999985,
        "Proposed": 63.2999992,
        "Impact": "No",
        "Barrier": 58.5999985,
        "Benefited": "Yes",
        "ELEVATION": 539.54303,
        "Section": "NSAF",
        "Reduction": 5,
        "x": 5269266.079894051,
        "y": 4282341.2100049704,
        "MapSection": null,
        "Latitude": 39.077360830000003,
        "Longitude": -84.524264779999996
      }
    },
    {
      "type": "Feature",
      "id": 912,
      "geometry": {
        "type": "Point",
        "coordinates": [-84.524024761890487, 39.077369096459407]
      },
      "properties": {
        "OBJECTID": 912,
        "Receiver": "F11901",
        "DU": 1,
        "FrontRow": "No",
        "Existing": 64.5999985,
        "Proposed": 64,
        "Impact": "No",
        "Barrier": 59.4000015,
        "Benefited": "No",
        "ELEVATION": 526.994995,
        "Section": "NSAF",
        "Reduction": 4.7999992370605469,
        "x": 5269335.5200438797,
        "y": 4282342.3999632299,
        "MapSection": null,
        "Latitude": 39.077361590000002,
        "Longitude": -84.524020179999994
      }
    },
    {
      "type": "Feature",
      "id": 913,
      "geometry": {
        "type": "Point",
        "coordinates": [-84.524008718969554, 39.077294832828123]
      },
      "properties": {
        "OBJECTID": 913,
        "Receiver": "F12001",
        "DU": 1,
        "FrontRow": "No",
        "Existing": 64.5,
        "Proposed": 64,
        "Impact": "No",
        "Barrier": 59.0999985,
        "Benefited": "Yes",
        "ELEVATION": 525.109009,
        "Section": "NSAF",
        "Reduction": 5.2999992370605469,
        "x": 5269340.4301390499,
        "y": 4282315.4098597318,
        "MapSection": null,
        "Latitude": 39.077287329999997,
        "Longitude": -84.524004129999994
      }
    },
    {
      "type": "Feature",
      "id": 914,
      "geometry": {
        "type": "Point",
        "coordinates": [-84.524028252526577, 39.077222608864744]
      },
      "properties": {
        "OBJECTID": 914,
        "Receiver": "F12101",
        "DU": 1,
        "FrontRow": "No",
        "Existing": 64.3000031,
        "Proposed": 63.7000008,
        "Impact": "No",
        "Barrier": 59,
        "Benefited": "Yes",
        "ELEVATION": 523.525024,
        "Section": "NSAF",
        "Reduction": 5.2999992370605469,
        "x": 5269335.2300182134,
        "y": 4282289.0299912244,
        "MapSection": null,
        "Latitude": 39.077215099999997,
        "Longitude": -84.524023670000005
      }
    },
    {
      "type": "Feature",
      "id": 915,
      "geometry": {
        "type": "Point",
        "coordinates": [-84.524028892442757, 39.077157493629393]
      },
      "properties": {
        "OBJECTID": 915,
        "Receiver": "F12202",
        "DU": 2,
        "FrontRow": "No",
        "Existing": 63.9000015,
        "Proposed": 63.4000015,
        "Impact": "No",
        "Barrier": 58.7999992,
        "Benefited": "Yes",
        "ELEVATION": 521.383972,
        "Section": "NSAF",
        "Reduction": 5.1999969482421875,
        "x": 5269335.3599392176,
        "y": 4282265.3098943084,
        "MapSection": null,
        "Latitude": 39.077149990000002,
        "Longitude": -84.524024310000001
      }
    },
    {
      "type": "Feature",
      "id": 916,
      "geometry": {
        "type": "Point",
        "coordinates": [-84.524037255746279, 39.076625790731214]
      },
      "properties": {
        "OBJECTID": 916,
        "Receiver": "F12301",
        "DU": 1,
        "FrontRow": "No",
        "Existing": 62.2999992,
        "Proposed": 61.4000015,
        "Impact": "No",
        "Barrier": 56.5999985,
        "Benefited": "Yes",
        "ELEVATION": 518.882019,
        "Section": "NSAF",
        "Reduction": 5.2999992370605469,
        "x": 5269335.5298863798,
        "y": 4282071.6101504713,
        "MapSection": null,
        "Latitude": 39.076618279999998,
        "Longitude": -84.524032669999997
      }
    },
    {
      "type": "Feature",
      "id": 917,
      "geometry": {
        "type": "Point",
        "coordinates": [-84.523971467045698, 39.076629563917727]
      },
      "properties": {
        "OBJECTID": 917,
        "Receiver": "F12403",
        "DU": 3,
        "FrontRow": "No",
        "Existing": 62.5,
        "Proposed": 60.2999992,
        "Impact": "No",
        "Barrier": 55.7000008,
        "Benefited": "Yes",
        "ELEVATION": 518.791016,
        "Section": "NSAF",
        "Reduction": 5.2000007629394531,
        "x": 5269354.1899540573,
        "y": 4282073.2298978865,
        "MapSection": null,
        "Latitude": 39.076622059999998,
        "Longitude": -84.523966880000003
      }
    },
    {
      "type": "Feature",
      "id": 918,
      "geometry": {
        "type": "Point",
        "coordinates": [-84.524132630925507, 39.076135061128504]
      },
      "properties": {
        "OBJECTID": 918,
        "Receiver": "F12501",
        "DU": 1,
        "FrontRow": "No",
        "Existing": 61.7999992,
        "Proposed": 62.4000015,
        "Impact": "No",
        "Barrier": 58.0999985,
        "Benefited": "No",
        "ELEVATION": 528.835022,
        "Section": "NSAF",
        "Reduction": 4.4000015258789062,
        "x": 5269310.7999489754,
        "y": 4281892.5101149827,
        "MapSection": null,
        "Latitude": 39.076127560000003,
        "Longitude": -84.524128039999994
      }
    },
    {
      "type": "Feature",
      "id": 919,
      "geometry": {
        "type": "Point",
        "coordinates": [-84.524081059849621, 39.076047639698722]
      },
      "properties": {
        "OBJECTID": 919,
        "Receiver": "F12601",
        "DU": 1,
        "FrontRow": "No",
        "Existing": 62.5,
        "Proposed": 62.7000008,
        "Impact": "No",
        "Barrier": 58.7000008,
        "Benefited": "No",
        "ELEVATION": 532.882996,
        "Section": "NSAF",
        "Reduction": 4.4000015258789062,
        "x": 5269325.8599582165,
        "y": 4281860.8599158078,
        "MapSection": null,
        "Latitude": 39.076040130000003,
        "Longitude": -84.524076469999997
      }
    },
    {
      "type": "Feature",
      "id": 920,
      "geometry": {
        "type": "Point",
        "coordinates": [-84.52399732372028, 39.075994070630749]
      },
      "properties": {
        "OBJECTID": 920,
        "Receiver": "F12701",
        "DU": 1,
        "FrontRow": "No",
        "Existing": 62.7999992,
        "Proposed": 63.0999985,
        "Impact": "No",
        "Barrier": 59.2000008,
        "Benefited": "No",
        "ELEVATION": 534.929993,
        "Section": "NSAF",
        "Reduction": 4.4000015258789062,
        "x": 5269349.8900938928,
        "y": 4281841.6601510644,
        "MapSection": null,
        "Latitude": 39.075986559999997,
        "Longitude": -84.523992739999997
      }
    },
    {
      "type": "Feature",
      "id": 921,
      "geometry": {
        "type": "Point",
        "coordinates": [-84.52378929803811, 39.075714404664708]
      },
      "properties": {
        "OBJECTID": 921,
        "Receiver": "F12804",
        "DU": 4,
        "FrontRow": "No",
        "Existing": 63.5999985,
        "Proposed": 63.7999992,
        "Impact": "No",
        "Barrier": 60.4000015,
        "Benefited": "No",
        "ELEVATION": 544.559021,
        "Section": "NSAF",
        "Reduction": 4.2000007629394531,
        "x": 5269410.2899074703,
        "y": 4281740.5701301396,
        "MapSection": null,
        "Latitude": 39.0757069,
        "Longitude": -84.523784710000001
      }
    },
    {
      "type": "Feature",
      "id": 922,
      "geometry": {
        "type": "Point",
        "coordinates": [-84.523943661392849, 39.07587401230505]
      },
      "properties": {
        "OBJECTID": 922,
        "Receiver": "F12901",
        "DU": 1,
        "FrontRow": "No",
        "Existing": 62.9000015,
        "Proposed": 63.4000015,
        "Impact": "No",
        "Barrier": 59.7000008,
        "Benefited": "No",
        "ELEVATION": 539.177979,
        "Section": "NSAF",
        "Reduction": 4.4000015258789062,
        "x": 5269365.7001016438,
        "y": 4281798.1300543994,
        "MapSection": null,
        "Latitude": 39.075866509999997,
        "Longitude": -84.523939080000005
      }
    },
    {
      "type": "Feature",
      "id": 923,
      "geometry": {
        "type": "Point",
        "coordinates": [-84.523476008412331, 39.076079411790012]
      },
      "properties": {
        "OBJECTID": 923,
        "Receiver": "F13003",
        "DU": 3,
        "FrontRow": "No",
        "Existing": 64.3000031,
        "Proposed": 65.0999985,
        "Impact": "No",
        "Barrier": 61.2999992,
        "Benefited": "No",
        "ELEVATION": 540.166992,
        "Section": "NSAF",
        "Reduction": 4.3999977111816406,
        "x": 5269497.4898643047,
        "y": 4281874.6899406463,
        "MapSection": null,
        "Latitude": 39.076071910000003,
        "Longitude": -84.523471420000007
      }
    },
    {
      "type": "Feature",
      "id": 924,
      "geometry": {
        "type": "Point",
        "coordinates": [-84.523399979644893, 39.076182876957262]
      },
      "properties": {
        "OBJECTID": 924,
        "Receiver": "F13105",
        "DU": 5,
        "FrontRow": "No",
        "Existing": 62.9000015,
        "Proposed": 65.0999985,
        "Impact": "No",
        "Barrier": 61,
        "Benefited": "No",
        "ELEVATION": 534.070984,
        "Section": "NSAF",
        "Reduction": 4.5000038146972656,
        "x": 5269518.5800452232,
        "y": 4281912.6600090563,
        "MapSection": null,
        "Latitude": 39.076175370000001,
        "Longitude": -84.523395390000005
      }
    },
    {
      "type": "Feature",
      "id": 925,
      "geometry": {
        "type": "Point",
        "coordinates": [-84.523244798182901, 39.076359987108646]
      },
      "properties": {
        "OBJECTID": 925,
        "Receiver": "F13201",
        "DU": 1,
        "FrontRow": "No",
        "Existing": 64.6999969,
        "Proposed": 64.9000015,
        "Impact": "No",
        "Barrier": 60.2000008,
        "Benefited": "No",
        "ELEVATION": 525.413025,
        "Section": "NSAF",
        "Reduction": 4.8000030517578125,
        "x": 5269561.789932549,
        "y": 4281977.7501019835,
        "MapSection": null,
        "Latitude": 39.076352479999997,
        "Longitude": -84.523240209999997
      }
    },
    {
      "type": "Feature",
      "id": 926,
      "geometry": {
        "type": "Point",
        "coordinates": [-84.522981763331757, 39.07644528195879]
      },
      "properties": {
        "OBJECTID": 926,
        "Receiver": "F13303",
        "DU": 3,
        "FrontRow": "No",
        "Existing": 66.3000031,
        "Proposed": 66,
        "Impact": "Yes",
        "Barrier": 61.5999985,
        "Benefited": "No",
        "ELEVATION": 526.208984,
        "Section": "NSAF",
        "Reduction": 4.6000022888183594,
        "x": 5269636.0601252168,
        "y": 4282009.7999066412,
        "MapSection": null,
        "Latitude": 39.076437779999999,
        "Longitude": -84.522977179999998
      }
    },
    {
      "type": "Feature",
      "id": 927,
      "geometry": {
        "type": "Point",
        "coordinates": [-84.522807022807527, 39.076472620478555]
      },
      "properties": {
        "OBJECTID": 927,
        "Receiver": "F13402",
        "DU": 2,
        "FrontRow": "No",
        "Existing": 66.6999969,
        "Proposed": 66.1999969,
        "Impact": "Yes",
        "Barrier": 61.9000015,
        "Benefited": "No",
        "ELEVATION": 522.406006,
        "Section": "NSAF",
        "Reduction": 4.3000030517578125,
        "x": 5269685.5400131345,
        "y": 4282020.4101216495,
        "MapSection": null,
        "Latitude": 39.076465110000001,
        "Longitude": -84.522802440000007
      }
    },
    {
      "type": "Feature",
      "id": 928,
      "geometry": {
        "type": "Point",
        "coordinates": [-84.522673856169391, 39.07647416562564]
      },
      "properties": {
        "OBJECTID": 928,
        "Receiver": "F13502",
        "DU": 2,
        "FrontRow": "No",
        "Existing": 66.4000015,
        "Proposed": 65.6999969,
        "Impact": "No",
        "Barrier": 61.9000015,
        "Benefited": "No",
        "ELEVATION": 518.593994,
        "Section": "NSAF",
        "Reduction": 3.9000015258789062,
        "x": 5269723.3401343822,
        "y": 4282021.4701588899,
        "MapSection": null,
        "Latitude": 39.076466660000001,
        "Longitude": -84.522669269999994
      }
    },
    {
      "type": "Feature",
      "id": 929,
      "geometry": {
        "type": "Point",
        "coordinates": [-84.523559790672977, 39.076336995075742]
      },
      "properties": {
        "OBJECTID": 929,
        "Receiver": "F13601",
        "DU": 1,
        "FrontRow": "No",
        "Existing": 61.5,
        "Proposed": 61.5999985,
        "Impact": "No",
        "Barrier": 57.4000015,
        "Benefited": "No",
        "ELEVATION": 512.625,
        "Section": "NSAF",
        "Reduction": 4,
        "x": 5269472.469901219,
        "y": 4281968.1999242306,
        "MapSection": null,
        "Latitude": 39.076329489999999,
        "Longitude": -84.523555200000004
      }
    },
    {
      "type": "Feature",
      "id": 930,
      "geometry": {
        "type": "Point",
        "coordinates": [-84.523576434740534, 39.076463291087912]
      },
      "properties": {
        "OBJECTID": 930,
        "Receiver": "F13701",
        "DU": 1,
        "FrontRow": "No",
        "Existing": 61.7999992,
        "Proposed": 61.5999985,
        "Impact": "No",
        "Barrier": 57.2000008,
        "Benefited": "No",
        "ELEVATION": 511.481995,
        "Section": "NSAF",
        "Reduction": 4.5999984741210938,
        "x": 5269467.1398593932,
        "y": 4282014.1401210576,
        "MapSection": null,
        "Latitude": 39.076455789999997,
        "Longitude": -84.523571849999996
      }
    },
    {
      "type": "Feature",
      "id": 931,
      "geometry": {
        "type": "Point",
        "coordinates": [-84.52360118204524, 39.076562296940331]
      },
      "properties": {
        "OBJECTID": 931,
        "Receiver": "F13801",
        "DU": 1,
        "FrontRow": "No",
        "Existing": 61.9000015,
        "Proposed": 61.5,
        "Impact": "No",
        "Barrier": 57.0999985,
        "Benefited": "No",
        "ELEVATION": 509.987,
        "Section": "NSAF",
        "Reduction": 4.5999984741210938,
        "x": 5269459.6398743838,
        "y": 4282050.1098653972,
        "MapSection": null,
        "Latitude": 39.076554790000003,
        "Longitude": -84.523596600000005
      }
    },
    {
      "type": "Feature",
      "id": 932,
      "geometry": {
        "type": "Point",
        "coordinates": [-84.52358956777789, 39.076622303432963]
      },
      "properties": {
        "OBJECTID": 932,
        "Receiver": "F13901",
        "DU": 1,
        "FrontRow": "No",
        "Existing": 62.2000008,
        "Proposed": 61.5,
        "Impact": "No",
        "Barrier": 57.0999985,
        "Benefited": "No",
        "ELEVATION": 509.606995,
        "Section": "NSAF",
        "Reduction": 4.2999992370605469,
        "x": 5269462.6500389725,
        "y": 4282072.0100840628,
        "MapSection": null,
        "Latitude": 39.076614800000002,
        "Longitude": -84.523584979999995
      }
    },
    {
      "type": "Feature",
      "id": 933,
      "geometry": {
        "type": "Point",
        "coordinates": [-84.523599075720469, 39.076687219998135]
      },
      "properties": {
        "OBJECTID": 933,
        "Receiver": "F14001",
        "DU": 1,
        "FrontRow": "No",
        "Existing": 62.5,
        "Proposed": 61.5999985,
        "Impact": "No",
        "Barrier": 57.2000008,
        "Benefited": "No",
        "ELEVATION": 509.053986,
        "Section": "NSAF",
        "Reduction": 4.2999992370605469,
        "x": 5269459.6398743838,
        "y": 4282095.6199449748,
        "MapSection": null,
        "Latitude": 39.076679710000001,
        "Longitude": -84.523594489999994
      }
    },
    {
      "type": "Feature",
      "id": 934,
      "geometry": {
        "type": "Point",
        "coordinates": [-84.523448001885981, 39.076668678257406]
      },
      "properties": {
        "OBJECTID": 934,
        "Receiver": "F14102",
        "DU": 2,
        "FrontRow": "No",
        "Existing": 62.5,
        "Proposed": 61.7000008,
        "Impact": "No",
        "Barrier": 57.2000008,
        "Benefited": "No",
        "ELEVATION": 507.475006,
        "Section": "NSAF",
        "Reduction": 4.2999992370605469,
        "x": 5269502.620103389,
        "y": 4282089.4299967289,
        "MapSection": null,
        "Latitude": 39.076661170000001,
        "Longitude": -84.523443420000007
      }
    },
    {
      "type": "Feature",
      "id": 935,
      "geometry": {
        "type": "Point",
        "coordinates": [-84.523365508840271, 39.076735645360827]
      },
      "properties": {
        "OBJECTID": 935,
        "Receiver": "F14201",
        "DU": 1,
        "FrontRow": "No",
        "Existing": 61.5999985,
        "Proposed": 61.4000015,
        "Impact": "No",
        "Barrier": 57,
        "Benefited": "No",
        "ELEVATION": 504.53299,
        "Section": "NSAF",
        "Reduction": 4.2000007629394531,
        "x": 5269525.7201227993,
        "y": 4282114.1300785542,
        "MapSection": null,
        "Latitude": 39.07672814,
        "Longitude": -84.523360920000002
      }
    },
    {
      "type": "Feature",
      "id": 936,
      "geometry": {
        "type": "Point",
        "coordinates": [-84.52326808193051, 39.076733686019395]
      },
      "properties": {
        "OBJECTID": 936,
        "Receiver": "F14301",
        "DU": 1,
        "FrontRow": "No",
        "Existing": 62,
        "Proposed": 61.7000008,
        "Impact": "No",
        "Barrier": 57.2999992,
        "Benefited": "No",
        "ELEVATION": 503.471985,
        "Section": "NSAF",
        "Reduction": 4.2000007629394531,
        "x": 5269553.3900149763,
        "y": 4282113.7800136507,
        "MapSection": null,
        "Latitude": 39.076726180000001,
        "Longitude": -84.523263499999999
      }
    },
    {
      "type": "Feature",
      "id": 937,
      "geometry": {
        "type": "Point",
        "coordinates": [-84.523163776999766, 39.076746865827126]
      },
      "properties": {
        "OBJECTID": 937,
        "Receiver": "F14402",
        "DU": 2,
        "FrontRow": "No",
        "Existing": 62.4000015,
        "Proposed": 62.0999985,
        "Impact": "No",
        "Barrier": 57.7000008,
        "Benefited": "No",
        "ELEVATION": 502.476013,
        "Section": "NSAF",
        "Reduction": 4.1000022888183594,
        "x": 5269582.9401527196,
        "y": 4282118.9699638933,
        "MapSection": null,
        "Latitude": 39.076739359999998,
        "Longitude": -84.523159190000001
      }
    },
    {
      "type": "Feature",
      "id": 938,
      "geometry": {
        "type": "Point",
        "coordinates": [-84.523066043944326, 39.076779770406958]
      },
      "properties": {
        "OBJECTID": 938,
        "Receiver": "F14501",
        "DU": 1,
        "FrontRow": "No",
        "Existing": 62.7999992,
        "Proposed": 62.4000015,
        "Impact": "No",
        "Barrier": 58,
        "Benefited": "No",
        "ELEVATION": 501.678986,
        "Section": "NSAF",
        "Reduction": 4.2000007629394531,
        "x": 5269610.5299925506,
        "y": 4282131.3200048059,
        "MapSection": null,
        "Latitude": 39.076772259999998,
        "Longitude": -84.523061459999994
      }
    },
    {
      "type": "Feature",
      "id": 939,
      "geometry": {
        "type": "Point",
        "coordinates": [-84.522919083254436, 39.076822300854175]
      },
      "properties": {
        "OBJECTID": 939,
        "Receiver": "F14601",
        "DU": 1,
        "FrontRow": "No",
        "Existing": 62.9000015,
        "Proposed": 62.4000015,
        "Impact": "No",
        "Barrier": 58.0999985,
        "Benefited": "No",
        "ELEVATION": 498.872009,
        "Section": "NSAF",
        "Reduction": 4.2999992370605469,
        "x": 5269652.0499226302,
        "y": 4282147.3599989712,
        "MapSection": null,
        "Latitude": 39.07681479,
        "Longitude": -84.522914499999999
      }
    },
    {
      "type": "Feature",
      "id": 940,
      "geometry": {
        "type": "Point",
        "coordinates": [-84.52282558342101, 39.076846407971438]
      },
      "properties": {
        "OBJECTID": 940,
        "Receiver": "F14701",
        "DU": 1,
        "FrontRow": "No",
        "Existing": 63.0999985,
        "Proposed": 62.5,
        "Impact": "No",
        "Barrier": 58.2000008,
        "Benefited": "No",
        "ELEVATION": 497.718994,
        "Section": "NSAF",
        "Reduction": 4.3000030517578125,
        "x": 5269678.4799878895,
        "y": 4282156.4899019748,
        "MapSection": null,
        "Latitude": 39.076838899999998,
        "Longitude": -84.522820999999993
      }
    },
    {
      "type": "Feature",
      "id": 941,
      "geometry": {
        "type": "Point",
        "coordinates": [-84.522723674897335, 39.076842810661873]
      },
      "properties": {
        "OBJECTID": 941,
        "Receiver": "F14801",
        "DU": 1,
        "FrontRow": "No",
        "Existing": 63.2000008,
        "Proposed": 62.7999992,
        "Impact": "No",
        "Barrier": 58.2000008,
        "Benefited": "No",
        "ELEVATION": 496.406006,
        "Section": "NSAF",
        "Reduction": 4.5,
        "x": 5269707.4300612211,
        "y": 4282155.5601138175,
        "MapSection": null,
        "Latitude": 39.076835299999999,
        "Longitude": -84.522719089999995
      }
    },
    {
      "type": "Feature",
      "id": 942,
      "geometry": {
        "type": "Point",
        "coordinates": [-84.522669150791586, 39.076894991200078]
      },
      "properties": {
        "OBJECTID": 942,
        "Receiver": "F14901",
        "DU": 1,
        "FrontRow": "No",
        "Existing": 63.2999992,
        "Proposed": 62.9000015,
        "Impact": "No",
        "Barrier": 58.5999985,
        "Benefited": "No",
        "ELEVATION": 496.380005,
        "Section": "NSAF",
        "Reduction": 4.5,
        "x": 5269722.6600176394,
        "y": 4282174.7700491399,
        "MapSection": null,
        "Latitude": 39.076887489999997,
        "Longitude": -84.522664570000003
      }
    },
    {
      "type": "Feature",
      "id": 943,
      "geometry": {
        "type": "Point",
        "coordinates": [-84.522573350837945, 39.07691350173036]
      },
      "properties": {
        "OBJECTID": 943,
        "Receiver": "F15001",
        "DU": 1,
        "FrontRow": "No",
        "Existing": 63.7000008,
        "Proposed": 63.2999992,
        "Impact": "No",
        "Barrier": 58.9000015,
        "Benefited": "No",
        "ELEVATION": 495.692993,
        "Section": "NSAF",
        "Reduction": 4.6000022888183594,
        "x": 5269749.7698715478,
        "y": 4282181.8701005578,
        "MapSection": null,
        "Latitude": 39.076906000000001,
        "Longitude": -84.522568770000007
      }
    },
    {
      "type": "Feature",
      "id": 944,
      "geometry": {
        "type": "Point",
        "coordinates": [-84.522485904701682, 39.076910710926619]
      },
      "properties": {
        "OBJECTID": 944,
        "Receiver": "F15101",
        "DU": 1,
        "FrontRow": "No",
        "Existing": 64.3000031,
        "Proposed": 63.7000008,
        "Impact": "No",
        "Barrier": 58.9000015,
        "Benefited": "No",
        "ELEVATION": 495.483002,
        "Section": "NSAF",
        "Reduction": 4.7999992370605469,
        "x": 5269774.6100449711,
        "y": 4282181.1801413149,
        "MapSection": null,
        "Latitude": 39.076903209999998,
        "Longitude": -84.522481319999997
      }
    },
    {
      "type": "Feature",
      "id": 945,
      "geometry": {
        "type": "Point",
        "coordinates": [-84.522420149131747, 39.076920853559386]
      },
      "properties": {
        "OBJECTID": 945,
        "Receiver": "F15201",
        "DU": 1,
        "FrontRow": "No",
        "Existing": 64.4000015,
        "Proposed": 64,
        "Impact": "No",
        "Barrier": 59.0999985,
        "Benefited": "No",
        "ELEVATION": 495.003998,
        "Section": "NSAF",
        "Reduction": 4.8000030517578125,
        "x": 5269793.2300864756,
        "y": 4282185.1200940609,
        "MapSection": null,
        "Latitude": 39.076913349999998,
        "Longitude": -84.522415559999999
      }
    },
    {
      "type": "Feature",
      "id": 946,
      "geometry": {
        "type": "Point",
        "coordinates": [-84.522273806183492, 39.076951803474017]
      },
      "properties": {
        "OBJECTID": 946,
        "Receiver": "F15301-F",
        "DU": 1,
        "FrontRow": "Yes",
        "Existing": 65.5,
        "Proposed": 64.5999985,
        "Impact": "No",
        "Barrier": 60,
        "Benefited": "No",
        "ELEVATION": 494.419006,
        "Section": "NSAF",
        "Reduction": 4.9000015258789062,
        "x": 5269834.6299380511,
        "y": 4282196.9399523139,
        "MapSection": null,
        "Latitude": 39.076944300000001,
        "Longitude": -84.522269219999998
      }
    },
    {
      "type": "Feature",
      "id": 947,
      "geometry": {
        "type": "Point",
        "coordinates": [-84.520897255286329, 39.076959257850618]
      },
      "properties": {
        "OBJECTID": 947,
        "Receiver": "F15401-F",
        "DU": 1,
        "FrontRow": "No",
        "Existing": 76.3000031,
        "Proposed": 74.6999969,
        "Impact": "Yes",
        "Barrier": 69.5999985,
        "Benefited": "Yes",
        "ELEVATION": 510.279999,
        "Section": "NSAF",
        "Reduction": 5.0999984741210938,
        "x": 5270225.4099963903,
        "y": 4282204.7998447269,
        "MapSection": null,
        "Latitude": 39.076951749999999,
        "Longitude": -84.520892669999995
      }
    },
    {
      "type": "Feature",
      "id": 948,
      "geometry": {
        "type": "Point",
        "coordinates": [-84.521094814228235, 39.076828132912141]
      },
      "properties": {
        "OBJECTID": 948,
        "Receiver": "F15501",
        "DU": 1,
        "FrontRow": "No",
        "Existing": 74.1999969,
        "Proposed": 74.1999969,
        "Impact": "Yes",
        "Barrier": 69.9000015,
        "Benefited": "No",
        "ELEVATION": 517.294983,
        "Section": "NSAF",
        "Reduction": 4.7000045776367188,
        "x": 5270169.9501335472,
        "y": 4282156.2999417335,
        "MapSection": null,
        "Latitude": 39.07682063,
        "Longitude": -84.521090229999999
      }
    },
    {
      "type": "Feature",
      "id": 949,
      "geometry": {
        "type": "Point",
        "coordinates": [-84.521352663439345, 39.076503716479642]
      },
      "properties": {
        "OBJECTID": 949,
        "Receiver": "F15606",
        "DU": 1,
        "FrontRow": "Yes",
        "Existing": 72,
        "Proposed": 72.1999969,
        "Impact": "Yes",
        "Barrier": 67.5,
        "Benefited": "No",
        "ELEVATION": 520.007996,
        "Section": "NSAF",
        "Reduction": 4.9000015258789062,
        "x": 5270098.3000143915,
        "y": 4282037.1699306369,
        "MapSection": null,
        "Latitude": 39.076496210000002,
        "Longitude": -84.521348079999996
      }
    },
    {
      "type": "Feature",
      "id": 950,
      "geometry": {
        "type": "Point",
        "coordinates": [-84.521962894242947, 39.076261406862287]
      },
      "properties": {
        "OBJECTID": 950,
        "Receiver": "F15701",
        "DU": 1,
        "FrontRow": "No",
        "Existing": 70.5,
        "Proposed": 69.5999985,
        "Impact": "Yes",
        "Barrier": 65.8000031,
        "Benefited": "No",
        "ELEVATION": 526.517029,
        "Section": "NSAF",
        "Reduction": 4.1999969482421875,
        "x": 5269926.2101354748,
        "y": 4281946.6300854832,
        "MapSection": null,
        "Latitude": 39.076253899999998,
        "Longitude": -84.521958310000002
      }
    },
    {
      "type": "Feature",
      "id": 951,
      "geometry": {
        "type": "Point",
        "coordinates": [-84.522073382761278, 39.076288786520429]
      },
      "properties": {
        "OBJECTID": 951,
        "Receiver": "F15801",
        "DU": 6,
        "FrontRow": "No",
        "Existing": 71.0999985,
        "Proposed": 69.9000015,
        "Impact": "Yes",
        "Barrier": 66.9000015,
        "Benefited": "No",
        "ELEVATION": 527.044006,
        "Section": "NSAF",
        "Reduction": 3.4000015258789062,
        "x": 5269894.7098703831,
        "y": 4281956.1901057214,
        "MapSection": null,
        "Latitude": 39.076281280000003,
        "Longitude": -84.5220688
      }
    },
    {
      "type": "Feature",
      "id": 952,
      "geometry": {
        "type": "Point",
        "coordinates": [-84.522008259264737, 39.076048717255418]
      },
      "properties": {
        "OBJECTID": 952,
        "Receiver": "F15904",
        "DU": 1,
        "FrontRow": "No",
        "Existing": 66.8000031,
        "Proposed": 67,
        "Impact": "Yes",
        "Barrier": 63.2000008,
        "Benefited": "No",
        "ELEVATION": 520.184021,
        "Section": "NSAF",
        "Reduction": 4.5,
        "x": 5269914.3499229699,
        "y": 4281868.990148887,
        "MapSection": null,
        "Latitude": 39.07604121,
        "Longitude": -84.522003670000004
      }
    },
    {
      "type": "Feature",
      "id": 953,
      "geometry": {
        "type": "Point",
        "coordinates": [-84.522162665703078, 39.076128435634601]
      },
      "properties": {
        "OBJECTID": 953,
        "Receiver": "F16001",
        "DU": 1,
        "FrontRow": "No",
        "Existing": 67.9000015,
        "Proposed": 68.1999969,
        "Impact": "Yes",
        "Barrier": 64.0999985,
        "Benefited": "No",
        "ELEVATION": 527.039978,
        "Section": "NSAF",
        "Reduction": 4.5,
        "x": 5269870.1298670471,
        "y": 4281897.450065732,
        "MapSection": null,
        "Latitude": 39.076120930000002,
        "Longitude": -84.522158079999997
      }
    },
    {
      "type": "Feature",
      "id": 954,
      "geometry": {
        "type": "Point",
        "coordinates": [-84.522134951883871, 39.075977811530088]
      },
      "properties": {
        "OBJECTID": 954,
        "Receiver": "F16101",
        "DU": 4,
        "FrontRow": "No",
        "Existing": 66.6999969,
        "Proposed": 67.4000015,
        "Impact": "Yes",
        "Barrier": 63.2000008,
        "Benefited": "No",
        "ELEVATION": 521.679993,
        "Section": "NSAF",
        "Reduction": 4.5,
        "x": 5269878.7200729698,
        "y": 4281842.6900046468,
        "MapSection": null,
        "Latitude": 39.075970310000002,
        "Longitude": -84.522130369999999
      }
    },
    {
      "type": "Feature",
      "id": 955,
      "geometry": {
        "type": "Point",
        "coordinates": [-84.522231094282517, 39.076082986741469]
      },
      "properties": {
        "OBJECTID": 955,
        "Receiver": "F16202",
        "DU": 1,
        "FrontRow": "No",
        "Existing": 67.1999969,
        "Proposed": 67.6999969,
        "Impact": "Yes",
        "Barrier": 64,
        "Benefited": "No",
        "ELEVATION": 526.901978,
        "Section": "NSAF",
        "Reduction": 4.5,
        "x": 5269850.9199317247,
        "y": 4281880.6400599778,
        "MapSection": null,
        "Latitude": 39.07607548,
        "Longitude": -84.522226509999996
      }
    },
    {
      "type": "Feature",
      "id": 956,
      "geometry": {
        "type": "Point",
        "coordinates": [-84.522297471981233, 39.076021291035588]
      },
      "properties": {
        "OBJECTID": 956,
        "Receiver": "F16301",
        "DU": 1,
        "FrontRow": "No",
        "Existing": 66.1999969,
        "Proposed": 67.1999969,
        "Impact": "Yes",
        "Barrier": 63.5,
        "Benefited": "No",
        "ELEVATION": 525.093018,
        "Section": "NSAF",
        "Reduction": 4.2000045776367188,
        "x": 5269832.3701000512,
        "y": 4281857.9199610651,
        "MapSection": null,
        "Latitude": 39.076013789999998,
        "Longitude": -84.522292890000003
      }
    },
    {
      "type": "Feature",
      "id": 957,
      "geometry": {
        "type": "Point",
        "coordinates": [-84.522394503560946, 39.076032032839741]
      },
      "properties": {
        "OBJECTID": 957,
        "Receiver": "F16405",
        "DU": 2,
        "FrontRow": "No",
        "Existing": 65.8000031,
        "Proposed": 66.3000031,
        "Impact": "Yes",
        "Barrier": 63.0999985,
        "Benefited": "No",
        "ELEVATION": 525.237976,
        "Section": "NSAF",
        "Reduction": 4,
        "x": 5269804.7700896412,
        "y": 4281861.4701508135,
        "MapSection": null,
        "Latitude": 39.076024529999998,
        "Longitude": -84.522389919999995
      }
    },
    {
      "type": "Feature",
      "id": 958,
      "geometry": {
        "type": "Point",
        "coordinates": [-84.522338219156595, 39.075965262868131]
      },
      "properties": {
        "OBJECTID": 958,
        "Receiver": "F16502",
        "DU": 1,
        "FrontRow": "No",
        "Existing": 65.5,
        "Proposed": 66.8000031,
        "Impact": "Yes",
        "Barrier": 63.2000008,
        "Benefited": "No",
        "ELEVATION": 524.231018,
        "Section": "NSAF",
        "Reduction": 4,
        "x": 5269821.0699258,
        "y": 4281837.3599628061,
        "MapSection": null,
        "Latitude": 39.075957760000001,
        "Longitude": -84.522333630000006
      }
    },
    {
      "type": "Feature",
      "id": 959,
      "geometry": {
        "type": "Point",
        "coordinates": [-84.521023921493239, 39.076621223734477]
      },
      "properties": {
        "OBJECTID": 959,
        "Receiver": "F16601",
        "DU": 5,
        "FrontRow": "No",
        "Existing": 74.4000015,
        "Proposed": 74.5,
        "Impact": "Yes",
        "Barrier": 69.5999985,
        "Benefited": "Yes",
        "ELEVATION": 520.651001,
        "Section": "NSAF",
        "Reduction": 5.7999954223632812,
        "x": 5270191.069841966,
        "y": 4282081.2000263035,
        "MapSection": null,
        "Latitude": 39.076613719999997,
        "Longitude": -84.521019339999995
      }
    },
    {
      "type": "Feature",
      "id": 960,
      "geometry": {
        "type": "Point",
        "coordinates": [-84.520868107858803, 39.076670606321528]
      },
      "properties": {
        "OBJECTID": 960,
        "Receiver": "F16701",
        "DU": 2,
        "FrontRow": "No",
        "Existing": 75.5999985,
        "Proposed": 75.5999985,
        "Impact": "Yes",
        "Barrier": 70.4000015,
        "Benefited": "Yes",
        "ELEVATION": 518.122986,
        "Section": "NSAF",
        "Reduction": 5.7999954223632812,
        "x": 5270235.0700820535,
        "y": 4282099.7698710561,
        "MapSection": null,
        "Latitude": 39.076663099999998,
        "Longitude": -84.520863520000006
      }
    },
    {
      "type": "Feature",
      "id": 961,
      "geometry": {
        "type": "Point",
        "coordinates": [-84.520692822950878, 39.076759268643485]
      },
      "properties": {
        "OBJECTID": 961,
        "Receiver": "F16802",
        "DU": 1,
        "FrontRow": "No",
        "Existing": 77,
        "Proposed": 74.5999985,
        "Impact": "Yes",
        "Barrier": 69.5,
        "Benefited": "Yes",
        "ELEVATION": 510.083008,
        "Section": "NSAF",
        "Reduction": 7.899993896484375,
        "x": 5270284.409878388,
        "y": 4282132.7199364007,
        "MapSection": null,
        "Latitude": 39.076751760000001,
        "Longitude": -84.520688239999998
      }
    },
    {
      "type": "Feature",
      "id": 962,
      "geometry": {
        "type": "Point",
        "coordinates": [-84.520587507841356, 39.076763403324655]
      },
      "properties": {
        "OBJECTID": 962,
        "Receiver": "F16901-F",
        "DU": 1,
        "FrontRow": "No",
        "Existing": 76.5,
        "Proposed": 73.1999969,
        "Impact": "Yes",
        "Barrier": 68,
        "Benefited": "Yes",
        "ELEVATION": 503.299988,
        "Section": "NSAF",
        "Reduction": 11.900001525878906,
        "x": 5270314.2900679708,
        "y": 4282134.6198669821,
        "MapSection": null,
        "Latitude": 39.076755900000002,
        "Longitude": -84.520582919999995
      }
    },
    {
      "type": "Feature",
      "id": 963,
      "geometry": {
        "type": "Point",
        "coordinates": [-84.520429637223202, 39.076194851141828]
      },
      "properties": {
        "OBJECTID": 963,
        "Receiver": "F17001-F",
        "DU": 2,
        "FrontRow": "No",
        "Existing": 75.3000031,
        "Proposed": 73.4000015,
        "Impact": "Yes",
        "Barrier": 69.6999969,
        "Benefited": "Yes",
        "ELEVATION": 499.415009,
        "Section": "NSAF",
        "Reduction": 6.3000030517578125,
        "x": 5270361.839841634,
        "y": 4281928.1199518889,
        "MapSection": null,
        "Latitude": 39.076187349999998,
        "Longitude": -84.52042505
      }
    },
    {
      "type": "Feature",
      "id": 964,
      "geometry": {
        "type": "Point",
        "coordinates": [-84.520546513167673, 39.076194267111276]
      },
      "properties": {
        "OBJECTID": 964,
        "Receiver": "F17101",
        "DU": 1,
        "FrontRow": "Yes",
        "Existing": 75.3000031,
        "Proposed": 73.1999969,
        "Impact": "Yes",
        "Barrier": 69.5999985,
        "Benefited": "Yes",
        "ELEVATION": 501.997986,
        "Section": "NSAF",
        "Reduction": 5,
        "x": 5270328.6601179689,
        "y": 4281927.4700188041,
        "MapSection": null,
        "Latitude": 39.076186759999999,
        "Longitude": -84.520541929999993
      }
    },
    {
      "type": "Feature",
      "id": 965,
      "geometry": {
        "type": "Point",
        "coordinates": [-84.520618831558068, 39.076156327026538]
      },
      "properties": {
        "OBJECTID": 965,
        "Receiver": "F17201",
        "DU": 1,
        "FrontRow": "Yes",
        "Existing": 74.5999985,
        "Proposed": 73,
        "Impact": "Yes",
        "Barrier": 69.9000015,
        "Benefited": "Yes",
        "ELEVATION": 503.821991,
        "Section": "NSAF",
        "Reduction": 5,
        "x": 5270308.3100930601,
        "y": 4281913.3801519722,
        "MapSection": null,
        "Latitude": 39.07614882,
        "Longitude": -84.520614249999994
      }
    },
    {
      "type": "Feature",
      "id": 966,
      "geometry": {
        "type": "Point",
        "coordinates": [-84.520785960449217, 39.076060469795245]
      },
      "properties": {
        "OBJECTID": 966,
        "Receiver": "F17301",
        "DU": 1,
        "FrontRow": "No",
        "Existing": 73.5999985,
        "Proposed": 72.8000031,
        "Impact": "Yes",
        "Barrier": 69.1999969,
        "Benefited": "No",
        "ELEVATION": 506.588013,
        "Section": "NSAF",
        "Reduction": 3.7999954223632812,
        "x": 5270261.3200295568,
        "y": 4281877.8398687243,
        "MapSection": null,
        "Latitude": 39.076052959999998,
        "Longitude": -84.520781380000003
      }
    },
    {
      "type": "Feature",
      "id": 967,
      "geometry": {
        "type": "Point",
        "coordinates": [-84.520892817929465, 39.076137945183326]
      },
      "properties": {
        "OBJECTID": 967,
        "Receiver": "F17401",
        "DU": 1,
        "FrontRow": "No",
        "Existing": 73.5,
        "Proposed": 73.5,
        "Impact": "Yes",
        "Barrier": 69.4000015,
        "Benefited": "No",
        "ELEVATION": 512.614014,
        "Section": "NSAF",
        "Reduction": 3.7999954223632812,
        "x": 5270230.6101172268,
        "y": 4281905.6600230634,
        "MapSection": null,
        "Latitude": 39.07613044,
        "Longitude": -84.520888229999997
      }
    },
    {
      "type": "Feature",
      "id": 968,
      "geometry": {
        "type": "Point",
        "coordinates": [-84.520977885009145, 39.076050113745261]
      },
      "properties": {
        "OBJECTID": 968,
        "Receiver": "F17501",
        "DU": 1,
        "FrontRow": "No",
        "Existing": 72.8000031,
        "Proposed": 72.6999969,
        "Impact": "Yes",
        "Barrier": 68.6999969,
        "Benefited": "No",
        "ELEVATION": 513.028015,
        "Section": "NSAF",
        "Reduction": 4.3000030517578125,
        "x": 5270206.879849717,
        "y": 4281873.3500483036,
        "MapSection": null,
        "Latitude": 39.076042610000002,
        "Longitude": -84.520973299999994
      }
    },
    {
      "type": "Feature",
      "id": 969,
      "geometry": {
        "type": "Point",
        "coordinates": [-84.521095568535046, 39.076022576830695]
      },
      "properties": {
        "OBJECTID": 969,
        "Receiver": "F17601",
        "DU": 1,
        "FrontRow": "No",
        "Existing": 71.5,
        "Proposed": 71.4000015,
        "Impact": "Yes",
        "Barrier": 67.0999985,
        "Benefited": "No",
        "ELEVATION": 512.64801,
        "Section": "NSAF",
        "Reduction": 4.399993896484375,
        "x": 5270173.6000606418,
        "y": 4281862.8799248934,
        "MapSection": null,
        "Latitude": 39.076015069999997,
        "Longitude": -84.521090979999997
      }
    },
    {
      "type": "Feature",
      "id": 970,
      "geometry": {
        "type": "Point",
        "coordinates": [-84.52116052924805, 39.075948980268372]
      },
      "properties": {
        "OBJECTID": 970,
        "Receiver": "F17701",
        "DU": 1,
        "FrontRow": "No",
        "Existing": 70.9000015,
        "Proposed": 70.6999969,
        "Impact": "Yes",
        "Barrier": 66.5,
        "Benefited": "No",
        "ELEVATION": 511.132996,
        "Section": "NSAF",
        "Reduction": 4.5,
        "x": 5270155.509873718,
        "y": 4281835.8301102221,
        "MapSection": null,
        "Latitude": 39.075941469999997,
        "Longitude": -84.52115594
      }
    },
    {
      "type": "Feature",
      "id": 971,
      "geometry": {
        "type": "Point",
        "coordinates": [-84.521258309324466, 39.075929969669033]
      },
      "properties": {
        "OBJECTID": 971,
        "Receiver": "F17801",
        "DU": 1,
        "FrontRow": "No",
        "Existing": 70.1999969,
        "Proposed": 70,
        "Impact": "Yes",
        "Barrier": 66,
        "Benefited": "No",
        "ELEVATION": 512.89801,
        "Section": "NSAF",
        "Reduction": 4.399993896484375,
        "x": 5270127.8399815559,
        "y": 4281828.5400985628,
        "MapSection": null,
        "Latitude": 39.075922460000001,
        "Longitude": -84.521253720000004
      }
    },
    {
      "type": "Feature",
      "id": 972,
      "geometry": {
        "type": "Point",
        "coordinates": [-84.521377475807114, 39.075831313469067]
      },
      "properties": {
        "OBJECTID": 972,
        "Receiver": "F17901",
        "DU": 1,
        "FrontRow": "No",
        "Existing": 69.3000031,
        "Proposed": 69.0999985,
        "Impact": "Yes",
        "Barrier": 65.0999985,
        "Benefited": "No",
        "ELEVATION": 511.050995,
        "Section": "NSAF",
        "Reduction": 4.4000015258789062,
        "x": 5270094.4801401347,
        "y": 4281792.1599219739,
        "MapSection": null,
        "Latitude": 39.075823810000003,
        "Longitude": -84.521372889999995
      }
    },
    {
      "type": "Feature",
      "id": 973,
      "geometry": {
        "type": "Point",
        "coordinates": [-84.521483551642092, 39.07580914879847]
      },
      "properties": {
        "OBJECTID": 973,
        "Receiver": "F18001",
        "DU": 1,
        "FrontRow": "No",
        "Existing": 68.3000031,
        "Proposed": 68.3000031,
        "Impact": "Yes",
        "Barrier": 64.4000015,
        "Benefited": "No",
        "ELEVATION": 509.81601,
        "Section": "NSAF",
        "Reduction": 4.4000015258789062,
        "x": 5270064.4700295478,
        "y": 4281783.6901226491,
        "MapSection": null,
        "Latitude": 39.075801640000002,
        "Longitude": -84.521478970000004
      }
    },
    {
      "type": "Feature",
      "id": 974,
      "geometry": {
        "type": "Point",
        "coordinates": [-84.521561950885953, 39.075805285703311]
      },
      "properties": {
        "OBJECTID": 974,
        "Receiver": "F18101",
        "DU": 1,
        "FrontRow": "No",
        "Existing": 68.3000031,
        "Proposed": 68.1999969,
        "Impact": "Yes",
        "Barrier": 64.1999969,
        "Benefited": "No",
        "ELEVATION": 513.346985,
        "Section": "NSAF",
        "Reduction": 4.600006103515625,
        "x": 5270042.2299165577,
        "y": 4281781.989994809,
        "MapSection": null,
        "Latitude": 39.075797780000002,
        "Longitude": -84.521557369999996
      }
    },
    {
      "type": "Feature",
      "id": 975,
      "geometry": {
        "type": "Point",
        "coordinates": [-84.521641480680188, 39.075776148871597]
      },
      "properties": {
        "OBJECTID": 975,
        "Receiver": "F18201",
        "DU": 1,
        "FrontRow": "No",
        "Existing": 67.9000015,
        "Proposed": 67.8000031,
        "Impact": "Yes",
        "Barrier": 63.7999992,
        "Benefited": "No",
        "ELEVATION": 513.695007,
        "Section": "NSAF",
        "Reduction": 4.5,
        "x": 5270019.7900008112,
        "y": 4281771.0799116492,
        "MapSection": null,
        "Latitude": 39.07576864,
        "Longitude": -84.521636900000004
      }
    },
    {
      "type": "Feature",
      "id": 976,
      "geometry": {
        "type": "Point",
        "coordinates": [-84.521751825658143, 39.075763938496742]
      },
      "properties": {
        "OBJECTID": 976,
        "Receiver": "F18301",
        "DU": 1,
        "FrontRow": "No",
        "Existing": 67.4000015,
        "Proposed": 67.1999969,
        "Impact": "Yes",
        "Barrier": 63.2999992,
        "Benefited": "No",
        "ELEVATION": 514.606018,
        "Section": "NSAF",
        "Reduction": 4.5,
        "x": 5269988.5200502276,
        "y": 4281766.220013231,
        "MapSection": null,
        "Latitude": 39.075756429999998,
        "Longitude": -84.521747239999996
      }
    },
    {
      "type": "Feature",
      "id": 977,
      "geometry": {
        "type": "Point",
        "coordinates": [-84.52204118870884, 39.075735965900243]
      },
      "properties": {
        "OBJECTID": 977,
        "Receiver": "F18405",
        "DU": 1,
        "FrontRow": "No",
        "Existing": 67.3000031,
        "Proposed": 66.6999969,
        "Impact": "Yes",
        "Barrier": 63.0999985,
        "Benefited": "No",
        "ELEVATION": 517.327026,
        "Section": "NSAF",
        "Reduction": 4.5,
        "x": 5269906.499873057,
        "y": 4281754.9500226378,
        "MapSection": null,
        "Latitude": 39.075728460000001,
        "Longitude": -84.522036600000007
      }
    },
    {
      "type": "Feature",
      "id": 978,
      "geometry": {
        "type": "Point",
        "coordinates": [-84.521994812735301, 39.075443184476754]
      },
      "properties": {
        "OBJECTID": 978,
        "Receiver": "F18501",
        "DU": 1,
        "FrontRow": "No",
        "Existing": 66.6999969,
        "Proposed": 66,
        "Impact": "Yes",
        "Barrier": 62.4000015,
        "Benefited": "No",
        "ELEVATION": 518.218994,
        "Section": "NSAF",
        "Reduction": 4.2999992370605469,
        "x": 5269921.0700538903,
        "y": 4281648.4800912291,
        "MapSection": null,
        "Latitude": 39.075435679999998,
        "Longitude": -84.52199023
      }
    },
    {
      "type": "Feature",
      "id": 979,
      "geometry": {
        "type": "Point",
        "coordinates": [-84.521880978791756, 39.075465984290368]
      },
      "properties": {
        "OBJECTID": 979,
        "Receiver": "F18601",
        "DU": 5,
        "FrontRow": "No",
        "Existing": 67,
        "Proposed": 66.1999969,
        "Impact": "Yes",
        "Barrier": 62.5999985,
        "Benefited": "No",
        "ELEVATION": 516.575012,
        "Section": "NSAF",
        "Reduction": 4.2999992370605469,
        "x": 5269953.2799632251,
        "y": 4281657.2100606412,
        "MapSection": null,
        "Latitude": 39.075458480000002,
        "Longitude": -84.521876390000003
      }
    },
    {
      "type": "Feature",
      "id": 980,
      "geometry": {
        "type": "Point",
        "coordinates": [-84.521725971408472, 39.075561691793034]
      },
      "properties": {
        "OBJECTID": 980,
        "Receiver": "F18701",
        "DU": 1,
        "FrontRow": "No",
        "Existing": 67.4000015,
        "Proposed": 66.9000015,
        "Impact": "Yes",
        "Barrier": 63.2000008,
        "Benefited": "No",
        "ELEVATION": 514.049988,
        "Section": "NSAF",
        "Reduction": 4.399993896484375,
        "x": 5269996.8300729692,
        "y": 4281692.6499504,
        "MapSection": null,
        "Latitude": 39.075554189999998,
        "Longitude": -84.521721389999996
      }
    },
    {
      "type": "Feature",
      "id": 981,
      "geometry": {
        "type": "Point",
        "coordinates": [-84.521635521980429, 39.075582535312009]
      },
      "properties": {
        "OBJECTID": 981,
        "Receiver": "F18801",
        "DU": 1,
        "FrontRow": "No",
        "Existing": 67.8000031,
        "Proposed": 67.1999969,
        "Impact": "Yes",
        "Barrier": 63.5999985,
        "Benefited": "No",
        "ELEVATION": 513.244019,
        "Section": "NSAF",
        "Reduction": 4.4000015258789062,
        "x": 5270022.4100743085,
        "y": 4281700.580052644,
        "MapSection": null,
        "Latitude": 39.075575030000003,
        "Longitude": -84.521630939999994
      }
    },
    {
      "type": "Feature",
      "id": 982,
      "geometry": {
        "type": "Point",
        "coordinates": [-84.521553033590308, 39.075605409632232]
      },
      "properties": {
        "OBJECTID": 982,
        "Receiver": "F18901",
        "DU": 1,
        "FrontRow": "No",
        "Existing": 68.0999985,
        "Proposed": 67.5,
        "Impact": "Yes",
        "Barrier": 64,
        "Benefited": "No",
        "ELEVATION": 512.135986,
        "Section": "NSAF",
        "Reduction": 4.4000015258789062,
        "x": 5270045.720067054,
        "y": 4281709.2201272249,
        "MapSection": null,
        "Latitude": 39.075597899999998,
        "Longitude": -84.521548449999997
      }
    },
    {
      "type": "Feature",
      "id": 983,
      "geometry": {
        "type": "Point",
        "coordinates": [-84.521470428760921, 39.075618480958909]
      },
      "properties": {
        "OBJECTID": 983,
        "Receiver": "F19001",
        "DU": 1,
        "FrontRow": "No",
        "Existing": 68.3000031,
        "Proposed": 67.6999969,
        "Impact": "Yes",
        "Barrier": 64.1999969,
        "Benefited": "No",
        "ELEVATION": 510.865997,
        "Section": "NSAF",
        "Reduction": 4.1999969482421875,
        "x": 5270069.1101121306,
        "y": 4281714.2899989784,
        "MapSection": null,
        "Latitude": 39.07561098,
        "Longitude": -84.521465840000005
      }
    },
    {
      "type": "Feature",
      "id": 984,
      "geometry": {
        "type": "Point",
        "coordinates": [-84.521392215775492, 39.075646834946994]
      },
      "properties": {
        "OBJECTID": 984,
        "Receiver": "F19101",
        "DU": 1,
        "FrontRow": "No",
        "Existing": 68.5999985,
        "Proposed": 67.9000015,
        "Impact": "Yes",
        "Barrier": 64.5,
        "Benefited": "No",
        "ELEVATION": 509.350006,
        "Section": "NSAF",
        "Reduction": 4.2000045776367188,
        "x": 5270091.1799498945,
        "y": 4281724.9100564718,
        "MapSection": null,
        "Latitude": 39.075639330000001,
        "Longitude": -84.521387630000007
      }
    },
    {
      "type": "Feature",
      "id": 985,
      "geometry": {
        "type": "Point",
        "coordinates": [-84.521310443848392, 39.075668947230305]
      },
      "properties": {
        "OBJECTID": 985,
        "Receiver": "F19201",
        "DU": 1,
        "FrontRow": "No",
        "Existing": 69,
        "Proposed": 68.1999969,
        "Impact": "Yes",
        "Barrier": 64.5999985,
        "Benefited": "No",
        "ELEVATION": 507.993988,
        "Section": "NSAF",
        "Reduction": 4.0999984741210938,
        "x": 5270114.2901398838,
        "y": 4281733.2699478865,
        "MapSection": null,
        "Latitude": 39.075661439999998,
        "Longitude": -84.521305859999998
      }
    },
    {
      "type": "Feature",
      "id": 986,
      "geometry": {
        "type": "Point",
        "coordinates": [-84.521219225605378, 39.07570614520391]
      },
      "properties": {
        "OBJECTID": 986,
        "Receiver": "F19301",
        "DU": 1,
        "FrontRow": "No",
        "Existing": 69.5999985,
        "Proposed": 68.5999985,
        "Impact": "Yes",
        "Barrier": 65,
        "Benefited": "No",
        "ELEVATION": 506.730988,
        "Section": "NSAF",
        "Reduction": 4.1999969482421875,
        "x": 5270140.0099047273,
        "y": 4281747.160011977,
        "MapSection": null,
        "Latitude": 39.075698639999999,
        "Longitude": -84.521214639999997
      }
    },
    {
      "type": "Feature",
      "id": 987,
      "geometry": {
        "type": "Point",
        "coordinates": [-84.521150993516372, 39.075773257198932]
      },
      "properties": {
        "OBJECTID": 987,
        "Receiver": "F19401",
        "DU": 1,
        "FrontRow": "No",
        "Existing": 70.4000015,
        "Proposed": 69.3000031,
        "Impact": "Yes",
        "Barrier": 65.8000031,
        "Benefited": "No",
        "ELEVATION": 505.807007,
        "Section": "NSAF",
        "Reduction": 4.100006103515625,
        "x": 5270159.0600634664,
        "y": 4281771.8600938171,
        "MapSection": null,
        "Latitude": 39.075765750000002,
        "Longitude": -84.52114641
      }
    },
    {
      "type": "Feature",
      "id": 988,
      "geometry": {
        "type": "Point",
        "coordinates": [-84.521083678079137, 39.07581531215407]
      },
      "properties": {
        "OBJECTID": 988,
        "Receiver": "F19501",
        "DU": 1,
        "FrontRow": "No",
        "Existing": 71,
        "Proposed": 69.8000031,
        "Impact": "Yes",
        "Barrier": 66.4000015,
        "Benefited": "No",
        "ELEVATION": 505.036011,
        "Section": "NSAF",
        "Reduction": 4.0999984741210938,
        "x": 5270177.9701306373,
        "y": 4281787.4299445599,
        "MapSection": null,
        "Latitude": 39.075807810000001,
        "Longitude": -84.521079090000001
      }
    },
    {
      "type": "Feature",
      "id": 989,
      "geometry": {
        "type": "Point",
        "coordinates": [-84.520990142607886, 39.07582077687492]
      },
      "properties": {
        "OBJECTID": 989,
        "Receiver": "F19601",
        "DU": 1,
        "FrontRow": "No",
        "Existing": 71.3000031,
        "Proposed": 69.8000031,
        "Impact": "Yes",
        "Barrier": 66.5,
        "Benefited": "No",
        "ELEVATION": 503.372009,
        "Section": "NSAF",
        "Reduction": 4,
        "x": 5270204.4999332279,
        "y": 4281789.7701629698,
        "MapSection": null,
        "Latitude": 39.075813269999998,
        "Longitude": -84.52098556
      }
    },
    {
      "type": "Feature",
      "id": 990,
      "geometry": {
        "type": "Point",
        "coordinates": [-84.520924760173941, 39.075867216521594]
      },
      "properties": {
        "OBJECTID": 990,
        "Receiver": "F19701",
        "DU": 1,
        "FrontRow": "No",
        "Existing": 71.8000031,
        "Proposed": 70,
        "Impact": "Yes",
        "Barrier": 66.9000015,
        "Benefited": "No",
        "ELEVATION": 502.134003,
        "Section": "NSAF",
        "Reduction": 3.6999969482421875,
        "x": 5270222.8401196301,
        "y": 4281806.9299055636,
        "MapSection": null,
        "Latitude": 39.075859710000003,
        "Longitude": -84.520920180000005
      }
    },
    {
      "type": "Feature",
      "id": 991,
      "geometry": {
        "type": "Point",
        "coordinates": [-84.520858017881437, 39.075885804215922]
      },
      "properties": {
        "OBJECTID": 991,
        "Receiver": "F19801",
        "DU": 1,
        "FrontRow": "No",
        "Existing": 72.0999985,
        "Proposed": 70.3000031,
        "Impact": "Yes",
        "Barrier": 67.4000015,
        "Benefited": "No",
        "ELEVATION": 501.557007,
        "Section": "NSAF",
        "Reduction": 3.5,
        "x": 5270241.699990049,
        "y": 4281813.9499046504,
        "MapSection": null,
        "Latitude": 39.075878299999999,
        "Longitude": -84.520853430000003
      }
    },
    {
      "type": "Feature",
      "id": 992,
      "geometry": {
        "type": "Point",
        "coordinates": [-84.520754272195717, 39.075928501877264]
      },
      "properties": {
        "OBJECTID": 992,
        "Receiver": "F19901",
        "DU": 1,
        "FrontRow": "No",
        "Existing": 72.9000015,
        "Proposed": 71,
        "Impact": "Yes",
        "Barrier": 68.0999985,
        "Benefited": "No",
        "ELEVATION": 501.404999,
        "Section": "NSAF",
        "Reduction": 3.3000030517578125,
        "x": 5270270.949931547,
        "y": 4281829.8901614696,
        "MapSection": null,
        "Latitude": 39.075921000000001,
        "Longitude": -84.520749690000002
      }
    },
    {
      "type": "Feature",
      "id": 993,
      "geometry": {
        "type": "Point",
        "coordinates": [-84.520675598189854, 39.075944440410161]
      },
      "properties": {
        "OBJECTID": 993,
        "Receiver": "F20001",
        "DU": 1,
        "FrontRow": "No",
        "Existing": 73.3000031,
        "Proposed": 71,
        "Impact": "Yes",
        "Barrier": 68.4000015,
        "Benefited": "No",
        "ELEVATION": 499.838013,
        "Section": "NSAF",
        "Reduction": 3.2999954223632812,
        "x": 5270293.2100576311,
        "y": 4281835.9898868054,
        "MapSection": null,
        "Latitude": 39.075936929999997,
        "Longitude": -84.520671010000001
      }
    },
    {
      "type": "Feature",
      "id": 994,
      "geometry": {
        "type": "Point",
        "coordinates": [-84.520472768505485, 39.075831140773246]
      },
      "properties": {
        "OBJECTID": 994,
        "Receiver": "F20101",
        "DU": 1,
        "FrontRow": "No",
        "Existing": 73.8000031,
        "Proposed": 71.3000031,
        "Impact": "Yes",
        "Barrier": 69.9000015,
        "Benefited": "No",
        "ELEVATION": 495.191986,
        "Section": "NSAF",
        "Reduction": 2.6999969482421875,
        "x": 5270351.3398626298,
        "y": 4281795.480125308,
        "MapSection": null,
        "Latitude": 39.075823630000002,
        "Longitude": -84.520468179999995
      }
    },
    {
      "type": "Feature",
      "id": 995,
      "geometry": {
        "type": "Point",
        "coordinates": [-84.520443326302072, 39.076022578552191]
      },
      "properties": {
        "OBJECTID": 995,
        "Receiver": "F20201",
        "DU": 1,
        "FrontRow": "No",
        "Existing": 72.9000015,
        "Proposed": 71.6999969,
        "Impact": "Yes",
        "Barrier": 68.9000015,
        "Benefited": "No",
        "ELEVATION": 494.914001,
        "Section": "NSAF",
        "Reduction": 4.6999969482421875,
        "x": 5270358.780136466,
        "y": 4281865.3198806494,
        "MapSection": null,
        "Latitude": 39.076015069999997,
        "Longitude": -84.520438740000003
      }
    },
    {
      "type": "Feature",
      "id": 996,
      "geometry": {
        "type": "Point",
        "coordinates": [-84.520353307616332, 39.076042904008297]
      },
      "properties": {
        "OBJECTID": 996,
        "Receiver": "F20301-F",
        "DU": 1,
        "FrontRow": "No",
        "Existing": 73.5999985,
        "Proposed": 72.1999969,
        "Impact": "Yes",
        "Barrier": 69.6999969,
        "Benefited": "Yes",
        "ELEVATION": 494.423004,
        "Section": "NSAF",
        "Reduction": 6.2999954223632812,
        "x": 5270384.2400593013,
        "y": 4281873.0600226372,
        "MapSection": null,
        "Latitude": 39.076035400000002,
        "Longitude": -84.520348720000001
      }
    },
    {
      "type": "Feature",
      "id": 997,
      "geometry": {
        "type": "Point",
        "coordinates": [-84.522174221360345, 39.075199692826793]
      },
      "properties": {
        "OBJECTID": 997,
        "Receiver": "F20402",
        "DU": 1,
        "FrontRow": "No",
        "Existing": 62.5,
        "Proposed": 66,
        "Impact": "Yes",
        "Barrier": 62.5999985,
        "Benefited": "No",
        "ELEVATION": 522.804993,
        "Section": "NSAF",
        "Reduction": -0.3000030517578125,
        "x": 5269871.3001403064,
        "y": 4281559.1200337261,
        "MapSection": null,
        "Latitude": 39.075192190000003,
        "Longitude": -84.522169640000001
      }
    },
    {
      "type": "Feature",
      "id": 998,
      "geometry": {
        "type": "Point",
        "coordinates": [-84.522216292637481, 39.075192464497064]
      },
      "properties": {
        "OBJECTID": 998,
        "Receiver": "F20501",
        "DU": 1,
        "FrontRow": "Yes",
        "Existing": 62.4000015,
        "Proposed": 65.9000015,
        "Impact": "No",
        "Barrier": 62.5,
        "Benefited": "No",
        "ELEVATION": 523.322998,
        "Section": "NSAF",
        "Reduction": 4.3999977111816406,
        "x": 5269859.3900591433,
        "y": 4281556.3300130665,
        "MapSection": null,
        "Latitude": 39.075184960000001,
        "Longitude": -84.522211709999993
      }
    },
    {
      "type": "Feature",
      "id": 999,
      "geometry": {
        "type": "Point",
        "coordinates": [-84.52227112388239, 39.075284833714974]
      },
      "properties": {
        "OBJECTID": 999,
        "Receiver": "F20601",
        "DU": 2,
        "FrontRow": "No",
        "Existing": 62,
        "Proposed": 65.5999985,
        "Impact": "No",
        "Barrier": 61.9000015,
        "Benefited": "No",
        "ELEVATION": 522.265015,
        "Section": "NSAF",
        "Reduction": 4.5,
        "x": 5269843.3799205571,
        "y": 4281589.769906804,
        "MapSection": null,
        "Latitude": 39.075277329999999,
        "Longitude": -84.522266540000004
      }
    },
    {
      "type": "Feature",
      "id": 1000,
      "geometry": {
        "type": "Point",
        "coordinates": [-84.522323137317713, 39.075333357100916]
      },
      "properties": {
        "OBJECTID": 1000,
        "Receiver": "F20701",
        "DU": 1,
        "FrontRow": "No",
        "Existing": 62,
        "Proposed": 65.6999969,
        "Impact": "No",
        "Barrier": 62.0999985,
        "Benefited": "No",
        "ELEVATION": 524.25,
        "Section": "NSAF",
        "Reduction": 4.5,
        "x": 5269828.3799505532,
        "y": 4281607.2498587221,
        "MapSection": null,
        "Latitude": 39.075325849999999,
        "Longitude": -84.522318549999994
      }
    },
    {
      "type": "Feature",
      "id": 1001,
      "geometry": {
        "type": "Point",
        "coordinates": [-84.522522686236172, 39.075371972897784]
      },
      "properties": {
        "OBJECTID": 1001,
        "Receiver": "F20802",
        "DU": 1,
        "FrontRow": "No",
        "Existing": 62.5,
        "Proposed": 65.4000015,
        "Impact": "No",
        "Barrier": 61.7999992,
        "Benefited": "No",
        "ELEVATION": 524.726013,
        "Section": "NSAF",
        "Reduction": 4.4000015258789062,
        "x": 5269771.5398411304,
        "y": 4281620.5700420588,
        "MapSection": null,
        "Latitude": 39.075364469999997,
        "Longitude": -84.522518099999999
      }
    },
    {
      "type": "Feature",
      "id": 1002,
      "geometry": {
        "type": "Point",
        "coordinates": [-84.522607395809388, 39.075434448621138]
      },
      "properties": {
        "OBJECTID": 1002,
        "Receiver": "F20904",
        "DU": 1,
        "FrontRow": "No",
        "Existing": 61.7999992,
        "Proposed": 65,
        "Impact": "No",
        "Barrier": 61.4000015,
        "Benefited": "No",
        "ELEVATION": 523.052979,
        "Section": "NSAF",
        "Reduction": 4.4000015258789062,
        "x": 5269747.1901523024,
        "y": 4281643.0099578053,
        "MapSection": null,
        "Latitude": 39.07542694,
        "Longitude": -84.522602809999995
      }
    },
    {
      "type": "Feature",
      "id": 1003,
      "geometry": {
        "type": "Point",
        "coordinates": [-84.522647918690865, 39.075533644401411]
      },
      "properties": {
        "OBJECTID": 1003,
        "Receiver": "F21001",
        "DU": 2,
        "FrontRow": "No",
        "Existing": 63.7000008,
        "Proposed": 65.5,
        "Impact": "No",
        "Barrier": 61.9000015,
        "Benefited": "No",
        "ELEVATION": 526.085022,
        "Section": "NSAF",
        "Reduction": 4.5,
        "x": 5269735.2098613083,
        "y": 4281678.9898727238,
        "MapSection": null,
        "Latitude": 39.075526140000001,
        "Longitude": -84.522643329999994
      }
    },
    {
      "type": "Feature",
      "id": 1004,
      "geometry": {
        "type": "Point",
        "coordinates": [-84.522664396081751, 39.075905572373152]
      },
      "properties": {
        "OBJECTID": 1004,
        "Receiver": "F21106",
        "DU": 4,
        "FrontRow": "No",
        "Existing": 65.8000031,
        "Proposed": 65.5999985,
        "Impact": "No",
        "Barrier": 62.4000015,
        "Benefited": "No",
        "ELEVATION": 526.492981,
        "Section": "NSAF",
        "Reduction": 4.1999969482421875,
        "x": 5269728.7499004751,
        "y": 4281814.400034979,
        "MapSection": null,
        "Latitude": 39.075898070000001,
        "Longitude": -84.522659809999993
      }
    },
    {
      "type": "Feature",
      "id": 1005,
      "geometry": {
        "type": "Point",
        "coordinates": [-84.522858441609031, 39.075844526687291]
      },
      "properties": {
        "OBJECTID": 1005,
        "Receiver": "F21205",
        "DU": 1,
        "FrontRow": "No",
        "Existing": 65.5,
        "Proposed": 65.9000015,
        "Impact": "No",
        "Barrier": 62.4000015,
        "Benefited": "No",
        "ELEVATION": 530.968994,
        "Section": "NSAF",
        "Reduction": 4.2999992370605469,
        "x": 5269673.9501413107,
        "y": 4281791.440107137,
        "MapSection": null,
        "Latitude": 39.075837020000002,
        "Longitude": -84.522853859999998
      }
    },
    {
      "type": "Feature",
      "id": 1006,
      "geometry": {
        "type": "Point",
        "coordinates": [-84.522304978864952, 39.07475435187235]
      },
      "properties": {
        "OBJECTID": 1006,
        "Receiver": "F21301",
        "DU": 6,
        "FrontRow": "No",
        "Existing": 65.9000015,
        "Proposed": 66.3000031,
        "Impact": "Yes",
        "Barrier": 63.2999992,
        "Benefited": "No",
        "ELEVATION": 544.398987,
        "Section": "NSAF",
        "Reduction": 4.3000030517578125,
        "x": 5269836.3100527972,
        "y": 4281396.4198998064,
        "MapSection": null,
        "Latitude": 39.074746849999997,
        "Longitude": -84.522300389999998
      }
    },
    {
      "type": "Feature",
      "id": 1007,
      "geometry": {
        "type": "Point",
        "coordinates": [-84.522083320818197, 39.074775799287679]
      },
      "properties": {
        "OBJECTID": 1007,
        "Receiver": "F21401",
        "DU": 5,
        "FrontRow": "No",
        "Existing": 65.8000031,
        "Proposed": 66.3000031,
        "Impact": "Yes",
        "Barrier": 63.2000008,
        "Benefited": "No",
        "ELEVATION": 533.922974,
        "Section": "NSAF",
        "Reduction": 4.3000030517578125,
        "x": 5269899.1399796307,
        "y": 4281405.0599743873,
        "MapSection": null,
        "Latitude": 39.074768290000002,
        "Longitude": -84.522078739999998
      }
    },
    {
      "type": "Feature",
      "id": 1008,
      "geometry": {
        "type": "Point",
        "coordinates": [-84.522008923559142, 39.074818111800411]
      },
      "properties": {
        "OBJECTID": 1008,
        "Receiver": "F21501",
        "DU": 1,
        "FrontRow": "No",
        "Existing": 65.4000015,
        "Proposed": 66.1999969,
        "Impact": "Yes",
        "Barrier": 62.9000015,
        "Benefited": "No",
        "ELEVATION": 529.435974,
        "Section": "NSAF",
        "Reduction": 4.7000007629394531,
        "x": 5269920.0598853081,
        "y": 4281420.7499036491,
        "MapSection": null,
        "Latitude": 39.07481061,
        "Longitude": -84.522004339999995
      }
    },
    {
      "type": "Feature",
      "id": 1009,
      "geometry": {
        "type": "Point",
        "coordinates": [-84.52193811934427, 39.074856151130788]
      },
      "properties": {
        "OBJECTID": 1009,
        "Receiver": "F21601",
        "DU": 1,
        "FrontRow": "No",
        "Existing": 65.0999985,
        "Proposed": 66.0999985,
        "Impact": "Yes",
        "Barrier": 62.7000008,
        "Benefited": "No",
        "ELEVATION": 525.35199,
        "Section": "NSAF",
        "Reduction": 4.7000007629394531,
        "x": 5269939.9801210612,
        "y": 4281434.869954139,
        "MapSection": null,
        "Latitude": 39.07484865,
        "Longitude": -84.521933529999998
      }
    },
    {
      "type": "Feature",
      "id": 1010,
      "geometry": {
        "type": "Point",
        "coordinates": [-84.521875539224197, 39.074916156224432]
      },
      "properties": {
        "OBJECTID": 1010,
        "Receiver": "F21701",
        "DU": 1,
        "FrontRow": "No",
        "Existing": 63.2999992,
        "Proposed": 65.9000015,
        "Impact": "No",
        "Barrier": 62.5,
        "Benefited": "No",
        "ELEVATION": 522.734009,
        "Section": "NSAF",
        "Reduction": 4.8000030517578125,
        "x": 5269957.4600729644,
        "y": 4281456.9601330608,
        "MapSection": null,
        "Latitude": 39.074908649999998,
        "Longitude": -84.521870949999993
      }
    },
    {
      "type": "Feature",
      "id": 1011,
      "geometry": {
        "type": "Point",
        "coordinates": [-84.521659952252179, 39.075126577967694]
      },
      "properties": {
        "OBJECTID": 1011,
        "Receiver": "F21804",
        "DU": 1,
        "FrontRow": "No",
        "Existing": 69.8000031,
        "Proposed": 65.0999985,
        "Impact": "No",
        "Barrier": 62,
        "Benefited": "No",
        "ELEVATION": 517.841003,
        "Section": "NSAF",
        "Reduction": 4,
        "x": 5270017.6600838006,
        "y": 4281534.4101094007,
        "MapSection": null,
        "Latitude": 39.07511907,
        "Longitude": -84.521655370000005
      }
    },
    {
      "type": "Feature",
      "id": 1012,
      "geometry": {
        "type": "Point",
        "coordinates": [-84.521372231204268, 39.075045023287323]
      },
      "properties": {
        "OBJECTID": 1012,
        "Receiver": "F21902",
        "DU": 1,
        "FrontRow": "No",
        "Existing": 67.6999969,
        "Proposed": 67.4000015,
        "Impact": "Yes",
        "Barrier": 63.7999992,
        "Benefited": "No",
        "ELEVATION": 515.21698,
        "Section": "NSAF",
        "Reduction": 4.6999969482421875,
        "x": 5270099.7399721444,
        "y": 4281505.7799173146,
        "MapSection": null,
        "Latitude": 39.075037520000002,
        "Longitude": -84.521367650000002
      }
    },
    {
      "type": "Feature",
      "id": 1013,
      "geometry": {
        "type": "Point",
        "coordinates": [-84.521304528110576, 39.075103849594221]
      },
      "properties": {
        "OBJECTID": 1013,
        "Receiver": "F22001",
        "DU": 4,
        "FrontRow": "No",
        "Existing": 67.9000015,
        "Proposed": 67.5,
        "Impact": "Yes",
        "Barrier": 64.0999985,
        "Benefited": "No",
        "ELEVATION": 513.278015,
        "Section": "NSAF",
        "Reduction": 4.5999984741210938,
        "x": 5270118.6798948944,
        "y": 4281527.459992066,
        "MapSection": null,
        "Latitude": 39.075096340000002,
        "Longitude": -84.521299940000006
      }
    },
    {
      "type": "Feature",
      "id": 1014,
      "geometry": {
        "type": "Point",
        "coordinates": [-84.521233448882356, 39.07513938706078]
      },
      "properties": {
        "OBJECTID": 1014,
        "Receiver": "F22101",
        "DU": 2,
        "FrontRow": "No",
        "Existing": 68.1999969,
        "Proposed": 67.6999969,
        "Impact": "Yes",
        "Barrier": 64.4000015,
        "Benefited": "No",
        "ELEVATION": 511.660004,
        "Section": "NSAF",
        "Reduction": 4.5,
        "x": 5270138.6900254637,
        "y": 4281540.6699393988,
        "MapSection": null,
        "Latitude": 39.075131880000001,
        "Longitude": -84.521228859999994
      }
    },
    {
      "type": "Feature",
      "id": 1015,
      "geometry": {
        "type": "Point",
        "coordinates": [-84.521172860549314, 39.075202376532616]
      },
      "properties": {
        "OBJECTID": 1015,
        "Receiver": "F22201",
        "DU": 1,
        "FrontRow": "No",
        "Existing": 68.3000031,
        "Proposed": 67.6999969,
        "Impact": "Yes",
        "Barrier": 64.5999985,
        "Benefited": "No",
        "ELEVATION": 509.925995,
        "Section": "NSAF",
        "Reduction": 4.4000015258789062,
        "x": 5270155.5899260491,
        "y": 4281563.8398405612,
        "MapSection": null,
        "Latitude": 39.075194869999997,
        "Longitude": -84.521168279999998
      }
    },
    {
      "type": "Feature",
      "id": 1016,
      "geometry": {
        "type": "Point",
        "coordinates": [-84.520987541431239, 39.075211758543297]
      },
      "properties": {
        "OBJECTID": 1016,
        "Receiver": "F22302",
        "DU": 1,
        "FrontRow": "No",
        "Existing": 69.0999985,
        "Proposed": 68.5999985,
        "Impact": "Yes",
        "Barrier": 65.4000015,
        "Benefited": "No",
        "ELEVATION": 507,
        "Section": "NSAF",
        "Reduction": 4.5999984741210938,
        "x": 5270208.1600308865,
        "y": 4281567.9500685632,
        "MapSection": null,
        "Latitude": 39.075204249999999,
        "Longitude": -84.520982959999998
      }
    },
    {
      "type": "Feature",
      "id": 1017,
      "geometry": {
        "type": "Point",
        "coordinates": [-84.520852066128612, 39.075302119652754]
      },
      "properties": {
        "OBJECTID": 1017,
        "Receiver": "F22401",
        "DU": 1,
        "FrontRow": "No",
        "Existing": 69.9000015,
        "Proposed": 69.6999969,
        "Impact": "Yes",
        "Barrier": 66.5,
        "Benefited": "No",
        "ELEVATION": 506.789001,
        "Section": "NSAF",
        "Reduction": 4.3000030517578125,
        "x": 5270246.1901385486,
        "y": 4281601.3699492216,
        "MapSection": null,
        "Latitude": 39.07529461,
        "Longitude": -84.52084748
      }
    },
    {
      "type": "Feature",
      "id": 1018,
      "geometry": {
        "type": "Point",
        "coordinates": [-84.520747551678213, 39.075307003977493]
      },
      "properties": {
        "OBJECTID": 1018,
        "Receiver": "F22501",
        "DU": 2,
        "FrontRow": "No",
        "Existing": 70.9000015,
        "Proposed": 70.8000031,
        "Impact": "Yes",
        "Barrier": 67.4000015,
        "Benefited": "No",
        "ELEVATION": 506.957001,
        "Section": "NSAF",
        "Reduction": 4.3000030517578125,
        "x": 5270275.8400136381,
        "y": 4281603.5398923904,
        "MapSection": null,
        "Latitude": 39.0752995,
        "Longitude": -84.520742970000001
      }
    },
    {
      "type": "Feature",
      "id": 1019,
      "geometry": {
        "type": "Point",
        "coordinates": [-84.520639330334944, 39.075368625865018]
      },
      "properties": {
        "OBJECTID": 1019,
        "Receiver": "F22601",
        "DU": 1,
        "FrontRow": "No",
        "Existing": 71.9000015,
        "Proposed": 72,
        "Impact": "Yes",
        "Barrier": 68.6999969,
        "Benefited": "No",
        "ELEVATION": 507.343994,
        "Section": "NSAF",
        "Reduction": 4,
        "x": 5270306.2700708807,
        "y": 4281626.3899123073,
        "MapSection": null,
        "Latitude": 39.075361119999997,
        "Longitude": -84.520634749999999
      }
    },
    {
      "type": "Feature",
      "id": 1020,
      "geometry": {
        "type": "Point",
        "coordinates": [-84.52051786492045, 39.075411580020322]
      },
      "properties": {
        "OBJECTID": 1020,
        "Receiver": "F22701",
        "DU": 1,
        "FrontRow": "No",
        "Existing": 72.8000031,
        "Proposed": 72.4000015,
        "Impact": "Yes",
        "Barrier": 69.1999969,
        "Benefited": "No",
        "ELEVATION": 504.29599,
        "Section": "NSAF",
        "Reduction": 3.6999969482421875,
        "x": 5270340.5498579741,
        "y": 4281642.4899457246,
        "MapSection": null,
        "Latitude": 39.075404069999998,
        "Longitude": -84.520513280000003
      }
    },
    {
      "type": "Feature",
      "id": 1021,
      "geometry": {
        "type": "Point",
        "coordinates": [-84.520424261593703, 39.075450207578825]
      },
      "properties": {
        "OBJECTID": 1021,
        "Receiver": "F22801-F",
        "DU": 1,
        "FrontRow": "No",
        "Existing": 73.8000031,
        "Proposed": 73.0999985,
        "Impact": "Yes",
        "Barrier": 70.1999969,
        "Benefited": "No",
        "ELEVATION": 502.994995,
        "Section": "NSAF",
        "Reduction": 3.2000045776367188,
        "x": 5270366.9398970604,
        "y": 4281656.9098643959,
        "MapSection": null,
        "Latitude": 39.075442700000004,
        "Longitude": -84.520419680000003
      }
    },
    {
      "type": "Feature",
      "id": 1022,
      "geometry": {
        "type": "Point",
        "coordinates": [-84.520298422780201, 39.075199684841522]
      },
      "properties": {
        "OBJECTID": 1022,
        "Receiver": "F22901-F",
        "DU": 1,
        "FrontRow": "No",
        "Existing": 73.5999985,
        "Proposed": 74.1999969,
        "Impact": "Yes",
        "Barrier": 70.1999969,
        "Benefited": "No",
        "ELEVATION": 507.567993,
        "Section": "NSAF",
        "Reduction": 4.6999969482421875,
        "x": 5270403.8699413091,
        "y": 4281566.129862234,
        "MapSection": null,
        "Latitude": 39.075192180000002,
        "Longitude": -84.520293839999994
      }
    },
    {
      "type": "Feature",
      "id": 1023,
      "geometry": {
        "type": "Point",
        "coordinates": [-84.520369872805517, 39.075108886531225]
      },
      "properties": {
        "OBJECTID": 1023,
        "Receiver": "F23001",
        "DU": 1,
        "FrontRow": "Yes",
        "Existing": 72.0999985,
        "Proposed": 71.9000015,
        "Impact": "Yes",
        "Barrier": 68.8000031,
        "Benefited": "Yes",
        "ELEVATION": 510.175995,
        "Section": "NSAF",
        "Reduction": 5.1999969482421875,
        "x": 5270384.019915387,
        "y": 4281532.7900338918,
        "MapSection": null,
        "Latitude": 39.07510138,
        "Longitude": -84.520365290000001
      }
    },
    {
      "type": "Feature",
      "id": 1024,
      "geometry": {
        "type": "Point",
        "coordinates": [-84.520487951898758, 39.075024579447529]
      },
      "properties": {
        "OBJECTID": 1024,
        "Receiver": "F23101",
        "DU": 1,
        "FrontRow": "Yes",
        "Existing": 70.8000031,
        "Proposed": 71.3000031,
        "Impact": "Yes",
        "Barrier": 65.0999985,
        "Benefited": "Yes",
        "ELEVATION": 513.687988,
        "Section": "NSAF",
        "Reduction": 5.1999969482421875,
        "x": 5270350.8999028802,
        "y": 4281501.6401618123,
        "MapSection": null,
        "Latitude": 39.075017070000001,
        "Longitude": -84.520483369999994
      }
    },
    {
      "type": "Feature",
      "id": 1025,
      "geometry": {
        "type": "Point",
        "coordinates": [-84.520667066939623, 39.075144664013294]
      },
      "properties": {
        "OBJECTID": 1025,
        "Receiver": "F23201",
        "DU": 1,
        "FrontRow": "No",
        "Existing": 71.4000015,
        "Proposed": 71.6999969,
        "Impact": "Yes",
        "Barrier": 67.9000015,
        "Benefited": "No",
        "ELEVATION": 515.276001,
        "Section": "NSAF",
        "Reduction": 4.8000030517578125,
        "x": 5270299.4698876441,
        "y": 4281544.7099575549,
        "MapSection": null,
        "Latitude": 39.075137159999997,
        "Longitude": -84.520662479999999
      }
    },
    {
      "type": "Feature",
      "id": 1026,
      "geometry": {
        "type": "Point",
        "coordinates": [-84.52072904518279, 39.075105711537489]
      },
      "properties": {
        "OBJECTID": 1026,
        "Receiver": "F23301",
        "DU": 1,
        "FrontRow": "No",
        "Existing": 70.9000015,
        "Proposed": 71.0999985,
        "Impact": "Yes",
        "Barrier": 67.4000015,
        "Benefited": "Yes",
        "ELEVATION": 515.948975,
        "Section": "NSAF",
        "Reduction": 5.2000045776367188,
        "x": 5270282.0601455569,
        "y": 4281530.2900388986,
        "MapSection": null,
        "Latitude": 39.07509821,
        "Longitude": -84.520724459999997
      }
    },
    {
      "type": "Feature",
      "id": 1027,
      "geometry": {
        "type": "Point",
        "coordinates": [-84.520812625949986, 39.07504320515973]
      },
      "properties": {
        "OBJECTID": 1027,
        "Receiver": "F23401",
        "DU": 1,
        "FrontRow": "No",
        "Existing": 70.3000031,
        "Proposed": 70.5,
        "Impact": "Yes",
        "Barrier": 66.8000031,
        "Benefited": "Yes",
        "ELEVATION": 518.088013,
        "Section": "NSAF",
        "Reduction": 5.0999984741210938,
        "x": 5270258.6300743073,
        "y": 4281507.2100325674,
        "MapSection": null,
        "Latitude": 39.075035700000001,
        "Longitude": -84.520808040000006
      }
    },
    {
      "type": "Feature",
      "id": 1028,
      "geometry": {
        "type": "Point",
        "coordinates": [-84.520859621498019, 39.075005113903742]
      },
      "properties": {
        "OBJECTID": 1028,
        "Receiver": "F23501",
        "DU": 1,
        "FrontRow": "No",
        "Existing": 70,
        "Proposed": 70.1999969,
        "Impact": "Yes",
        "Barrier": 66.5999985,
        "Benefited": "Yes",
        "ELEVATION": 519.327026,
        "Section": "NSAF",
        "Reduction": 5.2000045776367188,
        "x": 5270245.4699956328,
        "y": 4281493.1598638147,
        "MapSection": null,
        "Latitude": 39.074997609999997,
        "Longitude": -84.520855040000001
      }
    },
    {
      "type": "Feature",
      "id": 1029,
      "geometry": {
        "type": "Point",
        "coordinates": [-84.520965854109591, 39.074994399583339]
      },
      "properties": {
        "OBJECTID": 1029,
        "Receiver": "F23601",
        "DU": 1,
        "FrontRow": "No",
        "Existing": 69.5,
        "Proposed": 69.6999969,
        "Impact": "Yes",
        "Barrier": 66.0999985,
        "Benefited": "Yes",
        "ELEVATION": 519.38501,
        "Section": "NSAF",
        "Reduction": 5.0999984741210938,
        "x": 5270215.3601477146,
        "y": 4281488.8600036502,
        "MapSection": null,
        "Latitude": 39.074986889999998,
        "Longitude": -84.520961270000001
      }
    },
    {
      "type": "Feature",
      "id": 1030,
      "geometry": {
        "type": "Point",
        "coordinates": [-84.521014347097704, 39.074948993497124]
      },
      "properties": {
        "OBJECTID": 1030,
        "Receiver": "F23701",
        "DU": 1,
        "FrontRow": "No",
        "Existing": 69.1999969,
        "Proposed": 69.5,
        "Impact": "Yes",
        "Barrier": 65.9000015,
        "Benefited": "Yes",
        "ELEVATION": 521.255981,
        "Section": "NSAF",
        "Reduction": 5.1999969482421875,
        "x": 5270201.8099779636,
        "y": 4281472.1398927271,
        "MapSection": null,
        "Latitude": 39.07494149,
        "Longitude": -84.521009759999998
      }
    },
    {
      "type": "Feature",
      "id": 1031,
      "geometry": {
        "type": "Point",
        "coordinates": [-84.521103496839913, 39.07492789030514]
      },
      "properties": {
        "OBJECTID": 1031,
        "Receiver": "F23801",
        "DU": 1,
        "FrontRow": "No",
        "Existing": 69.0999985,
        "Proposed": 69.4000015,
        "Impact": "Yes",
        "Barrier": 65.9000015,
        "Benefited": "Yes",
        "ELEVATION": 523.728027,
        "Section": "NSAF",
        "Reduction": 5,
        "x": 5270176.6000546366,
        "y": 4281464.119895637,
        "MapSection": null,
        "Latitude": 39.074920380000002,
        "Longitude": -84.521098910000006
      }
    },
    {
      "type": "Feature",
      "id": 1032,
      "geometry": {
        "type": "Point",
        "coordinates": [-84.521181210085587, 39.074870732324136]
      },
      "properties": {
        "OBJECTID": 1032,
        "Receiver": "F23901",
        "DU": 1,
        "FrontRow": "No",
        "Existing": 68.5999985,
        "Proposed": 68.9000015,
        "Impact": "Yes",
        "Barrier": 65.5,
        "Benefited": "Yes",
        "ELEVATION": 525.286011,
        "Section": "NSAF",
        "Reduction": 5.0999984741210938,
        "x": 5270154.810071975,
        "y": 4281443.0100297332,
        "MapSection": null,
        "Latitude": 39.074863229999998,
        "Longitude": -84.521176620000006
      }
    },
    {
      "type": "Feature",
      "id": 1033,
      "geometry": {
        "type": "Point",
        "coordinates": [-84.521268328390008, 39.074836484518833]
      },
      "properties": {
        "OBJECTID": 1033,
        "Receiver": "F24001",
        "DU": 1,
        "FrontRow": "No",
        "Existing": 68,
        "Proposed": 68.1999969,
        "Impact": "Yes",
        "Barrier": 64.8000031,
        "Benefited": "Yes",
        "ELEVATION": 524.794983,
        "Section": "NSAF",
        "Reduction": 5.0999984741210938,
        "x": 5270130.239911139,
        "y": 4281430.2098584771,
        "MapSection": null,
        "Latitude": 39.074828979999999,
        "Longitude": -84.521263739999995
      }
    },
    {
      "type": "Feature",
      "id": 1034,
      "geometry": {
        "type": "Point",
        "coordinates": [-84.521270288786084, 39.074701622081655]
      },
      "properties": {
        "OBJECTID": 1034,
        "Receiver": "F24102",
        "DU": 1,
        "FrontRow": "No",
        "Existing": 67.8000031,
        "Proposed": 67.1999969,
        "Impact": "Yes",
        "Barrier": 62.7999992,
        "Benefited": "Yes",
        "ELEVATION": 525.466003,
        "Section": "NSAF",
        "Reduction": 5.2000045776367188,
        "x": 5270130.3301340491,
        "y": 4281381.0800354779,
        "MapSection": null,
        "Latitude": 39.074694119999997,
        "Longitude": -84.521265700000001
      }
    },
    {
      "type": "Feature",
      "id": 1035,
      "geometry": {
        "type": "Point",
        "coordinates": [-84.521932763269518, 39.074662323901023]
      },
      "properties": {
        "OBJECTID": 1035,
        "Receiver": "F24208",
        "DU": 1,
        "FrontRow": "No",
        "Existing": 66.5,
        "Proposed": 66.6999969,
        "Impact": "Yes",
        "Barrier": 63.5999985,
        "Benefited": "Yes",
        "ELEVATION": 535.903992,
        "Section": "NSAF",
        "Reduction": 5.2000045776367188,
        "x": 5269942.4299193025,
        "y": 4281364.2900428176,
        "MapSection": null,
        "Latitude": 39.074654819999999,
        "Longitude": -84.521928180000003
      }
    },
    {
      "type": "Feature",
      "id": 1036,
      "geometry": {
        "type": "Point",
        "coordinates": [-84.522359869151018, 39.074615694301016]
      },
      "properties": {
        "OBJECTID": 1036,
        "Receiver": "F24301",
        "DU": 2,
        "FrontRow": "No",
        "Existing": 66,
        "Proposed": 66.0999985,
        "Impact": "Yes",
        "Barrier": 63.2999992,
        "Benefited": "No",
        "ELEVATION": 550.69397,
        "Section": "NSAF",
        "Reduction": 4.0999984741210938,
        "x": 5269821.3901351392,
        "y": 4281345.7100274712,
        "MapSection": null,
        "Latitude": 39.074608189999999,
        "Longitude": -84.522355279999999
      }
    },
    {
      "type": "Feature",
      "id": 1037,
      "geometry": {
        "type": "Point",
        "coordinates": [-84.522329323864724, 39.074538975724636]
      },
      "properties": {
        "OBJECTID": 1037,
        "Receiver": "F24401",
        "DU": 8,
        "FrontRow": "No",
        "Existing": 66,
        "Proposed": 66.0999985,
        "Impact": "Yes",
        "Barrier": 63.4000015,
        "Benefited": "No",
        "ELEVATION": 551.559021,
        "Section": "NSAF",
        "Reduction": 4.0999984741210938,
        "x": 5269830.4301432967,
        "y": 4281317.8800306469,
        "MapSection": null,
        "Latitude": 39.074531469999997,
        "Longitude": -84.522324740000002
      }
    },
    {
      "type": "Feature",
      "id": 1038,
      "geometry": {
        "type": "Point",
        "coordinates": [-84.5223093143222, 39.074489133084214]
      },
      "properties": {
        "OBJECTID": 1038,
        "Receiver": "F24501",
        "DU": 1,
        "FrontRow": "No",
        "Existing": 66.0999985,
        "Proposed": 66.1999969,
        "Impact": "Yes",
        "Barrier": 63.5,
        "Benefited": "No",
        "ELEVATION": 553.429993,
        "Section": "NSAF",
        "Reduction": 4.0999984741210938,
        "x": 5269836.3500789702,
        "y": 4281299.800014317,
        "MapSection": null,
        "Latitude": 39.074481630000001,
        "Longitude": -84.522304730000002
      }
    },
    {
      "type": "Feature",
      "id": 1039,
      "geometry": {
        "type": "Point",
        "coordinates": [-84.522283277499284, 39.074435385211437]
      },
      "properties": {
        "OBJECTID": 1039,
        "Receiver": "F24601",
        "DU": 1,
        "FrontRow": "No",
        "Existing": 66.3000031,
        "Proposed": 66.3000031,
        "Impact": "Yes",
        "Barrier": 63.7000008,
        "Benefited": "No",
        "ELEVATION": 556.708984,
        "Section": "NSAF",
        "Reduction": 4.0999984741210938,
        "x": 5269843.9999980479,
        "y": 4281280.3200663924,
        "MapSection": null,
        "Latitude": 39.074427880000002,
        "Longitude": -84.522278689999993
      }
    },
    {
      "type": "Feature",
      "id": 1040,
      "geometry": {
        "type": "Point",
        "coordinates": [-84.522184850516553, 39.074388526801776]
      },
      "properties": {
        "OBJECTID": 1040,
        "Receiver": "F24701",
        "DU": 1,
        "FrontRow": "No",
        "Existing": 66.5999985,
        "Proposed": 66.6999969,
        "Impact": "Yes",
        "Barrier": 64,
        "Benefited": "No",
        "ELEVATION": 558.062012,
        "Section": "NSAF",
        "Reduction": 3.9999961853027344,
        "x": 5269872.1698892266,
        "y": 4281263.6199685633,
        "MapSection": null,
        "Latitude": 39.074381019999997,
        "Longitude": -84.522180270000007
      }
    },
    {
      "type": "Feature",
      "id": 1041,
      "geometry": {
        "type": "Point",
        "coordinates": [-84.522089714096751, 39.074290636951311]
      },
      "properties": {
        "OBJECTID": 1041,
        "Receiver": "F24801",
        "DU": 1,
        "FrontRow": "No",
        "Existing": 66.5999985,
        "Proposed": 66.8000031,
        "Impact": "Yes",
        "Barrier": 64.1999969,
        "Benefited": "No",
        "ELEVATION": 558.369019,
        "Section": "NSAF",
        "Reduction": 3.9999961853027344,
        "x": 5269899.6501492262,
        "y": 4281228.3198423088,
        "MapSection": null,
        "Latitude": 39.074283129999998,
        "Longitude": -84.522085129999994
      }
    },
    {
      "type": "Feature",
      "id": 1042,
      "geometry": {
        "type": "Point",
        "coordinates": [-84.521936392710245, 39.074003018367442]
      },
      "properties": {
        "OBJECTID": 1042,
        "Receiver": "F24901",
        "DU": 1,
        "FrontRow": "No",
        "Existing": 66.9000015,
        "Proposed": 67,
        "Impact": "Yes",
        "Barrier": 64.6999969,
        "Benefited": "No",
        "ELEVATION": 564.486023,
        "Section": "NSAF",
        "Reduction": 3.9999961853027344,
        "x": 5269944.5598362982,
        "y": 4281124.1300900578,
        "MapSection": null,
        "Latitude": 39.073995510000003,
        "Longitude": -84.521931809999998
      }
    },
    {
      "type": "Feature",
      "id": 1043,
      "geometry": {
        "type": "Point",
        "coordinates": [-84.521787232690698, 39.0738652598587]
      },
      "properties": {
        "OBJECTID": 1043,
        "Receiver": "F25001",
        "DU": 1,
        "FrontRow": "No",
        "Existing": 67.0999985,
        "Proposed": 67.3000031,
        "Impact": "Yes",
        "Barrier": 65,
        "Benefited": "No",
        "ELEVATION": 564.466003,
        "Section": "NSAF",
        "Reduction": 3.9999961853027344,
        "x": 5269987.5699208826,
        "y": 4281074.5101105571,
        "MapSection": null,
        "Latitude": 39.073857750000002,
        "Longitude": -84.521782650000006
      }
    },
    {
      "type": "Feature",
      "id": 1044,
      "geometry": {
        "type": "Point",
        "coordinates": [-84.521812456573301, 39.073785626531816]
      },
      "properties": {
        "OBJECTID": 1044,
        "Receiver": "F25101",
        "DU": 1,
        "FrontRow": "No",
        "Existing": 66.5999985,
        "Proposed": 67.1999969,
        "Impact": "Yes",
        "Barrier": 64.9000015,
        "Benefited": "No",
        "ELEVATION": 565.567017,
        "Section": "NSAF",
        "Reduction": 3.9999961853027344,
        "x": 5269980.7900788039,
        "y": 4281045.4101031423,
        "MapSection": null,
        "Latitude": 39.07377812,
        "Longitude": -84.521807870000004
      }
    },
    {
      "type": "Feature",
      "id": 1045,
      "geometry": {
        "type": "Point",
        "coordinates": [-84.521429833645129, 39.073384243995662]
      },
      "properties": {
        "OBJECTID": 1045,
        "Receiver": "F25201",
        "DU": 1,
        "FrontRow": "No",
        "Existing": 67.0999985,
        "Proposed": 68.4000015,
        "Impact": "Yes",
        "Barrier": 66.8000031,
        "Benefited": "No",
        "ELEVATION": 575.383972,
        "Section": "NSAF",
        "Reduction": 3,
        "x": 5270091.3498970568,
        "y": 4280900.6400514841,
        "MapSection": null,
        "Latitude": 39.07337674,
        "Longitude": -84.521425249999993
      }
    },
    {
      "type": "Feature",
      "id": 1046,
      "geometry": {
        "type": "Point",
        "coordinates": [-84.521911598957345, 39.073155934780452]
      },
      "properties": {
        "OBJECTID": 1046,
        "Receiver": "F25301",
        "DU": 1,
        "FrontRow": "No",
        "Existing": 63.2000008,
        "Proposed": 67,
        "Impact": "Yes",
        "Barrier": 65.6999969,
        "Benefited": "No",
        "ELEVATION": 600.169983,
        "Section": "NSAF",
        "Reduction": 2,
        "x": 5269955.6598797143,
        "y": 4280815.6799195558,
        "MapSection": null,
        "Latitude": 39.073148430000003,
        "Longitude": -84.521907010000007
      }
    },
    {
      "type": "Feature",
      "id": 1047,
      "geometry": {
        "type": "Point",
        "coordinates": [-84.521843003767898, 39.073059059122947]
      },
      "properties": {
        "OBJECTID": 1047,
        "Receiver": "F25401",
        "DU": 1,
        "FrontRow": "No",
        "Existing": 62.7999992,
        "Proposed": 67.1999969,
        "Impact": "Yes",
        "Barrier": 65.9000015,
        "Benefited": "No",
        "ELEVATION": 603.739014,
        "Section": "NSAF",
        "Reduction": 1.9000015258789062,
        "x": 5269975.6001285613,
        "y": 4280780.6501339823,
        "MapSection": null,
        "Latitude": 39.073051550000002,
        "Longitude": -84.521838419999995
      }
    },
    {
      "type": "Feature",
      "id": 1048,
      "geometry": {
        "type": "Point",
        "coordinates": [-84.521732650153609, 39.073003182307097]
      },
      "properties": {
        "OBJECTID": 1048,
        "Receiver": "F25501",
        "DU": 1,
        "FrontRow": "No",
        "Existing": 63,
        "Proposed": 67.1999969,
        "Impact": "Yes",
        "Barrier": 66,
        "Benefited": "No",
        "ELEVATION": 599.846985,
        "Section": "NSAF",
        "Reduction": 1.9000015258789062,
        "x": 5270007.2001309693,
        "y": 4280760.7098851502,
        "MapSection": null,
        "Latitude": 39.072995679999998,
        "Longitude": -84.521728069999995
      }
    },
    {
      "type": "Feature",
      "id": 1049,
      "geometry": {
        "type": "Point",
        "coordinates": [-84.52180190934773, 39.072881281770641]
      },
      "properties": {
        "OBJECTID": 1049,
        "Receiver": "F25601",
        "DU": 1,
        "FrontRow": "No",
        "Existing": 61.4000015,
        "Proposed": 67.1999969,
        "Impact": "Yes",
        "Barrier": 66,
        "Benefited": "No",
        "ELEVATION": 608.627014,
        "Section": "NSAF",
        "Reduction": 1.2999954223632812,
        "x": 5269988.1201166362,
        "y": 4280716.0498694777,
        "MapSection": null,
        "Latitude": 39.072873780000002,
        "Longitude": -84.521797320000005
      }
    },
    {
      "type": "Feature",
      "id": 1050,
      "geometry": {
        "type": "Point",
        "coordinates": [-84.521764162240103, 39.072830680538289]
      },
      "properties": {
        "OBJECTID": 1050,
        "Receiver": "F25701",
        "DU": 1,
        "FrontRow": "No",
        "Existing": 60.9000015,
        "Proposed": 67.4000015,
        "Impact": "Yes",
        "Barrier": 66.1999969,
        "Benefited": "No",
        "ELEVATION": 610.304016,
        "Section": "NSAF",
        "Reduction": 1.2999954223632812,
        "x": 5269999.080068469,
        "y": 4280697.7598798126,
        "MapSection": null,
        "Latitude": 39.07282318,
        "Longitude": -84.521759579999994
      }
    },
    {
      "type": "Feature",
      "id": 1051,
      "geometry": {
        "type": "Point",
        "coordinates": [-84.52150907346892, 39.072711052710609]
      },
      "properties": {
        "OBJECTID": 1051,
        "Receiver": "F25801-F",
        "DU": 1,
        "FrontRow": "No",
        "Existing": 62.0999985,
        "Proposed": 68,
        "Impact": "Yes",
        "Barrier": 66.6999969,
        "Benefited": "No",
        "ELEVATION": 602.898987,
        "Section": "NSAF",
        "Reduction": 1.3000030517578125,
        "x": 5270072.0799224675,
        "y": 4280655.1398863047,
        "MapSection": null,
        "Latitude": 39.07270355,
        "Longitude": -84.521504489999998
      }
    },
    {
      "type": "Feature",
      "id": 1052,
      "geometry": {
        "type": "Point",
        "coordinates": [-84.522146888914094, 39.072526925870449]
      },
      "properties": {
        "OBJECTID": 1052,
        "Receiver": "F25904-F",
        "DU": 1,
        "FrontRow": "No",
        "Existing": 65.5,
        "Proposed": 67,
        "Impact": "Yes",
        "Barrier": 66.3000031,
        "Benefited": "No",
        "ELEVATION": 664.572998,
        "Section": "NSAF",
        "Reduction": 0.6999969482421875,
        "x": 5269891.8699810505,
        "y": 4280585.6898939759,
        "MapSection": null,
        "Latitude": 39.072519419999999,
        "Longitude": -84.522142299999999
      }
    },
    {
      "type": "Feature",
      "id": 1053,
      "geometry": {
        "type": "Point",
        "coordinates": [-84.520107312740691, 39.072660282730673]
      },
      "properties": {
        "OBJECTID": 1053,
        "Receiver": "F26001-F",
        "DU": 1,
        "FrontRow": "Yes",
        "Existing": 72.8000031,
        "Proposed": 73.3000031,
        "Impact": "Yes",
        "Barrier": 62.5,
        "Benefited": "Yes",
        "ELEVATION": 532.447998,
        "Section": "NSAF",
        "Reduction": 12.099998474121094,
        "x": 5270470.3199396431,
        "y": 4280641.8899128139,
        "MapSection": null,
        "Latitude": 39.072652779999999,
        "Longitude": -84.520102730000005
      }
    },
    {
      "type": "Feature",
      "id": 1054,
      "geometry": {
        "type": "Point",
        "coordinates": [-84.52039209120926, 39.072738158877968]
      },
      "properties": {
        "OBJECTID": 1054,
        "Receiver": "F26101",
        "DU": 4,
        "FrontRow": "Yes",
        "Existing": 68.4000015,
        "Proposed": 71.9000015,
        "Impact": "Yes",
        "Barrier": 66.6999969,
        "Benefited": "Yes",
        "ELEVATION": 542.916992,
        "Section": "NSAF",
        "Reduction": 8.2000007629394531,
        "x": 5270389.0901152194,
        "y": 4280669.1900550574,
        "MapSection": null,
        "Latitude": 39.072730649999997,
        "Longitude": -84.520387510000006
      }
    },
    {
      "type": "Feature",
      "id": 1055,
      "geometry": {
        "type": "Point",
        "coordinates": [-84.520353593727293, 39.072888268454506]
      },
      "properties": {
        "OBJECTID": 1055,
        "Receiver": "F26201",
        "DU": 1,
        "FrontRow": "Yes",
        "Existing": 70.6999969,
        "Proposed": 71,
        "Impact": "Yes",
        "Barrier": 64.6999969,
        "Benefited": "Yes",
        "ELEVATION": 535.755005,
        "Section": "NSAF",
        "Reduction": 8.5999984741210938,
        "x": 5270399.3000685573,
        "y": 4280724.0101553947,
        "MapSection": null,
        "Latitude": 39.072880759999997,
        "Longitude": -84.520349010000004
      }
    },
    {
      "type": "Feature",
      "id": 1056,
      "geometry": {
        "type": "Point",
        "coordinates": [-84.52060141390173, 39.072987809853359]
      },
      "properties": {
        "OBJECTID": 1056,
        "Receiver": "F26301",
        "DU": 1,
        "FrontRow": "No",
        "Existing": 68,
        "Proposed": 71,
        "Impact": "Yes",
        "Barrier": 67.5999985,
        "Benefited": "Yes",
        "ELEVATION": 547.60199,
        "Section": "NSAF",
        "Reduction": 6.0999984741210938,
        "x": 5270328.4599871337,
        "y": 4280759.3401372284,
        "MapSection": null,
        "Latitude": 39.072980299999998,
        "Longitude": -84.520596830000002
      }
    },
    {
      "type": "Feature",
      "id": 1057,
      "geometry": {
        "type": "Point",
        "coordinates": [-84.52079219524083, 39.073177967701398]
      },
      "properties": {
        "OBJECTID": 1057,
        "Receiver": "F26401",
        "DU": 1,
        "FrontRow": "No",
        "Existing": 66.8000031,
        "Proposed": 69.8000031,
        "Impact": "Yes",
        "Barrier": 66.0999985,
        "Benefited": "Yes",
        "ELEVATION": 545.612976,
        "Section": "NSAF",
        "Reduction": 6.0999984741210938,
        "x": 5270273.380044803,
        "y": 4280827.8898689002,
        "MapSection": null,
        "Latitude": 39.07317046,
        "Longitude": -84.520787609999999
      }
    },
    {
      "type": "Feature",
      "id": 1058,
      "geometry": {
        "type": "Point",
        "coordinates": [-84.520874559735006, 39.073245637721392]
      },
      "properties": {
        "OBJECTID": 1058,
        "Receiver": "F26501",
        "DU": 1,
        "FrontRow": "No",
        "Existing": 67.8000031,
        "Proposed": 69.5,
        "Impact": "Yes",
        "Barrier": 66.1999969,
        "Benefited": "Yes",
        "ELEVATION": 547.336975,
        "Section": "NSAF",
        "Reduction": 5.6999969482421875,
        "x": 5270249.670118466,
        "y": 4280852.2300433069,
        "MapSection": null,
        "Latitude": 39.07323813,
        "Longitude": -84.520869970000007
      }
    },
    {
      "type": "Feature",
      "id": 1059,
      "geometry": {
        "type": "Point",
        "coordinates": [-84.521139419949208, 39.073604219384407]
      },
      "properties": {
        "OBJECTID": 1059,
        "Receiver": "F26601",
        "DU": 1,
        "FrontRow": "No",
        "Existing": 66.5,
        "Proposed": 67.3000031,
        "Impact": "Yes",
        "Barrier": 63.7999992,
        "Benefited": "Yes",
        "ELEVATION": 547.971008,
        "Section": "NSAF",
        "Reduction": 5.1000022888183594,
        "x": 5270172.7499967217,
        "y": 4280981.8498628139,
        "MapSection": null,
        "Latitude": 39.073596709999997,
        "Longitude": -84.521134829999994
      }
    },
    {
      "type": "Feature",
      "id": 1060,
      "geometry": {
        "type": "Point",
        "coordinates": [-84.521239036588867, 39.073711956885766]
      },
      "properties": {
        "OBJECTID": 1060,
        "Receiver": "F26701",
        "DU": 1,
        "FrontRow": "No",
        "Existing": 65.0999985,
        "Proposed": 66,
        "Impact": "Yes",
        "Barrier": 62.9000015,
        "Benefited": "Yes",
        "ELEVATION": 547.041992,
        "Section": "NSAF",
        "Reduction": 5.1000022888183594,
        "x": 5270143.9498574734,
        "y": 4281020.7198638171,
        "MapSection": null,
        "Latitude": 39.073704450000001,
        "Longitude": -84.521234449999994
      }
    },
    {
      "type": "Feature",
      "id": 1061,
      "geometry": {
        "type": "Point",
        "coordinates": [-84.52122708057766, 39.073798397998331]
      },
      "properties": {
        "OBJECTID": 1061,
        "Receiver": "F26801",
        "DU": 1,
        "FrontRow": "No",
        "Existing": 62.4000015,
        "Proposed": 62.9000015,
        "Impact": "No",
        "Barrier": 59.5999985,
        "Benefited": "Yes",
        "ELEVATION": 540.994019,
        "Section": "NSAF",
        "Reduction": 5.4000015258789062,
        "x": 5270146.9298383892,
        "y": 4281052.249984473,
        "MapSection": null,
        "Latitude": 39.073790889999998,
        "Longitude": -84.521222499999993
      }
    },
    {
      "type": "Feature",
      "id": 1062,
      "geometry": {
        "type": "Point",
        "coordinates": [-84.521286678512567, 39.073846093604637]
      },
      "properties": {
        "OBJECTID": 1062,
        "Receiver": "F26901",
        "DU": 1,
        "FrontRow": "No",
        "Existing": 61.5999985,
        "Proposed": 62.0999985,
        "Impact": "No",
        "Barrier": 58.9000015,
        "Benefited": "Yes",
        "ELEVATION": 538.822021,
        "Section": "NSAF",
        "Reduction": 5.4000015258789062,
        "x": 5270129.7799383104,
        "y": 4281069.3998845667,
        "MapSection": null,
        "Latitude": 39.073838590000001,
        "Longitude": -84.52128209
      }
    },
    {
      "type": "Feature",
      "id": 1063,
      "geometry": {
        "type": "Point",
        "coordinates": [-84.521348694957709, 39.073925744002864]
      },
      "properties": {
        "OBJECTID": 1063,
        "Receiver": "F27001",
        "DU": 1,
        "FrontRow": "No",
        "Existing": 61.9000015,
        "Proposed": 62.5999985,
        "Impact": "No",
        "Barrier": 59.5999985,
        "Benefited": "Yes",
        "ELEVATION": 540.39801,
        "Section": "NSAF",
        "Reduction": 5.4000015258789062,
        "x": 5270111.7901448905,
        "y": 4281098.1800107211,
        "MapSection": null,
        "Latitude": 39.073918239999998,
        "Longitude": -84.521344110000001
      }
    },
    {
      "type": "Feature",
      "id": 1064,
      "geometry": {
        "type": "Point",
        "coordinates": [-84.521367430820817, 39.073973844352722]
      },
      "properties": {
        "OBJECTID": 1064,
        "Receiver": "F27101",
        "DU": 1,
        "FrontRow": "No",
        "Existing": 61.5,
        "Proposed": 62.2000008,
        "Impact": "No",
        "Barrier": 59.2000008,
        "Benefited": "Yes",
        "ELEVATION": 539.502991,
        "Section": "NSAF",
        "Reduction": 5.4000015258789062,
        "x": 5270106.2399591357,
        "y": 4281115.6301070601,
        "MapSection": null,
        "Latitude": 39.073966339999998,
        "Longitude": -84.521362850000003
      }
    },
    {
      "type": "Feature",
      "id": 1065,
      "geometry": {
        "type": "Point",
        "coordinates": [-84.521470414354795, 39.074080353361417]
      },
      "properties": {
        "OBJECTID": 1065,
        "Receiver": "F27201",
        "DU": 1,
        "FrontRow": "No",
        "Existing": 61.9000015,
        "Proposed": 63,
        "Impact": "No",
        "Barrier": 60,
        "Benefited": "Yes",
        "ELEVATION": 540.031982,
        "Section": "NSAF",
        "Reduction": 5,
        "x": 5270076.490018636,
        "y": 4281154.0401352197,
        "MapSection": null,
        "Latitude": 39.07407285,
        "Longitude": -84.521465829999997
      }
    },
    {
      "type": "Feature",
      "id": 1066,
      "geometry": {
        "type": "Point",
        "coordinates": [-84.521637139660399, 39.074366737367974]
      },
      "properties": {
        "OBJECTID": 1066,
        "Receiver": "F27301",
        "DU": 1,
        "FrontRow": "No",
        "Existing": 62.5,
        "Proposed": 63.7000008,
        "Impact": "No",
        "Barrier": 60.5,
        "Benefited": "No",
        "ELEVATION": 539.132996,
        "Section": "NSAF",
        "Reduction": 4.8000030517578125,
        "x": 5270027.7801423073,
        "y": 4281257.7298884839,
        "MapSection": null,
        "Latitude": 39.074359229999999,
        "Longitude": -84.521632550000007
      }
    },
    {
      "type": "Feature",
      "id": 1067,
      "geometry": {
        "type": "Point",
        "coordinates": [-84.521602455076092, 39.074318336514224]
      },
      "properties": {
        "OBJECTID": 1067,
        "Receiver": "F27401",
        "DU": 1,
        "FrontRow": "No",
        "Existing": 63.0999985,
        "Proposed": 64.8000031,
        "Impact": "No",
        "Barrier": 61.5999985,
        "Benefited": "No",
        "ELEVATION": 540.955994,
        "Section": "NSAF",
        "Reduction": 4.7999992370605469,
        "x": 5270037.8598465472,
        "y": 4281240.2299234718,
        "MapSection": null,
        "Latitude": 39.074310830000002,
        "Longitude": -84.521597869999994
      }
    },
    {
      "type": "Feature",
      "id": 1068,
      "geometry": {
        "type": "Point",
        "coordinates": [-84.521764836002788, 39.074486568354679]
      },
      "properties": {
        "OBJECTID": 1068,
        "Receiver": "F27503",
        "DU": 1,
        "FrontRow": "No",
        "Existing": 64.1999969,
        "Proposed": 62.5,
        "Impact": "No",
        "Barrier": 59.7999992,
        "Benefited": "No",
        "ELEVATION": 534.642029,
        "Section": "NSAF",
        "Reduction": 4.7000007629394531,
        "x": 5269990.9501634687,
        "y": 4281300.9000777304,
        "MapSection": null,
        "Latitude": 39.074479060000002,
        "Longitude": -84.52176025
      }
    },
    {
      "type": "Feature",
      "id": 1069,
      "geometry": {
        "type": "Point",
        "coordinates": [-84.521803551750665, 39.074554996816872]
      },
      "properties": {
        "OBJECTID": 1069,
        "Receiver": "F27602",
        "DU": 1,
        "FrontRow": "No",
        "Existing": 66,
        "Proposed": 63.9000015,
        "Impact": "No",
        "Barrier": 60.9000015,
        "Benefited": "No",
        "ELEVATION": 535.531006,
        "Section": "NSAF",
        "Reduction": 4.7000007629394531,
        "x": 5269979.6299761385,
        "y": 4281325.6798838079,
        "MapSection": null,
        "Latitude": 39.07454749,
        "Longitude": -84.521798970000006
      }
    },
    {
      "type": "Feature",
      "id": 1070,
      "geometry": {
        "type": "Point",
        "coordinates": [-84.521128574901169, 39.074333707122165]
      },
      "properties": {
        "OBJECTID": 1070,
        "Receiver": "F27702",
        "DU": 3,
        "FrontRow": "No",
        "Existing": 66.1999969,
        "Proposed": 68.1999969,
        "Impact": "Yes",
        "Barrier": 64.5,
        "Benefited": "No",
        "ELEVATION": 527.244995,
        "Section": "NSAF",
        "Reduction": 4.7999992370605469,
        "x": 5270172.3300500512,
        "y": 4281247.5999874771,
        "MapSection": null,
        "Latitude": 39.074326200000002,
        "Longitude": -84.521123990000007
      }
    },
    {
      "type": "Feature",
      "id": 1071,
      "geometry": {
        "type": "Point",
        "coordinates": [-84.52100539652848, 39.074380157941619]
      },
      "properties": {
        "OBJECTID": 1071,
        "Receiver": "F27801",
        "DU": 2,
        "FrontRow": "No",
        "Existing": 68.3000031,
        "Proposed": 69.3000031,
        "Impact": "Yes",
        "Barrier": 65.5,
        "Benefited": "Yes",
        "ELEVATION": 528.583008,
        "Section": "NSAF",
        "Reduction": 5.6999969482421875,
        "x": 5270207.0799805522,
        "y": 4281264.9798739702,
        "MapSection": null,
        "Latitude": 39.074372650000001,
        "Longitude": -84.521000810000004
      }
    },
    {
      "type": "Feature",
      "id": 1072,
      "geometry": {
        "type": "Point",
        "coordinates": [-84.520903095087363, 39.074383335706912]
      },
      "properties": {
        "OBJECTID": 1072,
        "Receiver": "F27901",
        "DU": 2,
        "FrontRow": "No",
        "Existing": 69,
        "Proposed": 69.8000031,
        "Impact": "Yes",
        "Barrier": 66,
        "Benefited": "Yes",
        "ELEVATION": 528.494019,
        "Section": "NSAF",
        "Reduction": 5.8000030517578125,
        "x": 5270236.1101062149,
        "y": 4281266.519897148,
        "MapSection": null,
        "Latitude": 39.074375830000001,
        "Longitude": -84.520898509999995
      }
    },
    {
      "type": "Feature",
      "id": 1073,
      "geometry": {
        "type": "Point",
        "coordinates": [-84.520815314837932, 39.074381830963858]
      },
      "properties": {
        "OBJECTID": 1073,
        "Receiver": "F28001-F",
        "DU": 1,
        "FrontRow": "No",
        "Existing": 69.8000031,
        "Proposed": 70.3000031,
        "Impact": "Yes",
        "Barrier": 66.4000015,
        "Benefited": "Yes",
        "ELEVATION": 528.434021,
        "Section": "NSAF",
        "Reduction": 5.8000030517578125,
        "x": 5270261.0398463905,
        "y": 4281266.3000813127,
        "MapSection": null,
        "Latitude": 39.074374329999998,
        "Longitude": -84.520810729999994
      }
    },
    {
      "type": "Feature",
      "id": 1074,
      "geometry": {
        "type": "Point",
        "coordinates": [-84.520747810587892, 39.074441345373522]
      },
      "properties": {
        "OBJECTID": 1074,
        "Receiver": "F28101-F",
        "DU": 1,
        "FrontRow": "No",
        "Existing": 70.0999985,
        "Proposed": 70.6999969,
        "Impact": "Yes",
        "Barrier": 66.8000031,
        "Benefited": "Yes",
        "ELEVATION": 527.875,
        "Section": "NSAF",
        "Reduction": 6,
        "x": 5270279.9200579673,
        "y": 4281288.2301555574,
        "MapSection": null,
        "Latitude": 39.074433839999998,
        "Longitude": -84.520743229999994
      }
    },
    {
      "type": "Feature",
      "id": 1075,
      "geometry": {
        "type": "Point",
        "coordinates": [-84.520665287956149, 39.074516353915818]
      },
      "properties": {
        "OBJECTID": 1075,
        "Receiver": "F28201-F",
        "DU": 1,
        "FrontRow": "Yes",
        "Existing": 70.1999969,
        "Proposed": 71.0999985,
        "Impact": "Yes",
        "Barrier": 67,
        "Benefited": "Yes",
        "ELEVATION": 525.784973,
        "Section": "NSAF",
        "Reduction": 6.1999969482421875,
        "x": 5270302.9898937196,
        "y": 4281315.8600215614,
        "MapSection": null,
        "Latitude": 39.074508850000001,
        "Longitude": -84.520660699999993
      }
    },
    {
      "type": "Feature",
      "id": 1076,
      "geometry": {
        "type": "Point",
        "coordinates": [-84.520515259732434, 39.074527935960944]
      },
      "properties": {
        "OBJECTID": 1076,
        "Receiver": "F28301-F",
        "DU": 1,
        "FrontRow": "Yes",
        "Existing": 71.0999985,
        "Proposed": 71.8000031,
        "Impact": "Yes",
        "Barrier": 67.4000015,
        "Benefited": "Yes",
        "ELEVATION": 522.466003,
        "Section": "NSAF",
        "Reduction": 6.4000015258789062,
        "x": 5270345.5301629752,
        "y": 4281320.6398676485,
        "MapSection": null,
        "Latitude": 39.07452043,
        "Longitude": -84.520510669999993
      }
    },
    {
      "type": "Feature",
      "id": 1077,
      "geometry": {
        "type": "Point",
        "coordinates": [-84.52044932899453, 39.074569401311031]
      },
      "properties": {
        "OBJECTID": 1077,
        "Receiver": "F28401-F",
        "DU": 1,
        "FrontRow": "Yes",
        "Existing": 71.4000015,
        "Proposed": 72.1999969,
        "Impact": "Yes",
        "Barrier": 67.6999969,
        "Benefited": "Yes",
        "ELEVATION": 521.599976,
        "Section": "NSAF",
        "Reduction": 6.7999954223632812,
        "x": 5270364.0501390547,
        "y": 4281335.9899025559,
        "MapSection": null,
        "Latitude": 39.074561899999999,
        "Longitude": -84.520444740000002
      }
    },
    {
      "type": "Feature",
      "id": 1078,
      "geometry": {
        "type": "Point",
        "coordinates": [-84.520350417770203, 39.074565804804237]
      },
      "properties": {
        "OBJECTID": 1078,
        "Receiver": "F28501-F",
        "DU": 1,
        "FrontRow": "Yes",
        "Existing": 72.0999985,
        "Proposed": 72.6999969,
        "Impact": "Yes",
        "Barrier": 67.9000015,
        "Benefited": "Yes",
        "ELEVATION": 519.268005,
        "Section": "NSAF",
        "Reduction": 6.7999954223632812,
        "x": 5270392.1501484662,
        "y": 4281335.0499438047,
        "MapSection": null,
        "Latitude": 39.0745583,
        "Longitude": -84.520345829999997
      }
    },
    {
      "type": "Feature",
      "id": 1079,
      "geometry": {
        "type": "Point",
        "coordinates": [-84.520261202200473, 39.074569967623255]
      },
      "properties": {
        "OBJECTID": 1079,
        "Receiver": "F28601-F",
        "DU": 1,
        "FrontRow": "Yes",
        "Existing": 72.6999969,
        "Proposed": 73.1999969,
        "Impact": "Yes",
        "Barrier": 68,
        "Benefited": "Yes",
        "ELEVATION": 517.315002,
        "Section": "NSAF",
        "Reduction": 7.0999984741210938,
        "x": 5270417.4601372182,
        "y": 4281336.900005728,
        "MapSection": null,
        "Latitude": 39.074562460000003,
        "Longitude": -84.520256619999998
      }
    },
    {
      "type": "Feature",
      "id": 1080,
      "geometry": {
        "type": "Point",
        "coordinates": [-84.520175103106794, 39.0746189674284]
      },
      "properties": {
        "OBJECTID": 1080,
        "Receiver": "F28701-F",
        "DU": 1,
        "FrontRow": "Yes",
        "Existing": 72.9000015,
        "Proposed": 73.6999969,
        "Impact": "Yes",
        "Barrier": 67.9000015,
        "Benefited": "Yes",
        "ELEVATION": 513.185974,
        "Section": "NSAF",
        "Reduction": 7.4000015258789062,
        "x": 5270441.6700625569,
        "y": 4281355.0699168891,
        "MapSection": null,
        "Latitude": 39.07461146,
        "Longitude": -84.520170519999994
      }
    },
    {
      "type": "Feature",
      "id": 1081,
      "geometry": {
        "type": "Point",
        "coordinates": [-84.520105387776766, 39.074661381812724]
      },
      "properties": {
        "OBJECTID": 1081,
        "Receiver": "F28801-F",
        "DU": 1,
        "FrontRow": "Yes",
        "Existing": 73.1999969,
        "Proposed": 74,
        "Impact": "Yes",
        "Barrier": 67.0999985,
        "Benefited": "Yes",
        "ELEVATION": 510.695007,
        "Section": "NSAF",
        "Reduction": 7.5999984741210938,
        "x": 5270461.2599183917,
        "y": 4281370.7798592299,
        "MapSection": null,
        "Latitude": 39.07465388,
        "Longitude": -84.520100799999994
      }
    },
    {
      "type": "Feature",
      "id": 1082,
      "geometry": {
        "type": "Point",
        "coordinates": [-84.520009365300822, 39.074670224066701]
      },
      "properties": {
        "OBJECTID": 1082,
        "Receiver": "F28901-F",
        "DU": 1,
        "FrontRow": "Yes",
        "Existing": 73.9000015,
        "Proposed": 74.6999969,
        "Impact": "Yes",
        "Barrier": 67,
        "Benefited": "Yes",
        "ELEVATION": 507.717987,
        "Section": "NSAF",
        "Reduction": 7.8000030517578125,
        "x": 5270488.4800083041,
        "y": 4281374.3599045575,
        "MapSection": null,
        "Latitude": 39.074662719999999,
        "Longitude": -84.520004779999994
      }
    },
    {
      "type": "Feature",
      "id": 1083,
      "geometry": {
        "type": "Point",
        "coordinates": [-84.519962221762327, 39.074725389525966]
      },
      "properties": {
        "OBJECTID": 1083,
        "Receiver": "F29001-F",
        "DU": 1,
        "FrontRow": "Yes",
        "Existing": 74.4000015,
        "Proposed": 75.1999969,
        "Impact": "Yes",
        "Barrier": 67.5,
        "Benefited": "Yes",
        "ELEVATION": 506.431,
        "Section": "NSAF",
        "Reduction": 8.5,
        "x": 5270501.6000608057,
        "y": 4281394.6298771501,
        "MapSection": null,
        "Latitude": 39.074717880000001,
        "Longitude": -84.519957640000001
      }
    },
    {
      "type": "Feature",
      "id": 1084,
      "geometry": {
        "type": "Point",
        "coordinates": [-84.519894307272807, 39.074763320439281]
      },
      "properties": {
        "OBJECTID": 1084,
        "Receiver": "F29101-F",
        "DU": 1,
        "FrontRow": "Yes",
        "Existing": 75.1999969,
        "Proposed": 75.9000015,
        "Impact": "Yes",
        "Barrier": 68.6999969,
        "Benefited": "Yes",
        "ELEVATION": 505.346008,
        "Section": "NSAF",
        "Reduction": 8.5999984741210938,
        "x": 5270520.7000882179,
        "y": 4281408.7000589818,
        "MapSection": null,
        "Latitude": 39.074755809999999,
        "Longitude": -84.519889719999995
      }
    },
    {
      "type": "Feature",
      "id": 1085,
      "geometry": {
        "type": "Point",
        "coordinates": [-84.520938559681923, 39.074266827319732]
      },
      "properties": {
        "OBJECTID": 1085,
        "Receiver": "F29201",
        "DU": 1,
        "FrontRow": "Yes",
        "Existing": 68.9000015,
        "Proposed": 69.5,
        "Impact": "Yes",
        "Barrier": 65.5,
        "Benefited": "Yes",
        "ELEVATION": 527.999023,
        "Section": "NSAF",
        "Reduction": 9.1999969482421875,
        "x": 5270226.5999546349,
        "y": 4281223.9501003921,
        "MapSection": null,
        "Latitude": 39.074259320000003,
        "Longitude": -84.520933970000002
      }
    },
    {
      "type": "Feature",
      "id": 1086,
      "geometry": {
        "type": "Point",
        "coordinates": [-84.520831215276147, 39.074237063071045]
      },
      "properties": {
        "OBJECTID": 1086,
        "Receiver": "F29301-F",
        "DU": 1,
        "FrontRow": "Yes",
        "Existing": 69.4000015,
        "Proposed": 69.8000031,
        "Impact": "Yes",
        "Barrier": 65.5999985,
        "Benefited": "Yes",
        "ELEVATION": 525.28302,
        "Section": "NSAF",
        "Reduction": 6,
        "x": 5270257.2199721336,
        "y": 4281213.5101606399,
        "MapSection": null,
        "Latitude": 39.074229559999999,
        "Longitude": -84.520826630000002
      }
    },
    {
      "type": "Feature",
      "id": 1087,
      "geometry": {
        "type": "Point",
        "coordinates": [-84.520779534307067, 39.074177312995026]
      },
      "properties": {
        "OBJECTID": 1087,
        "Receiver": "F29401-F",
        "DU": 1,
        "FrontRow": "No",
        "Existing": 69.5999985,
        "Proposed": 69.8000031,
        "Impact": "Yes",
        "Barrier": 65.5,
        "Benefited": "Yes",
        "ELEVATION": 523.763,
        "Section": "NSAF",
        "Reduction": 6.3999977111816406,
        "x": 5270272.1799159646,
        "y": 4281191.9399938136,
        "MapSection": null,
        "Latitude": 39.074169810000001,
        "Longitude": -84.520774950000003
      }
    },
    {
      "type": "Feature",
      "id": 1088,
      "geometry": {
        "type": "Point",
        "coordinates": [-84.520722644262548, 39.074083987812713]
      },
      "properties": {
        "OBJECTID": 1088,
        "Receiver": "F29501-F",
        "DU": 1,
        "FrontRow": "Yes",
        "Existing": 69.9000015,
        "Proposed": 69.9000015,
        "Impact": "Yes",
        "Barrier": 65.5,
        "Benefited": "Yes",
        "ELEVATION": 522.650024,
        "Section": "NSAF",
        "Reduction": 6.9000015258789062,
        "x": 5270288.7799483836,
        "y": 4281158.159877643,
        "MapSection": null,
        "Latitude": 39.074076480000002,
        "Longitude": -84.520718059999993
      }
    },
    {
      "type": "Feature",
      "id": 1089,
      "geometry": {
        "type": "Point",
        "coordinates": [-84.52074064181862, 39.074148608185972]
      },
      "properties": {
        "OBJECTID": 1089,
        "Receiver": "F29501-F",
        "DU": 1,
        "FrontRow": "Yes",
        "Existing": 69.6999969,
        "Proposed": 69.9000015,
        "Impact": "Yes",
        "Barrier": 65.5,
        "Benefited": "Yes",
        "ELEVATION": 521.674011,
        "Section": "NSAF",
        "Reduction": 6.3999977111816406,
        "x": 5270283.3600117266,
        "y": 4281181.6299750656,
        "MapSection": null,
        "Latitude": 39.074141099999999,
        "Longitude": -84.520736060000004
      }
    },
    {
      "type": "Feature",
      "id": 1090,
      "geometry": {
        "type": "Point",
        "coordinates": [-84.520673603326799, 39.074011828403712]
      },
      "properties": {
        "OBJECTID": 1090,
        "Receiver": "F29601-F",
        "DU": 1,
        "FrontRow": "Yes",
        "Existing": 70,
        "Proposed": 69.8000031,
        "Impact": "Yes",
        "Barrier": 65.1999969,
        "Benefited": "Yes",
        "ELEVATION": 520.744995,
        "Section": "NSAF",
        "Reduction": 6.9000015258789062,
        "x": 5270303.0499329716,
        "y": 4281132.059864223,
        "MapSection": null,
        "Latitude": 39.07400432,
        "Longitude": -84.52066902
      }
    },
    {
      "type": "Feature",
      "id": 1091,
      "geometry": {
        "type": "Point",
        "coordinates": [-84.520623296242931, 39.073949979243785]
      },
      "properties": {
        "OBJECTID": 1091,
        "Receiver": "F29701-F",
        "DU": 1,
        "FrontRow": "Yes",
        "Existing": 70.0999985,
        "Proposed": 69.5,
        "Impact": "Yes",
        "Barrier": 64.9000015,
        "Benefited": "Yes",
        "ELEVATION": 518.070984,
        "Section": "NSAF",
        "Reduction": 7.0999984741210938,
        "x": 5270317.629956305,
        "y": 4281109.7200138867,
        "MapSection": null,
        "Latitude": 39.073942469999999,
        "Longitude": -84.520618709999994
      }
    },
    {
      "type": "Feature",
      "id": 1092,
      "geometry": {
        "type": "Point",
        "coordinates": [-84.520587009165538, 39.073894231472593]
      },
      "properties": {
        "OBJECTID": 1092,
        "Receiver": "F29801-F",
        "DU": 1,
        "FrontRow": "Yes",
        "Existing": 70.3000031,
        "Proposed": 69.5999985,
        "Impact": "Yes",
        "Barrier": 65,
        "Benefited": "Yes",
        "ELEVATION": 518.426025,
        "Section": "NSAF",
        "Reduction": 7.0999984741210938,
        "x": 5270328.2001451403,
        "y": 4281089.550106734,
        "MapSection": null,
        "Latitude": 39.073886729999998,
        "Longitude": -84.520582419999997
      }
    },
    {
      "type": "Feature",
      "id": 1093,
      "geometry": {
        "type": "Point",
        "coordinates": [-84.52053117732774, 39.073819613517543]
      },
      "properties": {
        "OBJECTID": 1093,
        "Receiver": "F29901-F",
        "DU": 1,
        "FrontRow": "Yes",
        "Existing": 70.5,
        "Proposed": 69.9000015,
        "Impact": "Yes",
        "Barrier": 65.1999969,
        "Benefited": "Yes",
        "ELEVATION": 520.562988,
        "Section": "NSAF",
        "Reduction": 7.0999984741210938,
        "x": 5270344.4100864679,
        "y": 4281062.580016315,
        "MapSection": null,
        "Latitude": 39.073812109999999,
        "Longitude": -84.520526590000003
      }
    },
    {
      "type": "Feature",
      "id": 1094,
      "geometry": {
        "type": "Point",
        "coordinates": [-84.52048359544078, 39.073775801490541]
      },
      "properties": {
        "OBJECTID": 1094,
        "Receiver": "F30001-F",
        "DU": 1,
        "FrontRow": "Yes",
        "Existing": 70.9000015,
        "Proposed": 70.8000031,
        "Impact": "Yes",
        "Barrier": 65.9000015,
        "Benefited": "Yes",
        "ELEVATION": 526.741028,
        "Section": "NSAF",
        "Reduction": 7.4000015258789062,
        "x": 5270358.1298753023,
        "y": 4281046.7998641431,
        "MapSection": null,
        "Latitude": 39.073768299999998,
        "Longitude": -84.520479010000003
      }
    },
    {
      "type": "Feature",
      "id": 1095,
      "geometry": {
        "type": "Point",
        "coordinates": [-84.520456897030215, 39.07372580784093]
      },
      "properties": {
        "OBJECTID": 1095,
        "Receiver": "F30101-F",
        "DU": 1,
        "FrontRow": "Yes",
        "Existing": 71,
        "Proposed": 71.0999985,
        "Impact": "Yes",
        "Barrier": 66,
        "Benefited": "Yes",
        "ELEVATION": 527.142029,
        "Section": "NSAF",
        "Reduction": 7.4000015258789062,
        "x": 5270365.9500696361,
        "y": 4281028.6899922341,
        "MapSection": null,
        "Latitude": 39.073718300000003,
        "Longitude": -84.520452309999996
      }
    },
    {
      "type": "Feature",
      "id": 1096,
      "geometry": {
        "type": "Point",
        "coordinates": [-84.520267702567409, 39.073591781361998]
      },
      "properties": {
        "OBJECTID": 1096,
        "Receiver": "F30201-F",
        "DU": 1,
        "FrontRow": "Yes",
        "Existing": 72,
        "Proposed": 72.1999969,
        "Impact": "Yes",
        "Barrier": 66.0999985,
        "Benefited": "Yes",
        "ELEVATION": 527.669983,
        "Section": "NSAF",
        "Reduction": 7.6000022888183594,
        "x": 5270420.309869051,
        "y": 4280980.5798522234,
        "MapSection": null,
        "Latitude": 39.073584279999999,
        "Longitude": -84.520263119999996
      }
    },
    {
      "type": "Feature",
      "id": 1097,
      "geometry": {
        "type": "Point",
        "coordinates": [-84.520226618172771, 39.073511495112037]
      },
      "properties": {
        "OBJECTID": 1097,
        "Receiver": "F30301-F",
        "DU": 1,
        "FrontRow": "Yes",
        "Existing": 72.1999969,
        "Proposed": 72.4000015,
        "Impact": "Yes",
        "Barrier": 66.0999985,
        "Benefited": "Yes",
        "ELEVATION": 528.776001,
        "Section": "NSAF",
        "Reduction": 8.4000015258789062,
        "x": 5270432.3600417972,
        "y": 4280951.4900153875,
        "MapSection": null,
        "Latitude": 39.073503989999999,
        "Longitude": -84.520222029999999
      }
    },
    {
      "type": "Feature",
      "id": 1098,
      "geometry": {
        "type": "Point",
        "coordinates": [-84.520127027133412, 39.073400297293354]
      },
      "properties": {
        "OBJECTID": 1098,
        "Receiver": "F30401-F",
        "DU": 1,
        "FrontRow": "Yes",
        "Existing": 72.8000031,
        "Proposed": 73.0999985,
        "Impact": "Yes",
        "Barrier": 64.9000015,
        "Benefited": "Yes",
        "ELEVATION": 530.763,
        "Section": "NSAF",
        "Reduction": 8.7999992370605469,
        "x": 5270461.1700235605,
        "y": 4280911.3598463088,
        "MapSection": null,
        "Latitude": 39.07339279,
        "Longitude": -84.520122439999994
      }
    },
    {
      "type": "Feature",
      "id": 1099,
      "geometry": {
        "type": "Point",
        "coordinates": [-84.520057769593066, 39.073249026750958]
      },
      "properties": {
        "OBJECTID": 1099,
        "Receiver": "F30501-F",
        "DU": 1,
        "FrontRow": "Yes",
        "Existing": 73,
        "Proposed": 73.4000015,
        "Impact": "Yes",
        "Barrier": 62.7000008,
        "Benefited": "Yes",
        "ELEVATION": 526.682007,
        "Section": "NSAF",
        "Reduction": 10.199996948242188,
        "x": 5270481.5600746423,
        "y": 4280856.5200609714,
        "MapSection": null,
        "Latitude": 39.073241520000003,
        "Longitude": -84.520053180000005
      }
    },
    {
      "type": "Feature",
      "id": 1100,
      "geometry": {
        "type": "Point",
        "coordinates": [-84.51999965115651, 39.073190995403131]
      },
      "properties": {
        "OBJECTID": 1100,
        "Receiver": "F30601-F",
        "DU": 1,
        "FrontRow": "Yes",
        "Existing": 73.1999969,
        "Proposed": 73.5999985,
        "Impact": "Yes",
        "Barrier": 60.0999985,
        "Benefited": "Yes",
        "ELEVATION": 522.408997,
        "Section": "NSAF",
        "Reduction": 12.700000762939453,
        "x": 5270498.3398967236,
        "y": 4280835.6001553088,
        "MapSection": null,
        "Latitude": 39.073183489999998,
        "Longitude": -84.519995069999993
      }
    },
    {
      "type": "Feature",
      "id": 1101,
      "geometry": {
        "type": "Point",
        "coordinates": [-84.519968045640482, 39.073122968105672]
      },
      "properties": {
        "OBJECTID": 1101,
        "Receiver": "F30701-F",
        "DU": 1,
        "FrontRow": "Yes",
        "Existing": 73.4000015,
        "Proposed": 73.9000015,
        "Impact": "Yes",
        "Barrier": 60.2000008,
        "Benefited": "Yes",
        "ELEVATION": 522.515991,
        "Section": "NSAF",
        "Reduction": 15.099998474121094,
        "x": 5270507.6400749683,
        "y": 4280810.9400996417,
        "MapSection": null,
        "Latitude": 39.073115459999997,
        "Longitude": -84.51996346
      }
    },
    {
      "type": "Feature",
      "id": 1102,
      "geometry": {
        "type": "Point",
        "coordinates": [-84.519924299694921, 39.07306480966605]
      },
      "properties": {
        "OBJECTID": 1102,
        "Receiver": "F30801-F",
        "DU": 1,
        "FrontRow": "Yes",
        "Existing": 73.6999969,
        "Proposed": 74.3000031,
        "Impact": "Yes",
        "Barrier": 60.2000008,
        "Benefited": "Yes",
        "ELEVATION": 522.369995,
        "Section": "NSAF",
        "Reduction": 15.599998474121094,
        "x": 5270520.3398527205,
        "y": 4280789.9201285541,
        "MapSection": null,
        "Latitude": 39.073057300000002,
        "Longitude": -84.519919720000004
      }
    },
    {
      "type": "Feature",
      "id": 1103,
      "geometry": {
        "type": "Point",
        "coordinates": [-84.519890186067883, 39.072991018011628]
      },
      "properties": {
        "OBJECTID": 1103,
        "Receiver": "F30901-F",
        "DU": 1,
        "FrontRow": "Yes",
        "Existing": 74.0999985,
        "Proposed": 74.5999985,
        "Impact": "Yes",
        "Barrier": 61.4000015,
        "Benefited": "Yes",
        "ELEVATION": 524.051025,
        "Section": "NSAF",
        "Reduction": 16.200004577636719,
        "x": 5270530.3798588812,
        "y": 4280763.1698539704,
        "MapSection": null,
        "Latitude": 39.07298351,
        "Longitude": -84.519885599999995
      }
    },
    {
      "type": "Feature",
      "id": 1104,
      "geometry": {
        "type": "Point",
        "coordinates": [-84.519801329133912, 39.072899067114655]
      },
      "properties": {
        "OBJECTID": 1104,
        "Receiver": "F31001-F",
        "DU": 1,
        "FrontRow": "Yes",
        "Existing": 74.9000015,
        "Proposed": 75.5999985,
        "Impact": "Yes",
        "Barrier": 61.2000008,
        "Benefited": "Yes",
        "ELEVATION": 526.268982,
        "Section": "NSAF",
        "Reduction": 15.5,
        "x": 5270556.0500831306,
        "y": 4280730.0101433992,
        "MapSection": null,
        "Latitude": 39.072891560000002,
        "Longitude": -84.519796740000004
      }
    },
    {
      "type": "Feature",
      "id": 1105,
      "geometry": {
        "type": "Point",
        "coordinates": [-84.522080562162245, 39.073096911872163]
      },
      "properties": {
        "OBJECTID": 1105,
        "Receiver": "F31101",
        "DU": 1,
        "FrontRow": "Yes",
        "Existing": 62,
        "Proposed": 66.6999969,
        "Impact": "Yes",
        "Barrier": 65.5,
        "Benefited": "Yes",
        "ELEVATION": 613.328979,
        "Section": "NSAF",
        "Reduction": 17.299999237060547,
        "x": 5269907.9700144678,
        "y": 4280793.5500425547,
        "MapSection": null,
        "Latitude": 39.073089410000001,
        "Longitude": -84.522075979999997
      }
    },
    {
      "type": "Feature",
      "id": 1106,
      "geometry": {
        "type": "Point",
        "coordinates": [-84.523570221758192, 39.076399313499763]
      },
      "properties": {
        "OBJECTID": 1106,
        "Receiver": "F31201",
        "DU": 1,
        "FrontRow": "Yes",
        "Existing": 61.7000008,
        "Proposed": 61.5999985,
        "Impact": "No",
        "Barrier": 57.4000015,
        "Benefited": "No",
        "ELEVATION": 512.062988,
        "Section": "NSAF",
        "Reduction": 1.7000045776367188,
        "x": 5269469.2100652158,
        "y": 4281990.8599838912,
        "MapSection": null,
        "Latitude": 39.076391809999997,
        "Longitude": -84.523565640000001
      }
    },
    {
      "type": "Feature",
      "id": 1107,
      "geometry": {
        "type": "Point",
        "coordinates": [-84.521823410991132, 39.075531530709853]
      },
      "properties": {
        "OBJECTID": 1107,
        "Receiver": "F31301",
        "DU": 1,
        "FrontRow": "No",
        "Existing": 67.0999985,
        "Proposed": 66.5999985,
        "Impact": "Yes",
        "Barrier": 62.9000015,
        "Benefited": "No",
        "ELEVATION": 515.416016,
        "Section": "NSAF",
        "Reduction": 4.3000030517578125,
        "x": 5269969.3101148903,
        "y": 4281681.2999074757,
        "MapSection": null,
        "Latitude": 39.075524029999997,
        "Longitude": -84.521818830000001
      }
    },
    {
      "type": "Feature",
      "id": 1108,
      "geometry": {
        "type": "Point",
        "coordinates": [-84.521640615403271, 39.077523001827487]
      },
      "properties": {
        "OBJECTID": 1108,
        "Receiver": "F31501",
        "DU": 1,
        "FrontRow": "No",
        "Existing": 69.0999985,
        "Proposed": 68.5,
        "Impact": "Yes",
        "Barrier": 63.7000008,
        "Benefited": "Yes",
        "ELEVATION": 492.858002,
        "Section": "NSAF",
        "Reduction": 5.2000045776367188,
        "x": 5270011.6600958109,
        "y": 4282407.360135138,
        "MapSection": null,
        "Latitude": 39.077515499999997,
        "Longitude": -84.521636029999996
      }
    },
    {
      "type": "Feature",
      "id": 1109,
      "geometry": {
        "type": "Point",
        "coordinates": [-84.521219883085053, 39.0766908826864]
      },
      "properties": {
        "OBJECTID": 1109,
        "Receiver": "F316017",
        "DU": 17,
        "FrontRow": "No",
        "Existing": 73.4000015,
        "Proposed": 74.4000015,
        "Impact": "Yes",
        "Barrier": 69.6999969,
        "Benefited": "No",
        "ELEVATION": 518.729004,
        "Section": "NSAF",
        "Reduction": 4.7000045776367188,
        "x": 5270135.1001376361,
        "y": 4282105.8400688916,
        "MapSection": null,
        "Latitude": 39.076683379999999,
        "Longitude": -84.521215299999994
      }
    },
    {
      "type": "Feature",
      "id": 1110,
      "geometry": {
        "type": "Point",
        "coordinates": [-84.524453571303994, 39.088397713747725]
      },
      "properties": {
        "OBJECTID": 1110,
        "Receiver": "E00101-F",
        "DU": 1,
        "FrontRow": "Yes",
        "Existing": 67.6999969,
        "Proposed": 67.4000015,
        "Impact": "Yes",
        "Barrier": 67.4000015,
        "Benefited": "No",
        "ELEVATION": 488.070007,
        "Section": "NSAE",
        "Reduction": 1.7999992370605469,
        "x": 5269161.020064801,
        "y": 4286357.9001343101,
        "MapSection": null,
        "Latitude": 39.08839021,
        "Longitude": -84.524448980000003
      }
    },
    {
      "type": "Feature",
      "id": 1111,
      "geometry": {
        "type": "Point",
        "coordinates": [-84.525961499302284, 39.088492370113286]
      },
      "properties": {
        "OBJECTID": 1111,
        "Receiver": "E00201",
        "DU": 1,
        "FrontRow": "No",
        "Existing": 59.4000015,
        "Proposed": 61.7999992,
        "Impact": "No",
        "Barrier": 61.7000008,
        "Benefited": "No",
        "ELEVATION": 507.410004,
        "Section": "NSAE",
        "Reduction": 2,
        "x": 5268732.51993756,
        "y": 4286386.7599847317,
        "MapSection": null,
        "Latitude": 39.088484860000001,
        "Longitude": -84.525956910000005
      }
    },
    {
      "type": "Feature",
      "id": 1112,
      "geometry": {
        "type": "Point",
        "coordinates": [-84.526064970649983, 39.088393577251118]
      },
      "properties": {
        "OBJECTID": 1112,
        "Receiver": "E00301",
        "DU": 1,
        "FrontRow": "No",
        "Existing": 61.7999992,
        "Proposed": 63.0999985,
        "Impact": "No",
        "Barrier": 61.0999985,
        "Benefited": "No",
        "ELEVATION": 517.690002,
        "Section": "NSAE",
        "Reduction": 2,
        "x": 5268703.6200609654,
        "y": 4286350.3899787217,
        "MapSection": null,
        "Latitude": 39.088386069999999,
        "Longitude": -84.526060380000004
      }
    },
    {
      "type": "Feature",
      "id": 1113,
      "geometry": {
        "type": "Point",
        "coordinates": [-84.526049087292492, 39.088317943311424]
      },
      "properties": {
        "OBJECTID": 1113,
        "Receiver": "E00401",
        "DU": 1,
        "FrontRow": "No",
        "Existing": 62.0999985,
        "Proposed": 63.4000015,
        "Impact": "No",
        "Barrier": 61.2999992,
        "Benefited": "No",
        "ELEVATION": 522.460022,
        "Section": "NSAE",
        "Reduction": 2.1000022888183594,
        "x": 5268708.4901299775,
        "y": 4286322.899876222,
        "MapSection": null,
        "Latitude": 39.088310440000001,
        "Longitude": -84.526044499999998
      }
    },
    {
      "type": "Feature",
      "id": 1114,
      "geometry": {
        "type": "Point",
        "coordinates": [-84.526050212204026, 39.088251104042897]
      },
      "properties": {
        "OBJECTID": 1114,
        "Receiver": "E00501",
        "DU": 1,
        "FrontRow": "No",
        "Existing": 62,
        "Proposed": 64.1999969,
        "Impact": "No",
        "Barrier": 64.0999985,
        "Benefited": "No",
        "ELEVATION": 524.219971,
        "Section": "NSAE",
        "Reduction": 2.1000022888183594,
        "x": 5268708.4901299775,
        "y": 4286298.5498593152,
        "MapSection": null,
        "Latitude": 39.088243599999998,
        "Longitude": -84.526045620000005
      }
    },
    {
      "type": "Feature",
      "id": 1115,
      "geometry": {
        "type": "Point",
        "coordinates": [-84.525976645638437, 39.088180618955747]
      },
      "properties": {
        "OBJECTID": 1115,
        "Receiver": "E00601",
        "DU": 1,
        "FrontRow": "No",
        "Existing": 62,
        "Proposed": 64.4000015,
        "Impact": "No",
        "Barrier": 64.1999969,
        "Benefited": "No",
        "ELEVATION": 523.880005,
        "Section": "NSAE",
        "Reduction": 2.1000022888183594,
        "x": 5268729.7099038064,
        "y": 4286273.149975732,
        "MapSection": null,
        "Latitude": 39.08817311,
        "Longitude": -84.525972060000001
      }
    },
    {
      "type": "Feature",
      "id": 1116,
      "geometry": {
        "type": "Point",
        "coordinates": [-84.525812964400075, 39.087825583789041]
      },
      "properties": {
        "OBJECTID": 1116,
        "Receiver": "E00701",
        "DU": 1,
        "FrontRow": "No",
        "Existing": 62.7999992,
        "Proposed": 64.9000015,
        "Impact": "No",
        "Barrier": 64.6999969,
        "Benefited": "No",
        "ELEVATION": 531.799988,
        "Section": "NSAE",
        "Reduction": 2.5,
        "x": 5268777.8699124753,
        "y": 4286144.4399313033,
        "MapSection": null,
        "Latitude": 39.087818079999998,
        "Longitude": -84.525808380000001
      }
    },
    {
      "type": "Feature",
      "id": 1117,
      "geometry": {
        "type": "Point",
        "coordinates": [-84.525738312486553, 39.087660535797205]
      },
      "properties": {
        "OBJECTID": 1117,
        "Receiver": "E00801",
        "DU": 1,
        "FrontRow": "No",
        "Existing": 61.9000015,
        "Proposed": 64.0999985,
        "Impact": "No",
        "Barrier": 61.5999985,
        "Benefited": "No",
        "ELEVATION": 528.030029,
        "Section": "NSAE",
        "Reduction": 2.5,
        "x": 5268799.8498553932,
        "y": 4286084.6001559794,
        "MapSection": null,
        "Latitude": 39.087653029999998,
        "Longitude": -84.525733729999999
      }
    },
    {
      "type": "Feature",
      "id": 1118,
      "geometry": {
        "type": "Point",
        "coordinates": [-84.525724386888726, 39.087577453897936]
      },
      "properties": {
        "OBJECTID": 1118,
        "Receiver": "E00901",
        "DU": 1,
        "FrontRow": "No",
        "Existing": 59.0999985,
        "Proposed": 63.2000008,
        "Impact": "No",
        "Barrier": 63,
        "Benefited": "No",
        "ELEVATION": 526.659973,
        "Section": "NSAE",
        "Reduction": 2.5,
        "x": 5268804.1999123096,
        "y": 4286054.3899145573,
        "MapSection": null,
        "Latitude": 39.087569950000002,
        "Longitude": -84.525719800000005
      }
    },
    {
      "type": "Feature",
      "id": 1119,
      "geometry": {
        "type": "Point",
        "coordinates": [-84.5257327775128, 39.08754986585997]
      },
      "properties": {
        "OBJECTID": 1119,
        "Receiver": "E01001",
        "DU": 1,
        "FrontRow": "No",
        "Existing": 62.2000008,
        "Proposed": 63.7999992,
        "Impact": "No",
        "Barrier": 61.2999992,
        "Benefited": "No",
        "ELEVATION": 528.940002,
        "Section": "NSAE",
        "Reduction": 2.5,
        "x": 5268801.9499168098,
        "y": 4286044.3098822236,
        "MapSection": null,
        "Latitude": 39.08754236,
        "Longitude": -84.525728189999995
      }
    },
    {
      "type": "Feature",
      "id": 1120,
      "geometry": {
        "type": "Point",
        "coordinates": [-84.525685880163294, 39.087527423106053]
      },
      "properties": {
        "OBJECTID": 1120,
        "Receiver": "E01101",
        "DU": 1,
        "FrontRow": "No",
        "Existing": 57.9000015,
        "Proposed": 61.2999992,
        "Impact": "No",
        "Barrier": 61.0999985,
        "Benefited": "No",
        "ELEVATION": 525.109985,
        "Section": "NSAE",
        "Reduction": 2.5,
        "x": 5268815.3698374778,
        "y": 4286036.3098982275,
        "MapSection": null,
        "Latitude": 39.087519919999998,
        "Longitude": -84.525681289999994
      }
    },
    {
      "type": "Feature",
      "id": 1121,
      "geometry": {
        "type": "Point",
        "coordinates": [-84.525656586441443, 39.087455331407782]
      },
      "properties": {
        "OBJECTID": 1121,
        "Receiver": "E01201",
        "DU": 1,
        "FrontRow": "No",
        "Existing": 57.9000015,
        "Proposed": 61.2999992,
        "Impact": "No",
        "Barrier": 61.0999985,
        "Benefited": "No",
        "ELEVATION": 526.929993,
        "Section": "NSAE",
        "Reduction": 2.4000015258789062,
        "x": 5268824.0299251378,
        "y": 4286010.1600161493,
        "MapSection": null,
        "Latitude": 39.087447820000001,
        "Longitude": -84.525651999999994
      }
    },
    {
      "type": "Feature",
      "id": 1122,
      "geometry": {
        "type": "Point",
        "coordinates": [-84.525628385591645, 39.087414575337846]
      },
      "properties": {
        "OBJECTID": 1122,
        "Receiver": "E01301",
        "DU": 1,
        "FrontRow": "No",
        "Existing": 57.5999985,
        "Proposed": 60.2000008,
        "Impact": "No",
        "Barrier": 57.7999992,
        "Benefited": "No",
        "ELEVATION": 527.679993,
        "Section": "NSAE",
        "Reduction": 2.4000015258789062,
        "x": 5268832.2300399691,
        "y": 4285995.4198881388,
        "MapSection": null,
        "Latitude": 39.087407069999998,
        "Longitude": -84.525623800000005
      }
    },
    {
      "type": "Feature",
      "id": 1123,
      "geometry": {
        "type": "Point",
        "coordinates": [-84.525612860535389, 39.087374196576633]
      },
      "properties": {
        "OBJECTID": 1123,
        "Receiver": "E01401",
        "DU": 1,
        "FrontRow": "No",
        "Existing": 57.7999992,
        "Proposed": 60.5,
        "Impact": "No",
        "Barrier": 60.2000008,
        "Benefited": "No",
        "ELEVATION": 528.929993,
        "Section": "NSAE",
        "Reduction": 2.4000015258789062,
        "x": 5268836.8300963938,
        "y": 4285980.7699830532,
        "MapSection": null,
        "Latitude": 39.087366690000003,
        "Longitude": -84.525608270000006
      }
    },
    {
      "type": "Feature",
      "id": 1124,
      "geometry": {
        "type": "Point",
        "coordinates": [-84.525612654435236, 39.08731950613474]
      },
      "properties": {
        "OBJECTID": 1124,
        "Receiver": "E01501",
        "DU": 1,
        "FrontRow": "No",
        "Existing": 57.7999992,
        "Proposed": 60.4000015,
        "Impact": "No",
        "Barrier": 58.0999985,
        "Benefited": "No",
        "ELEVATION": 529.340027,
        "Section": "NSAE",
        "Reduction": 2.3000030517578125,
        "x": 5268837.1499776393,
        "y": 4285960.8500753939,
        "MapSection": null,
        "Latitude": 39.087311999999997,
        "Longitude": -84.525608070000004
      }
    },
    {
      "type": "Feature",
      "id": 1125,
      "geometry": {
        "type": "Point",
        "coordinates": [-84.525600175151496, 39.087250962261145]
      },
      "properties": {
        "OBJECTID": 1125,
        "Receiver": "E01601",
        "DU": 1,
        "FrontRow": "No",
        "Existing": 58.4000015,
        "Proposed": 60.4000015,
        "Impact": "No",
        "Barrier": 58.0999985,
        "Benefited": "No",
        "ELEVATION": 531.530029,
        "Section": "NSAE",
        "Reduction": 2.3000030517578125,
        "x": 5268841.0200486332,
        "y": 4285935.9298496395,
        "MapSection": null,
        "Latitude": 39.087243450000003,
        "Longitude": -84.525595589999995
      }
    },
    {
      "type": "Feature",
      "id": 1126,
      "geometry": {
        "type": "Point",
        "coordinates": [-84.525636015198955, 39.087197821255145]
      },
      "properties": {
        "OBJECTID": 1126,
        "Receiver": "E01701",
        "DU": 1,
        "FrontRow": "No",
        "Existing": 63,
        "Proposed": 65.3000031,
        "Impact": "No",
        "Barrier": 65,
        "Benefited": "No",
        "ELEVATION": 536.268005,
        "Section": "NSAE",
        "Reduction": 2.3000030517578125,
        "x": 5268831.1001209766,
        "y": 4285916.4400592297,
        "MapSection": null,
        "Latitude": 39.087190309999997,
        "Longitude": -84.525631430000004
      }
    },
    {
      "type": "Feature",
      "id": 1127,
      "geometry": {
        "type": "Point",
        "coordinates": [-84.525609920993659, 39.087145007109704]
      },
      "properties": {
        "OBJECTID": 1127,
        "Receiver": "E01801",
        "DU": 1,
        "FrontRow": "No",
        "Existing": 60.2000008,
        "Proposed": 63.7999992,
        "Impact": "No",
        "Barrier": 63.5,
        "Benefited": "No",
        "ELEVATION": 534.35498,
        "Section": "NSAE",
        "Reduction": 2.3000030517578125,
        "x": 5268838.7598825544,
        "y": 4285897.3000056446,
        "MapSection": null,
        "Latitude": 39.087137499999997,
        "Longitude": -84.525605330000005
      }
    },
    {
      "type": "Feature",
      "id": 1128,
      "geometry": {
        "type": "Point",
        "coordinates": [-84.525554834520264, 39.087117264466357]
      },
      "properties": {
        "OBJECTID": 1128,
        "Receiver": "E01901",
        "DU": 1,
        "FrontRow": "No",
        "Existing": 57.9000015,
        "Proposed": 60.4000015,
        "Impact": "No",
        "Barrier": 58,
        "Benefited": "No",
        "ELEVATION": 532.312988,
        "Section": "NSAE",
        "Reduction": 2.4000015258789062,
        "x": 5268854.5298641324,
        "y": 4285887.400091067,
        "MapSection": null,
        "Latitude": 39.087109759999997,
        "Longitude": -84.525550249999995
      }
    },
    {
      "type": "Feature",
      "id": 1129,
      "geometry": {
        "type": "Point",
        "coordinates": [-84.525596888593867, 39.087046505806256]
      },
      "properties": {
        "OBJECTID": 1129,
        "Receiver": "E02001",
        "DU": 1,
        "FrontRow": "No",
        "Existing": 60.7000008,
        "Proposed": 64.1999969,
        "Impact": "No",
        "Barrier": 63.7999992,
        "Benefited": "No",
        "ELEVATION": 534.880005,
        "Section": "NSAE",
        "Reduction": 2.5,
        "x": 5268842.9301498085,
        "y": 4285861.4700248092,
        "MapSection": null,
        "Latitude": 39.087038999999997,
        "Longitude": -84.5255923
      }
    },
    {
      "type": "Feature",
      "id": 1130,
      "geometry": {
        "type": "Point",
        "coordinates": [-84.525603035533692, 39.087001571205924]
      },
      "properties": {
        "OBJECTID": 1130,
        "Receiver": "E02101",
        "DU": 1,
        "FrontRow": "No",
        "Existing": 62.7000008,
        "Proposed": 65.0999985,
        "Impact": "No",
        "Barrier": 64.8000031,
        "Benefited": "No",
        "ELEVATION": 536.210022,
        "Section": "NSAE",
        "Reduction": 2.5,
        "x": 5268841.3999691308,
        "y": 4285845.0799657255,
        "MapSection": null,
        "Latitude": 39.086994060000002,
        "Longitude": -84.525598450000004
      }
    },
    {
      "type": "Feature",
      "id": 1131,
      "geometry": {
        "type": "Point",
        "coordinates": [-84.525573854048034, 39.086958389342129]
      },
      "properties": {
        "OBJECTID": 1131,
        "Receiver": "E02201",
        "DU": 1,
        "FrontRow": "No",
        "Existing": 61.2000008,
        "Proposed": 64.5,
        "Impact": "No",
        "Barrier": 62,
        "Benefited": "No",
        "ELEVATION": 534.460999,
        "Section": "NSAE",
        "Reduction": 2.5,
        "x": 5268849.8901096433,
        "y": 4285829.4599182308,
        "MapSection": null,
        "Latitude": 39.086950880000003,
        "Longitude": -84.525569270000005
      }
    },
    {
      "type": "Feature",
      "id": 1132,
      "geometry": {
        "type": "Point",
        "coordinates": [-84.525569778976504, 39.086909644633344]
      },
      "properties": {
        "OBJECTID": 1132,
        "Receiver": "E02301",
        "DU": 1,
        "FrontRow": "No",
        "Existing": 62.5,
        "Proposed": 65.0999985,
        "Impact": "No",
        "Barrier": 64.8000031,
        "Benefited": "No",
        "ELEVATION": 534.392029,
        "Section": "NSAE",
        "Reduction": 2.5,
        "x": 5268851.2798706442,
        "y": 4285811.7201243043,
        "MapSection": null,
        "Latitude": 39.086902139999999,
        "Longitude": -84.525565189999995
      }
    },
    {
      "type": "Feature",
      "id": 1133,
      "geometry": {
        "type": "Point",
        "coordinates": [-84.525490559436292, 39.08667907065427]
      },
      "properties": {
        "OBJECTID": 1133,
        "Receiver": "E02401",
        "DU": 1,
        "FrontRow": "No",
        "Existing": 64.3000031,
        "Proposed": 66.0999985,
        "Impact": "Yes",
        "Barrier": 65.8000031,
        "Benefited": "No",
        "ELEVATION": 534.328003,
        "Section": "NSAE",
        "Reduction": 2.5,
        "x": 5268874.870046556,
        "y": 4285728.0300029814,
        "MapSection": null,
        "Latitude": 39.086671559999999,
        "Longitude": -84.525485970000005
      }
    },
    {
      "type": "Feature",
      "id": 1134,
      "geometry": {
        "type": "Point",
        "coordinates": [-84.525934484716473, 39.087190220889049]
      },
      "properties": {
        "OBJECTID": 1134,
        "Receiver": "E02501",
        "DU": 1,
        "FrontRow": "No",
        "Existing": 63.4000015,
        "Proposed": 65.5999985,
        "Impact": "No",
        "Barrier": 65.3000031,
        "Benefited": "No",
        "ELEVATION": 561.327026,
        "Section": "NSAE",
        "Reduction": 2.1999969482421875,
        "x": 5268746.4100016356,
        "y": 4285912.5601457208,
        "MapSection": null,
        "Latitude": 39.08718271,
        "Longitude": -84.525929899999994
      }
    },
    {
      "type": "Feature",
      "id": 1135,
      "geometry": {
        "type": "Point",
        "coordinates": [-84.525972028628587, 39.087069339362444]
      },
      "properties": {
        "OBJECTID": 1135,
        "Receiver": "E02601",
        "DU": 1,
        "FrontRow": "No",
        "Existing": 63.5999985,
        "Proposed": 65.0999985,
        "Impact": "No",
        "Barrier": 62.9000015,
        "Benefited": "No",
        "ELEVATION": 568.070984,
        "Section": "NSAE",
        "Reduction": 2.1999969482421875,
        "x": 5268736.3299693018,
        "y": 4285868.3899584711,
        "MapSection": null,
        "Latitude": 39.087061830000003,
        "Longitude": -84.525967440000002
      }
    },
    {
      "type": "Feature",
      "id": 1136,
      "geometry": {
        "type": "Point",
        "coordinates": [-84.52597311327817, 39.086933754599535]
      },
      "properties": {
        "OBJECTID": 1136,
        "Receiver": "E02701",
        "DU": 1,
        "FrontRow": "No",
        "Existing": 64,
        "Proposed": 66.6999969,
        "Impact": "Yes",
        "Barrier": 66.4000015,
        "Benefited": "No",
        "ELEVATION": 576.075989,
        "Section": "NSAE",
        "Reduction": 2.1999969482421875,
        "x": 5268736.6698636413,
        "y": 4285818.9999653995,
        "MapSection": null,
        "Latitude": 39.086926249999998,
        "Longitude": -84.52596853
      }
    },
    {
      "type": "Feature",
      "id": 1137,
      "geometry": {
        "type": "Point",
        "coordinates": [-84.525587800904546, 39.086332989985493]
      },
      "properties": {
        "OBJECTID": 1137,
        "Receiver": "E02801",
        "DU": 1,
        "FrontRow": "No",
        "Existing": 65.0999985,
        "Proposed": 67.1999969,
        "Impact": "Yes",
        "Barrier": 66.9000015,
        "Benefited": "No",
        "ELEVATION": 563.278992,
        "Section": "NSAE",
        "Reduction": 2.3000030517578125,
        "x": 5268848.9199672192,
        "y": 4285601.6099802256,
        "MapSection": null,
        "Latitude": 39.086325479999999,
        "Longitude": -84.525583209999994
      }
    },
    {
      "type": "Feature",
      "id": 1138,
      "geometry": {
        "type": "Point",
        "coordinates": [-84.525551511779611, 39.086209843885584]
      },
      "properties": {
        "OBJECTID": 1138,
        "Receiver": "E02901",
        "DU": 1,
        "FrontRow": "No",
        "Existing": 65.4000015,
        "Proposed": 67,
        "Impact": "Yes",
        "Barrier": 64.6999969,
        "Benefited": "No",
        "ELEVATION": 567.387024,
        "Section": "NSAE",
        "Reduction": 2.3000030517578125,
        "x": 5268859.8100373,
        "y": 4285556.889925316,
        "MapSection": null,
        "Latitude": 39.08620234,
        "Longitude": -84.525546919999996
      }
    },
    {
      "type": "Feature",
      "id": 1139,
      "geometry": {
        "type": "Point",
        "coordinates": [-84.525523498123363, 39.086128759746025]
      },
      "properties": {
        "OBJECTID": 1139,
        "Receiver": "E03001",
        "DU": 1,
        "FrontRow": "No",
        "Existing": 65.5,
        "Proposed": 67.9000015,
        "Impact": "Yes",
        "Barrier": 67.5999985,
        "Benefited": "No",
        "ELEVATION": 569.119019,
        "Section": "NSAE",
        "Reduction": 2.3000030517578125,
        "x": 5268868.1499156356,
        "y": 4285527.4598660618,
        "MapSection": null,
        "Latitude": 39.086121249999998,
        "Longitude": -84.525518910000002
      }
    },
    {
      "type": "Feature",
      "id": 1140,
      "geometry": {
        "type": "Point",
        "coordinates": [-84.525499108038204, 39.086039559296928]
      },
      "properties": {
        "OBJECTID": 1140,
        "Receiver": "E03101",
        "DU": 1,
        "FrontRow": "No",
        "Existing": 65.5999985,
        "Proposed": 68.1999969,
        "Impact": "Yes",
        "Barrier": 67.8000031,
        "Benefited": "No",
        "ELEVATION": 570.643005,
        "Section": "NSAE",
        "Reduction": 2.3000030517578125,
        "x": 5268875.4999665469,
        "y": 4285495.0599964708,
        "MapSection": null,
        "Latitude": 39.08603205,
        "Longitude": -84.525494519999995
      }
    },
    {
      "type": "Feature",
      "id": 1141,
      "geometry": {
        "type": "Point",
        "coordinates": [-84.5254682960163, 39.085946833479177]
      },
      "properties": {
        "OBJECTID": 1141,
        "Receiver": "E03201",
        "DU": 1,
        "FrontRow": "No",
        "Existing": 65.8000031,
        "Proposed": 67.8000031,
        "Impact": "Yes",
        "Barrier": 65.5,
        "Benefited": "No",
        "ELEVATION": 573.189026,
        "Section": "NSAE",
        "Reduction": 2.3000030517578125,
        "x": 5268884.6899088025,
        "y": 4285461.3999588042,
        "MapSection": null,
        "Latitude": 39.085939330000002,
        "Longitude": -84.525463709999997
      }
    },
    {
      "type": "Feature",
      "id": 1142,
      "geometry": {
        "type": "Point",
        "coordinates": [-84.525443785669253, 39.085871029152813]
      },
      "properties": {
        "OBJECTID": 1142,
        "Receiver": "E03401",
        "DU": 1,
        "FrontRow": "No",
        "Existing": 65.9000015,
        "Proposed": 68.5,
        "Impact": "Yes",
        "Barrier": 68.1999969,
        "Benefited": "No",
        "ELEVATION": 573.307007,
        "Section": "NSAE",
        "Reduction": 2.3000030517578125,
        "x": 5268892.0101041347,
        "y": 4285433.8800007254,
        "MapSection": null,
        "Latitude": 39.085863519999997,
        "Longitude": -84.525439199999994
      }
    },
    {
      "type": "Feature",
      "id": 1143,
      "geometry": {
        "type": "Point",
        "coordinates": [-84.52540828810848, 39.085788825390452]
      },
      "properties": {
        "OBJECTID": 1143,
        "Receiver": "E03501",
        "DU": 1,
        "FrontRow": "No",
        "Existing": 66,
        "Proposed": 68.5999985,
        "Impact": "Yes",
        "Barrier": 68.3000031,
        "Benefited": "No",
        "ELEVATION": 573.138,
        "Section": "NSAE",
        "Reduction": 2.1999969482421875,
        "x": 5268902.479899466,
        "y": 4285404.0700209737,
        "MapSection": null,
        "Latitude": 39.085781320000002,
        "Longitude": -84.525403699999998
      }
    },
    {
      "type": "Feature",
      "id": 1144,
      "geometry": {
        "type": "Point",
        "coordinates": [-84.52533461654626, 39.085643086783797]
      },
      "properties": {
        "OBJECTID": 1144,
        "Receiver": "E03601",
        "DU": 1,
        "FrontRow": "No",
        "Existing": 66,
        "Proposed": 68.0999985,
        "Impact": "Yes",
        "Barrier": 65.9000015,
        "Benefited": "No",
        "ELEVATION": 569.705017,
        "Section": "NSAE",
        "Reduction": 2.1999969482421875,
        "x": 5268924.0900924653,
        "y": 4285351.2600872219,
        "MapSection": null,
        "Latitude": 39.085635580000002,
        "Longitude": -84.525330030000006
      }
    },
    {
      "type": "Feature",
      "id": 1145,
      "geometry": {
        "type": "Point",
        "coordinates": [-84.525207778346569, 39.085380892731536]
      },
      "properties": {
        "OBJECTID": 1145,
        "Receiver": "E03701",
        "DU": 1,
        "FrontRow": "No",
        "Existing": 66.8000031,
        "Proposed": 69.1999969,
        "Impact": "Yes",
        "Barrier": 68.8000031,
        "Benefited": "No",
        "ELEVATION": 581.849976,
        "Section": "NSAE",
        "Reduction": 2.6999969482421875,
        "x": 5268961.3498604745,
        "y": 4285256.2300935537,
        "MapSection": null,
        "Latitude": 39.085373390000001,
        "Longitude": -84.525203189999999
      }
    },
    {
      "type": "Feature",
      "id": 1146,
      "geometry": {
        "type": "Point",
        "coordinates": [-84.525183354360166, 39.085249823443675]
      },
      "properties": {
        "OBJECTID": 1146,
        "Receiver": "E03801",
        "DU": 1,
        "FrontRow": "No",
        "Existing": 66.8000031,
        "Proposed": 69,
        "Impact": "Yes",
        "Barrier": 66.3000031,
        "Benefited": "No",
        "ELEVATION": 583.051025,
        "Section": "NSAE",
        "Reduction": 2.6999969482421875,
        "x": 5268968.909884721,
        "y": 4285208.5799263865,
        "MapSection": null,
        "Latitude": 39.085242319999999,
        "Longitude": -84.525178769999997
      }
    },
    {
      "type": "Feature",
      "id": 1147,
      "geometry": {
        "type": "Point",
        "coordinates": [-84.525195043066006, 39.085015896894326]
      },
      "properties": {
        "OBJECTID": 1147,
        "Receiver": "E03901",
        "DU": 1,
        "FrontRow": "No",
        "Existing": 67,
        "Proposed": 69.1999969,
        "Impact": "Yes",
        "Barrier": 68.5999985,
        "Benefited": "No",
        "ELEVATION": 596.413025,
        "Section": "NSAE",
        "Reduction": 2.9000015258789062,
        "x": 5268966.7100859731,
        "y": 4285123.3300969005,
        "MapSection": null,
        "Latitude": 39.085008389999999,
        "Longitude": -84.525190460000005
      }
    },
    {
      "type": "Feature",
      "id": 1148,
      "geometry": {
        "type": "Point",
        "coordinates": [-84.525169181941138, 39.084821668458126]
      },
      "properties": {
        "OBJECTID": 1148,
        "Receiver": "E04001",
        "DU": 1,
        "FrontRow": "No",
        "Existing": 66.9000015,
        "Proposed": 68.8000031,
        "Impact": "Yes",
        "Barrier": 65.6999969,
        "Benefited": "No",
        "ELEVATION": 598.317993,
        "Section": "NSAE",
        "Reduction": 3.100006103515625,
        "x": 5268974.9800825566,
        "y": 4285052.6799757332,
        "MapSection": null,
        "Latitude": 39.084814160000001,
        "Longitude": -84.525164590000003
      }
    },
    {
      "type": "Feature",
      "id": 1149,
      "geometry": {
        "type": "Point",
        "coordinates": [-84.525182634946376, 39.084558328714252]
      },
      "properties": {
        "OBJECTID": 1149,
        "Receiver": "E04101",
        "DU": 1,
        "FrontRow": "No",
        "Existing": 66.6999969,
        "Proposed": 67.9000015,
        "Impact": "Yes",
        "Barrier": 67.3000031,
        "Benefited": "No",
        "ELEVATION": 602.966003,
        "Section": "NSAE",
        "Reduction": 3.5,
        "x": 5268972.4200482965,
        "y": 4284956.7100233138,
        "MapSection": null,
        "Latitude": 39.084550819999997,
        "Longitude": -84.525178049999994
      }
    },
    {
      "type": "Feature",
      "id": 1150,
      "geometry": {
        "type": "Point",
        "coordinates": [-84.525104407073513, 39.084348629589272]
      },
      "properties": {
        "OBJECTID": 1150,
        "Receiver": "E04201",
        "DU": 1,
        "FrontRow": "No",
        "Existing": 67.0999985,
        "Proposed": 68.5999985,
        "Impact": "Yes",
        "Barrier": 65.0999985,
        "Benefited": "No",
        "ELEVATION": 609.719971,
        "Section": "NSAE",
        "Reduction": 3.5,
        "x": 5268995.6299756318,
        "y": 4284880.6199523956,
        "MapSection": null,
        "Latitude": 39.084341119999998,
        "Longitude": -84.525099819999994
      }
    },
    {
      "type": "Feature",
      "id": 1151,
      "geometry": {
        "type": "Point",
        "coordinates": [-84.524813053792386, 39.084160333415824]
      },
      "properties": {
        "OBJECTID": 1151,
        "Receiver": "E04301",
        "DU": 1,
        "FrontRow": "No",
        "Existing": 67.6999969,
        "Proposed": 68.9000015,
        "Impact": "Yes",
        "Barrier": 68,
        "Benefited": "No",
        "ELEVATION": 600.239014,
        "Section": "NSAE",
        "Reduction": 4,
        "x": 5269079.2400446385,
        "y": 4284813.1200874001,
        "MapSection": null,
        "Latitude": 39.084152830000001,
        "Longitude": -84.524808469999996
      }
    },
    {
      "type": "Feature",
      "id": 1152,
      "geometry": {
        "type": "Point",
        "coordinates": [-84.524770074284945, 39.084020454129302]
      },
      "properties": {
        "OBJECTID": 1152,
        "Receiver": "E04401",
        "DU": 1,
        "FrontRow": "No",
        "Existing": 67.6999969,
        "Proposed": 69.3000031,
        "Impact": "Yes",
        "Barrier": 65.3000031,
        "Benefited": "No",
        "ELEVATION": 599.502014,
        "Section": "NSAE",
        "Reduction": 4,
        "x": 5269092.1100976318,
        "y": 4284762.3301627338,
        "MapSection": null,
        "Latitude": 39.084012950000002,
        "Longitude": -84.524765489999993
      }
    },
    {
      "type": "Feature",
      "id": 1153,
      "geometry": {
        "type": "Point",
        "coordinates": [-84.524852623456511, 39.083772810316212]
      },
      "properties": {
        "OBJECTID": 1153,
        "Receiver": "E04501",
        "DU": 1,
        "FrontRow": "No",
        "Existing": 66.8000031,
        "Proposed": 68.4000015,
        "Impact": "Yes",
        "Barrier": 64.4000015,
        "Benefited": "No",
        "ELEVATION": 602.29303,
        "Section": "NSAE",
        "Reduction": 4,
        "x": 5269069.8601421416,
        "y": 4284671.8198450655,
        "MapSection": null,
        "Latitude": 39.083765300000003,
        "Longitude": -84.524848039999995
      }
    },
    {
      "type": "Feature",
      "id": 1154,
      "geometry": {
        "type": "Point",
        "coordinates": [-84.524888254246534, 39.08366725679101]
      },
      "properties": {
        "OBJECTID": 1154,
        "Receiver": "E04601",
        "DU": 1,
        "FrontRow": "No",
        "Existing": 66.5,
        "Proposed": 67,
        "Impact": "Yes",
        "Barrier": 66,
        "Benefited": "No",
        "ELEVATION": 607.466003,
        "Section": "NSAE",
        "Reduction": 4,
        "x": 5269060.2499251366,
        "y": 4284633.2398697287,
        "MapSection": null,
        "Latitude": 39.083659750000002,
        "Longitude": -84.524883669999994
      }
    },
    {
      "type": "Feature",
      "id": 1155,
      "geometry": {
        "type": "Point",
        "coordinates": [-84.524801899125791, 39.083590847327017]
      },
      "properties": {
        "OBJECTID": 1155,
        "Receiver": "E04701",
        "DU": 1,
        "FrontRow": "No",
        "Existing": 66.0999985,
        "Proposed": 68,
        "Impact": "Yes",
        "Barrier": 64.0999985,
        "Benefited": "No",
        "ELEVATION": 600.617981,
        "Section": "NSAE",
        "Reduction": 3.9000015258789062,
        "x": 5269085.130124718,
        "y": 4284605.7300822288,
        "MapSection": null,
        "Latitude": 39.083583339999997,
        "Longitude": -84.524797309999997
      }
    },
    {
      "type": "Feature",
      "id": 1156,
      "geometry": {
        "type": "Point",
        "coordinates": [-84.524877696909726, 39.083332043723615]
      },
      "properties": {
        "OBJECTID": 1156,
        "Receiver": "E04801",
        "DU": 1,
        "FrontRow": "No",
        "Existing": 65.6999969,
        "Proposed": 66.5,
        "Impact": "Yes",
        "Barrier": 65.5,
        "Benefited": "No",
        "ELEVATION": 613.176025,
        "Section": "NSAE",
        "Reduction": 3.9000015258789062,
        "x": 5269064.8499815613,
        "y": 4284511.1800744832,
        "MapSection": null,
        "Latitude": 39.08332454,
        "Longitude": -84.524873110000001
      }
    },
    {
      "type": "Feature",
      "id": 1157,
      "geometry": {
        "type": "Point",
        "coordinates": [-84.524769836305424, 39.083187766061279]
      },
      "properties": {
        "OBJECTID": 1157,
        "Receiver": "E04901",
        "DU": 1,
        "FrontRow": "No",
        "Existing": 66,
        "Proposed": 67.5999985,
        "Impact": "Yes",
        "Barrier": 64.3000031,
        "Benefited": "No",
        "ELEVATION": 612.69397,
        "Section": "NSAE",
        "Reduction": 3.2999954223632812,
        "x": 5269096.159958303,
        "y": 4284459.0299163163,
        "MapSection": null,
        "Latitude": 39.083180259999999,
        "Longitude": -84.524765250000002
      }
    },
    {
      "type": "Feature",
      "id": 1158,
      "geometry": {
        "type": "Point",
        "coordinates": [-84.524480113143341, 39.085300857665601]
      },
      "properties": {
        "OBJECTID": 1158,
        "Receiver": "E05002",
        "DU": 2,
        "FrontRow": "No",
        "Existing": 69.1999969,
        "Proposed": 71.5,
        "Impact": "Yes",
        "Barrier": 70.6999969,
        "Benefited": "No",
        "ELEVATION": 537.085022,
        "Section": "NSAE",
        "Reduction": 3.2999954223632812,
        "x": 5269168.2999058813,
        "y": 4285229.7898577303,
        "MapSection": null,
        "Latitude": 39.085293350000001,
        "Longitude": -84.524475530000004
      }
    },
    {
      "type": "Feature",
      "id": 1159,
      "geometry": {
        "type": "Point",
        "coordinates": [-84.524403154288265, 39.085076483923459]
      },
      "properties": {
        "OBJECTID": 1159,
        "Receiver": "E05102",
        "DU": 2,
        "FrontRow": "No",
        "Existing": 69.1999969,
        "Proposed": 72.3000031,
        "Impact": "Yes",
        "Barrier": 71.4000015,
        "Benefited": "No",
        "ELEVATION": 546.317017,
        "Section": "NSAE",
        "Reduction": 3.5,
        "x": 5269191.2201356441,
        "y": 4285148.3500599712,
        "MapSection": null,
        "Latitude": 39.085068980000003,
        "Longitude": -84.524398570000002
      }
    },
    {
      "type": "Feature",
      "id": 1160,
      "geometry": {
        "type": "Point",
        "coordinates": [-84.524351968145083, 39.084817423992362]
      },
      "properties": {
        "OBJECTID": 1160,
        "Receiver": "E05202",
        "DU": 2,
        "FrontRow": "No",
        "Existing": 68.5999985,
        "Proposed": 72.3000031,
        "Impact": "Yes",
        "Barrier": 71.3000031,
        "Benefited": "No",
        "ELEVATION": 551.687988,
        "Section": "NSAE",
        "Reduction": 4,
        "x": 5269206.9901172221,
        "y": 4285054.1799727231,
        "MapSection": null,
        "Latitude": 39.084809919999998,
        "Longitude": -84.524347379999995
      }
    },
    {
      "type": "Feature",
      "id": 1161,
      "geometry": {
        "type": "Point",
        "coordinates": [-84.524306892549447, 39.084678649034011]
      },
      "properties": {
        "OBJECTID": 1161,
        "Receiver": "E05302",
        "DU": 2,
        "FrontRow": "No",
        "Existing": 68.3000031,
        "Proposed": 72.3000031,
        "Impact": "Yes",
        "Barrier": 68.3000031,
        "Benefited": "No",
        "ELEVATION": 553.330994,
        "Section": "NSAE",
        "Reduction": 4,
        "x": 5269220.4500640482,
        "y": 4285003.8001522273,
        "MapSection": null,
        "Latitude": 39.084671139999998,
        "Longitude": -84.524302309999996
      }
    },
    {
      "type": "Feature",
      "id": 1162,
      "geometry": {
        "type": "Point",
        "coordinates": [-84.524276292268283, 39.084477343471228]
      },
      "properties": {
        "OBJECTID": 1162,
        "Receiver": "E05402",
        "DU": 2,
        "FrontRow": "No",
        "Existing": 68.6999969,
        "Proposed": 72.3000031,
        "Impact": "Yes",
        "Barrier": 67.9000015,
        "Benefited": "No",
        "ELEVATION": 562.421021,
        "Section": "NSAE",
        "Reduction": 4.4000015258789062,
        "x": 5269230.0999791324,
        "y": 4284930.5899968147,
        "MapSection": null,
        "Latitude": 39.084469839999997,
        "Longitude": -84.524271709999994
      }
    },
    {
      "type": "Feature",
      "id": 1163,
      "geometry": {
        "type": "Point",
        "coordinates": [-84.524246685780923, 39.084342432403304]
      },
      "properties": {
        "OBJECTID": 1163,
        "Receiver": "E05502",
        "DU": 2,
        "FrontRow": "No",
        "Existing": 68.5999985,
        "Proposed": 71.8000031,
        "Impact": "Yes",
        "Barrier": 70.5,
        "Benefited": "No",
        "ELEVATION": 563.921997,
        "Section": "NSAE",
        "Reduction": 4.4000015258789062,
        "x": 5269239.1501578838,
        "y": 4284881.5599111468,
        "MapSection": null,
        "Latitude": 39.084334929999997,
        "Longitude": -84.524242099999995
      }
    },
    {
      "type": "Feature",
      "id": 1164,
      "geometry": {
        "type": "Point",
        "coordinates": [-84.524231801509671, 39.084059364906402]
      },
      "properties": {
        "OBJECTID": 1164,
        "Receiver": "E05602",
        "DU": 2,
        "FrontRow": "No",
        "Existing": 67.6999969,
        "Proposed": 70.0999985,
        "Impact": "Yes",
        "Barrier": 68.6999969,
        "Benefited": "No",
        "ELEVATION": 562.577026,
        "Section": "NSAE",
        "Reduction": 4.9000015258789062,
        "x": 5269244.7298711389,
        "y": 4284778.5099203885,
        "MapSection": null,
        "Latitude": 39.084051860000002,
        "Longitude": -84.524227210000006
      }
    },
    {
      "type": "Feature",
      "id": 1165,
      "geometry": {
        "type": "Point",
        "coordinates": [-84.524100634113083, 39.08368025322347]
      },
      "properties": {
        "OBJECTID": 1165,
        "Receiver": "E05701",
        "DU": 1,
        "FrontRow": "No",
        "Existing": 69.0999985,
        "Proposed": 68.6999969,
        "Impact": "Yes",
        "Barrier": 67.0999985,
        "Benefited": "Yes",
        "ELEVATION": 569.95697,
        "Section": "NSAE",
        "Reduction": 5.5,
        "x": 5269283.7799898833,
        "y": 4284640.9101299793,
        "MapSection": null,
        "Latitude": 39.083672749999998,
        "Longitude": -84.524096049999997
      }
    },
    {
      "type": "Feature",
      "id": 1166,
      "geometry": {
        "type": "Point",
        "coordinates": [-84.524063935579534, 39.083495988928838]
      },
      "properties": {
        "OBJECTID": 1166,
        "Receiver": "E05801",
        "DU": 1,
        "FrontRow": "No",
        "Existing": 69.9000015,
        "Proposed": 68.1999969,
        "Impact": "Yes",
        "Barrier": 66.6999969,
        "Benefited": "Yes",
        "ELEVATION": 574.630981,
        "Section": "NSAE",
        "Reduction": 5.5999984741210938,
        "x": 5269295.0798360556,
        "y": 4284573.9299489707,
        "MapSection": null,
        "Latitude": 39.08348848,
        "Longitude": -84.524059350000002
      }
    },
    {
      "type": "Feature",
      "id": 1167,
      "geometry": {
        "type": "Point",
        "coordinates": [-84.524013235750644, 39.08329384684729]
      },
      "properties": {
        "OBJECTID": 1167,
        "Receiver": "E05901",
        "DU": 1,
        "FrontRow": "No",
        "Existing": 70.5999985,
        "Proposed": 71.4000015,
        "Impact": "Yes",
        "Barrier": 65.5,
        "Benefited": "Yes",
        "ELEVATION": 576.484009,
        "Section": "NSAE",
        "Reduction": 5.9000015258789062,
        "x": 5269310.440041557,
        "y": 4284500.4901352227,
        "MapSection": null,
        "Latitude": 39.083286340000001,
        "Longitude": -84.524008649999999
      }
    },
    {
      "type": "Feature",
      "id": 1168,
      "geometry": {
        "type": "Point",
        "coordinates": [-84.523950180200146, 39.083181132866372]
      },
      "properties": {
        "OBJECTID": 1168,
        "Receiver": "E06001",
        "DU": 1,
        "FrontRow": "No",
        "Existing": 70.5,
        "Proposed": 66.6999969,
        "Impact": "Yes",
        "Barrier": 65.3000031,
        "Benefited": "Yes",
        "ELEVATION": 572.075989,
        "Section": "NSAE",
        "Reduction": 5.9000015258789062,
        "x": 5269328.8799653053,
        "y": 4284459.670006901,
        "MapSection": null,
        "Latitude": 39.083173629999997,
        "Longitude": -84.523945589999997
      }
    },
    {
      "type": "Feature",
      "id": 1169,
      "geometry": {
        "type": "Point",
        "coordinates": [-84.523967231172279, 39.083057735984077]
      },
      "properties": {
        "OBJECTID": 1169,
        "Receiver": "E06101",
        "DU": 1,
        "FrontRow": "No",
        "Existing": 70.5999985,
        "Proposed": 66.5,
        "Impact": "Yes",
        "Barrier": 65.1999969,
        "Benefited": "Yes",
        "ELEVATION": 576.02301,
        "Section": "NSAE",
        "Reduction": 5.9000015258789062,
        "x": 5269324.629973799,
        "y": 4284414.6599263102,
        "MapSection": null,
        "Latitude": 39.083050229999998,
        "Longitude": -84.523962639999993
      }
    },
    {
      "type": "Feature",
      "id": 1170,
      "geometry": {
        "type": "Point",
        "coordinates": [-84.523952475280936, 39.082990624017924]
      },
      "properties": {
        "OBJECTID": 1170,
        "Receiver": "E06201",
        "DU": 1,
        "FrontRow": "No",
        "Existing": 70.5,
        "Proposed": 70.5999985,
        "Impact": "Yes",
        "Barrier": 64.4000015,
        "Benefited": "Yes",
        "ELEVATION": 574.929016,
        "Section": "NSAE",
        "Reduction": 6.1999969482421875,
        "x": 5269329.1401353925,
        "y": 4284390.2698832303,
        "MapSection": null,
        "Latitude": 39.082983120000002,
        "Longitude": -84.523947890000002
      }
    },
    {
      "type": "Feature",
      "id": 1171,
      "geometry": {
        "type": "Point",
        "coordinates": [-84.523953979349216, 39.082903527509593]
      },
      "properties": {
        "OBJECTID": 1171,
        "Receiver": "E06301",
        "DU": 1,
        "FrontRow": "No",
        "Existing": 70.5,
        "Proposed": 65.6999969,
        "Impact": "No",
        "Barrier": 64.5,
        "Benefited": "No",
        "ELEVATION": 575.52301,
        "Section": "NSAE",
        "Reduction": 4.5999984741210938,
        "x": 5269329.1299647987,
        "y": 4284358.5399598032,
        "MapSection": null,
        "Latitude": 39.08289602,
        "Longitude": -84.523949389999999
      }
    },
    {
      "type": "Feature",
      "id": 1172,
      "geometry": {
        "type": "Point",
        "coordinates": [-84.523948050362193, 39.084028402051743]
      },
      "properties": {
        "OBJECTID": 1172,
        "Receiver": "E06401-F",
        "DU": 1,
        "FrontRow": "Yes",
        "Existing": 65.4000015,
        "Proposed": 68.1999969,
        "Impact": "Yes",
        "Barrier": 66.0999985,
        "Benefited": "No",
        "ELEVATION": 547.924011,
        "Section": "NSAE",
        "Reduction": 4.9000015258789062,
        "x": 5269325.4298409671,
        "y": 4284768.2901245654,
        "MapSection": null,
        "Latitude": 39.084020889999998,
        "Longitude": -84.523943459999998
      }
    },
    {
      "type": "Feature",
      "id": 1173,
      "geometry": {
        "type": "Point",
        "coordinates": [-84.524084459518065, 39.083870756800991]
      },
      "properties": {
        "OBJECTID": 1173,
        "Receiver": "E06501-F",
        "DU": 1,
        "FrontRow": "Yes",
        "Existing": 66.6999969,
        "Proposed": 68.4000015,
        "Impact": "Yes",
        "Barrier": 67.1999969,
        "Benefited": "Yes",
        "ELEVATION": 558.369019,
        "Section": "NSAE",
        "Reduction": 5.2000045776367188,
        "x": 5269287.4601006359,
        "y": 4284710.3601223081,
        "MapSection": null,
        "Latitude": 39.08386325,
        "Longitude": -84.524079869999994
      }
    },
    {
      "type": "Feature",
      "id": 1174,
      "geometry": {
        "type": "Point",
        "coordinates": [-84.524036299824431, 39.083808464014183]
      },
      "properties": {
        "OBJECTID": 1174,
        "Receiver": "E06601-F",
        "DU": 1,
        "FrontRow": "Yes",
        "Existing": 66.4000015,
        "Proposed": 67.5,
        "Impact": "Yes",
        "Barrier": 66.5999985,
        "Benefited": "Yes",
        "ELEVATION": 557,
        "Section": "NSAE",
        "Reduction": 5.2999954223632812,
        "x": 5269301.4298889637,
        "y": 4284687.8499967307,
        "MapSection": null,
        "Latitude": 39.083800959999998,
        "Longitude": -84.524031710000003
      }
    },
    {
      "type": "Feature",
      "id": 1175,
      "geometry": {
        "type": "Point",
        "coordinates": [-84.52396562192996, 39.083681835083631]
      },
      "properties": {
        "OBJECTID": 1175,
        "Receiver": "E06701-F",
        "DU": 1,
        "FrontRow": "Yes",
        "Existing": 66.5,
        "Proposed": 66.0999985,
        "Impact": "Yes",
        "Barrier": 65.1999969,
        "Benefited": "Yes",
        "ELEVATION": 556.039001,
        "Section": "NSAE",
        "Reduction": 5.3000030517578125,
        "x": 5269322.1001232266,
        "y": 4284641.9898522198,
        "MapSection": null,
        "Latitude": 39.083674330000001,
        "Longitude": -84.523961040000003
      }
    },
    {
      "type": "Feature",
      "id": 1176,
      "geometry": {
        "type": "Point",
        "coordinates": [-84.523947481017643, 39.083589897806789]
      },
      "properties": {
        "OBJECTID": 1176,
        "Receiver": "E06801-F",
        "DU": 1,
        "FrontRow": "Yes",
        "Existing": 67.6999969,
        "Proposed": 65.9000015,
        "Impact": "No",
        "Barrier": 65.0999985,
        "Benefited": "Yes",
        "ELEVATION": 559.234009,
        "Section": "NSAE",
        "Reduction": 6.100006103515625,
        "x": 5269327.6900070608,
        "y": 4284608.5699715614,
        "MapSection": null,
        "Latitude": 39.083582389999997,
        "Longitude": -84.523942890000001
      }
    },
    {
      "type": "Feature",
      "id": 1177,
      "geometry": {
        "type": "Point",
        "coordinates": [-84.523907180020899, 39.083431239322309]
      },
      "properties": {
        "OBJECTID": 1177,
        "Receiver": "E06901-F",
        "DU": 1,
        "FrontRow": "Yes",
        "Existing": 69,
        "Proposed": 64.9000015,
        "Impact": "No",
        "Barrier": 64.0999985,
        "Benefited": "Yes",
        "ELEVATION": 559.85498,
        "Section": "NSAE",
        "Reduction": 6.5000038146972656,
        "x": 5269339.8901138902,
        "y": 4284550.9299949706,
        "MapSection": null,
        "Latitude": 39.08342373,
        "Longitude": -84.523902590000006
      }
    },
    {
      "type": "Feature",
      "id": 1178,
      "geometry": {
        "type": "Point",
        "coordinates": [-84.523840168503753, 39.083070518555182]
      },
      "properties": {
        "OBJECTID": 1178,
        "Receiver": "E07001-F",
        "DU": 1,
        "FrontRow": "Yes",
        "Existing": 69.8000031,
        "Proposed": 63.7999992,
        "Impact": "No",
        "Barrier": 63,
        "Benefited": "Yes",
        "ELEVATION": 562.752991,
        "Section": "NSAE",
        "Reduction": 7.7000045776367188,
        "x": 5269360.6400723904,
        "y": 4284419.7898373157,
        "MapSection": null,
        "Latitude": 39.083063009999996,
        "Longitude": -84.523835579999997
      }
    },
    {
      "type": "Feature",
      "id": 1179,
      "geometry": {
        "type": "Point",
        "coordinates": [-84.523739166987724, 39.08288518481455]
      },
      "properties": {
        "OBJECTID": 1179,
        "Receiver": "E07101-F",
        "DU": 1,
        "FrontRow": "Yes",
        "Existing": 69.5,
        "Proposed": 60.9000015,
        "Impact": "No",
        "Barrier": 60.5,
        "Benefited": "Yes",
        "ELEVATION": 558.080994,
        "Section": "NSAE",
        "Reduction": 8.3999977111816406,
        "x": 5269390.2000526339,
        "y": 4284352.6600503176,
        "MapSection": null,
        "Latitude": 39.082877680000003,
        "Longitude": -84.523734579999996
      }
    },
    {
      "type": "Feature",
      "id": 1180,
      "geometry": {
        "type": "Point",
        "coordinates": [-84.524813180903905, 39.083506678277892]
      },
      "properties": {
        "OBJECTID": 1180,
        "Receiver": "E07201",
        "DU": 1,
        "FrontRow": "No",
        "Existing": 65.9000015,
        "Proposed": 66.8000031,
        "Impact": "Yes",
        "Barrier": 65.6999969,
        "Benefited": "No",
        "ELEVATION": 604.070984,
        "Section": "NSAE",
        "Reduction": 2.7000045776367188,
        "x": 5269082.3299334645,
        "y": 4284575.030012399,
        "MapSection": null,
        "Latitude": 39.083499170000003,
        "Longitude": -84.524808590000006
      }
    },
    {
      "type": "Feature",
      "id": 1186,
      "geometry": {
        "type": "Point",
        "coordinates": [-84.521831522984442, 39.083772553047858]
      },
      "properties": {
        "OBJECTID": 1186,
        "Receiver": "B24104",
        "DU": null,
        "FrontRow": null,
        "Existing": 62.5,
        "Proposed": 61.5999985,
        "Impact": "No",
        "Barrier": 56.5,
        "Benefited": null,
        "ELEVATION": null,
        "Section": "NSAB",
        "Reduction": null,
        "x": null,
        "y": null,
        "MapSection": null,
        "Latitude": 39.083765049999997,
        "Longitude": -84.521826939999997
      }
    },
    {
      "type": "Feature",
      "id": 1187,
      "geometry": {
        "type": "Point",
        "coordinates": [-84.521793848599089, 39.083500370748837]
      },
      "properties": {
        "OBJECTID": 1187,
        "Receiver": "B24004",
        "DU": null,
        "FrontRow": null,
        "Existing": 62.5,
        "Proposed": 63.0999985,
        "Impact": "No",
        "Barrier": 57.2999992,
        "Benefited": null,
        "ELEVATION": null,
        "Section": "NSAB",
        "Reduction": null,
        "x": null,
        "y": null,
        "MapSection": null,
        "Latitude": 39.08349286,
        "Longitude": -84.521789260000006
      }
    },
    {
      "type": "Feature",
      "id": 1188,
      "geometry": {
        "type": "Point",
        "coordinates": [-84.521786064614687, 39.083231239530363]
      },
      "properties": {
        "OBJECTID": 1188,
        "Receiver": "B23904",
        "DU": null,
        "FrontRow": null,
        "Existing": 62.5,
        "Proposed": 64.5999985,
        "Impact": "No",
        "Barrier": 58.5,
        "Benefited": null,
        "ELEVATION": null,
        "Section": "NSAB",
        "Reduction": null,
        "x": null,
        "y": null,
        "MapSection": null,
        "Latitude": 39.08322373,
        "Longitude": -84.521781480000001
      }
    },
    {
      "type": "Feature",
      "id": 1189,
      "geometry": {
        "type": "Point",
        "coordinates": [-84.521697206911654, 39.082965394692373]
      },
      "properties": {
        "OBJECTID": 1189,
        "Receiver": "B23804",
        "DU": null,
        "FrontRow": null,
        "Existing": 62.5,
        "Proposed": 67.6999969,
        "Impact": "Yes",
        "Barrier": 59.9000015,
        "Benefited": null,
        "ELEVATION": null,
        "Section": "NSAB",
        "Reduction": null,
        "x": null,
        "y": null,
        "MapSection": null,
        "Latitude": 39.082957890000003,
        "Longitude": -84.521692619999996
      }
    },
    {
      "type": "Feature",
      "id": 1190,
      "geometry": {
        "type": "Point",
        "coordinates": [-84.521631311803333, 39.082695668109899]
      },
      "properties": {
        "OBJECTID": 1190,
        "Receiver": "B23704",
        "DU": null,
        "FrontRow": null,
        "Existing": 62.5,
        "Proposed": 69.9000015,
        "Impact": "Yes",
        "Barrier": 60.9000015,
        "Benefited": null,
        "ELEVATION": null,
        "Section": "NSAB",
        "Reduction": null,
        "x": null,
        "y": null,
        "MapSection": null,
        "Latitude": 39.082688159999996,
        "Longitude": -84.521626729999994
      }
    },
    {
      "type": "Feature",
      "id": 1191,
      "geometry": {
        "type": "Point",
        "coordinates": [-84.52158481081581, 39.082424766822513]
      },
      "properties": {
        "OBJECTID": 1191,
        "Receiver": "B23604",
        "DU": null,
        "FrontRow": null,
        "Existing": 62.5,
        "Proposed": 72.3000031,
        "Impact": "Yes",
        "Barrier": 62.2000008,
        "Benefited": null,
        "ELEVATION": null,
        "Section": "NSAB",
        "Reduction": null,
        "x": null,
        "y": null,
        "MapSection": null,
        "Latitude": 39.08241726,
        "Longitude": -84.521580220000004
      }
    },
    {
      "type": "Feature",
      "id": 1192,
      "geometry": {
        "type": "Point",
        "coordinates": [-84.521555965943747, 39.082151302116138]
      },
      "properties": {
        "OBJECTID": 1192,
        "Receiver": "B23504",
        "DU": null,
        "FrontRow": null,
        "Existing": 62.5,
        "Proposed": 73.5999985,
        "Impact": "Yes",
        "Barrier": 63.4000015,
        "Benefited": null,
        "ELEVATION": null,
        "Section": "NSAB",
        "Reduction": null,
        "x": null,
        "y": null,
        "MapSection": null,
        "Latitude": 39.082143799999997,
        "Longitude": -84.521551380000005
      }
    },
    {
      "type": "Feature",
      "id": 1193,
      "geometry": {
        "type": "Point",
        "coordinates": [-84.521544753839706, 39.081876644671198]
      },
      "properties": {
        "OBJECTID": 1193,
        "Receiver": "B23404",
        "DU": null,
        "FrontRow": null,
        "Existing": 62.5,
        "Proposed": 75,
        "Impact": "Yes",
        "Barrier": 64.1999969,
        "Benefited": null,
        "ELEVATION": null,
        "Section": "NSAB",
        "Reduction": null,
        "x": null,
        "y": null,
        "MapSection": null,
        "Latitude": 39.081869140000002,
        "Longitude": -84.521540169999994
      }
    },
    {
      "type": "Feature",
      "id": 1194,
      "geometry": {
        "type": "Point",
        "coordinates": [-84.521485904013744, 39.081606989220212]
      },
      "properties": {
        "OBJECTID": 1194,
        "Receiver": "B23304",
        "DU": null,
        "FrontRow": null,
        "Existing": 62.5,
        "Proposed": 75.5,
        "Impact": "Yes",
        "Barrier": 64.8000031,
        "Benefited": null,
        "ELEVATION": null,
        "Section": "NSAB",
        "Reduction": null,
        "x": null,
        "y": null,
        "MapSection": null,
        "Latitude": 39.081599480000001,
        "Longitude": -84.521481320000007
      }
    },
    {
      "type": "Feature",
      "id": 1195,
      "geometry": {
        "type": "Point",
        "coordinates": [-84.521412944046446, 39.08133856251473]
      },
      "properties": {
        "OBJECTID": 1195,
        "Receiver": "B23204",
        "DU": null,
        "FrontRow": null,
        "Existing": 62.5,
        "Proposed": 75.0999985,
        "Impact": "Yes",
        "Barrier": 65.1999969,
        "Benefited": null,
        "ELEVATION": null,
        "Section": "NSAB",
        "Reduction": null,
        "x": null,
        "y": null,
        "MapSection": null,
        "Latitude": 39.081331059999997,
        "Longitude": -84.521408359999995
      }
    },
    {
      "type": "Feature",
      "id": 1196,
      "geometry": {
        "type": "Point",
        "coordinates": [-84.52134000781821, 39.081068762354953]
      },
      "properties": {
        "OBJECTID": 1196,
        "Receiver": "B23104",
        "DU": null,
        "FrontRow": null,
        "Existing": 62.5,
        "Proposed": 74.3000031,
        "Impact": "Yes",
        "Barrier": 64.8000031,
        "Benefited": null,
        "ELEVATION": null,
        "Section": "NSAB",
        "Reduction": null,
        "x": null,
        "y": null,
        "MapSection": null,
        "Latitude": 39.081061259999998,
        "Longitude": -84.52133542
      }
    },
    {
      "type": "Feature",
      "id": 1197,
      "geometry": {
        "type": "Point",
        "coordinates": [-84.52114969151188, 39.080866393723724]
      },
      "properties": {
        "OBJECTID": 1197,
        "Receiver": "B23004",
        "DU": null,
        "FrontRow": null,
        "Existing": 62.5,
        "Proposed": 70.3000031,
        "Impact": "Yes",
        "Barrier": 62.7999992,
        "Benefited": null,
        "ELEVATION": null,
        "Section": "NSAB",
        "Reduction": null,
        "x": null,
        "y": null,
        "MapSection": null,
        "Latitude": 39.080858890000002,
        "Longitude": -84.521145110000006
      }
    },
    {
      "type": "Feature",
      "id": 1198,
      "geometry": {
        "type": "Point",
        "coordinates": [-84.521034309503506, 39.080607139300035]
      },
      "properties": {
        "OBJECTID": 1198,
        "Receiver": "B22904",
        "DU": null,
        "FrontRow": null,
        "Existing": 62.5,
        "Proposed": 68.9000015,
        "Impact": "Yes",
        "Barrier": 62.5999985,
        "Benefited": null,
        "ELEVATION": null,
        "Section": "NSAB",
        "Reduction": null,
        "x": null,
        "y": null,
        "MapSection": null,
        "Latitude": 39.080599630000002,
        "Longitude": -84.521029720000001
      }
    },
    {
      "type": "Feature",
      "id": 1199,
      "geometry": {
        "type": "Point",
        "coordinates": [-84.520924234190019, 39.080346567389491]
      },
      "properties": {
        "OBJECTID": 1199,
        "Receiver": "B22804",
        "DU": null,
        "FrontRow": null,
        "Existing": 62.5,
        "Proposed": 66.9000015,
        "Impact": "Yes",
        "Barrier": 62,
        "Benefited": null,
        "ELEVATION": null,
        "Section": "NSAB",
        "Reduction": null,
        "x": null,
        "y": null,
        "MapSection": null,
        "Latitude": 39.08033906,
        "Longitude": -84.520919649999996
      }
    },
    {
      "type": "Feature",
      "id": 1200,
      "geometry": {
        "type": "Point",
        "coordinates": [-84.522098906337504, 39.085596554928891]
      },
      "properties": {
        "OBJECTID": 1200,
        "Receiver": "A00216-F",
        "DU": null,
        "FrontRow": null,
        "Existing": 74,
        "Proposed": 69.6999969,
        "Impact": "Yes",
        "Barrier": 63,
        "Benefited": null,
        "ELEVATION": null,
        "Section": "NSAA",
        "Reduction": null,
        "x": null,
        "y": null,
        "MapSection": null,
        "Latitude": 39.085589050000003,
        "Longitude": -84.522094319999994
      }
    },
    {
      "type": "Feature",
      "id": 1201,
      "geometry": {
        "type": "Point",
        "coordinates": [-84.520859527785419, 39.087983828785589]
      },
      "properties": {
        "OBJECTID": 1201,
        "Receiver": "A00104",
        "DU": null,
        "FrontRow": null,
        "Existing": 67.5,
        "Proposed": 66.1999969,
        "Impact": "Yes",
        "Barrier": 63.7999992,
        "Benefited": null,
        "ELEVATION": null,
        "Section": "NSAA",
        "Reduction": null,
        "x": null,
        "y": null,
        "MapSection": null,
        "Latitude": 39.087976320000003,
        "Longitude": -84.520854940000007
      }
    },
    {
      "type": "Feature",
      "id": 1202,
      "geometry": {
        "type": "Point",
        "coordinates": [-84.549575939325621, 39.052457482272864]
      },
      "properties": {
        "OBJECTID": 1202,
        "Receiver": "R905",
        "DU": null,
        "FrontRow": null,
        "Existing": 69.6999969,
        "Proposed": 73,
        "Impact": "Yes",
        "Barrier": 64.0999985,
        "Benefited": "Yes",
        "ELEVATION": null,
        "Section": "B16",
        "Reduction": 8.9000000000000004,
        "x": null,
        "y": null,
        "MapSection": "B16B",
        "Latitude": 39.052449979999999,
        "Longitude": -84.549571349999994
      }
    }
  ]
}
